legacy_url,target_path,type,source_status,migration_decision,publish_on_new_site,redirect_required
"https://people.utm.my/murtadha/teaching/","/teaching/",page,publish,migrate-current-page,yes,host-only
"https://people.utm.my/murtadha/consultancy-industry-engagement/","/consultancy-industry-engagement/",page,publish,migrate-current-page,yes,host-only
"https://people.utm.my/murtadha/other-publications/","/other-publications/",page,publish,migrate-current-page,yes,host-only
"https://people.utm.my/murtadha/verified-non-indexed-publications/","/verified-non-indexed-publications/",page,publish,migrate-current-page,yes,host-only
"https://people.utm.my/murtadha/scopus-indexed-publications/","/scopus-indexed-publications/",page,publish,migrate-current-page,yes,host-only
"https://people.utm.my/murtadha/web-of-science-indexed-publications/","/web-of-science-indexed-publications/",page,publish,migrate-current-page,yes,host-only
"https://people.utm.my/murtadha/publications/","/publications/",page,publish,migrate-current-page,yes,host-only
"https://people.utm.my/murtadha/","/",page,publish,migrate-current-page,yes,host-only
"https://people.utm.my/murtadha/events/my-bookings/","",page,publish,exclude-legacy-page,no,no
"https://people.utm.my/murtadha/events/tags/","",page,publish,exclude-legacy-page,no,no
"https://people.utm.my/murtadha/events/categories/","",page,publish,exclude-legacy-page,no,no
"https://people.utm.my/murtadha/events/locations/","",page,publish,exclude-legacy-page,no,no
"https://people.utm.my/murtadha/events/","",page,publish,exclude-legacy-page,no,no
"https://people.utm.my/murtadha/photos/","",page,publish,exclude-legacy-page,no,no
"https://people.utm.my/murtadha/social-media/","/social-media/",page,publish,migrate-current-page,yes,host-only
"https://people.utm.my/murtadha/mcc2313-advanced-computer-architecture/","",page,publish,exclude-legacy-page,no,no
"https://people.utm.my/murtadha/other/","",page,publish,exclude-legacy-page,no,no
"https://people.utm.my/murtadha/undergraduate-final-year-projects/","",page,publish,exclude-legacy-page,no,no
"https://people.utm.my/murtadha/master-students/","",page,publish,exclude-legacy-page,no,no
"https://people.utm.my/murtadha/phd-students/","/phd-students/",page,publish,migrate-current-page,yes,host-only
"https://people.utm.my/murtadha/technical-reports-and-other-publications/","",page,publish,exclude-legacy-page,no,no
"https://people.utm.my/murtadha/books-and-book-chapters/","",page,publish,exclude-legacy-page,no,no
"https://people.utm.my/murtadha/conference-proceedings/","",page,publish,exclude-legacy-page,no,no
"https://people.utm.my/murtadha/journal-papers/","",page,publish,exclude-legacy-page,no,no
"https://people.utm.my/murtadha/intelectual-property/","",page,publish,exclude-legacy-page,no,no
"https://people.utm.my/murtadha/consultancies/","",page,publish,exclude-legacy-page,no,no
"https://people.utm.my/murtadha/completed-projects/","",page,publish,exclude-legacy-page,no,no
"https://people.utm.my/murtadha/current-projects/","",page,publish,exclude-legacy-page,no,no
"https://people.utm.my/murtadha/research-areasinterest/","/research-areasinterest/",page,publish,migrate-current-page,yes,host-only
"https://people.utm.my/murtadha/biography/","/biography/",page,publish,migrate-current-page,yes,host-only
"https://people.utm.my/murtadha/classes/","",page,publish,exclude-legacy-page,no,no
"https://people.utm.my/murtadha/current-semester/","",page,publish,exclude-legacy-page,no,no
"https://people.utm.my/murtadha/calendar/","",page,publish,exclude-legacy-page,no,no
"https://people.utm.my/murtadha/administrative/","",page,publish,exclude-legacy-page,no,no
"https://people.utm.my/murtadha/noteworthy-projects/","",page,publish,exclude-legacy-page,no,no
"https://people.utm.my/murtadha/cv/","/cv/",page,publish,migrate-current-page,yes,host-only
"https://people.utm.my/murtadha/2026/08/23/predicting-heritage-building-maintenance-priorities/","",post,publish,exclude-legacy-post,no,no
"https://people.utm.my/murtadha/2026/08/23/ai-powered-trust-prediction-for-manet-security/","",post,publish,exclude-legacy-post,no,no
"https://people.utm.my/murtadha/2026/08/23/utm-ascend-phd-scholarship/","",post,publish,exclude-legacy-post,no,no
"https://people.utm.my/murtadha/2024/01/21/riding-a-popularity-of-influencer/","",post,publish,exclude-legacy-post,no,no
"https://people.utm.my/murtadha/2023/05/11/7377/","",post,publish,exclude-legacy-post,no,no
"https://people.utm.my/murtadha/2017/12/14/one-person-followed-me-automatically-checked-by-httpst-coauzmnrtow3-20/","",post,publish,exclude-legacy-post,no,no
"https://people.utm.my/murtadha/2017/12/14/rt-eyeem-ramin-mazur-has-been-capturing-winter-in-moldova-and-the-results-are-beautiful-see-more-httpst-corle7twq7cx-httpst-cok8cooimo62/","",post,publish,exclude-legacy-post,no,no
"https://people.utm.my/murtadha/2017/12/14/rt-eyeem-the-wonderful-steffi-marla-is-hosting-a-3-day-takeover-on-our-ig-its-gonna-be-a-beauty-%e2%86%92-httpift-tt2l9uuzr-httpst-cobzcgi99vqz/","",post,publish,exclude-legacy-post,no,no
"https://people.utm.my/murtadha/2017/12/14/rt-techcrunch-twitter-adds-periscopes-live-videos-to-its-top-trends-httpst-cojy3ijntbat/","",post,publish,exclude-legacy-post,no,no
"https://people.utm.my/murtadha/2017/12/14/indoors-greencolor-nopeople-yellow-close-up-day-iphoneography-yellowbackground-greencolor-key-keyring-httpst-covwjivgumwc/","",post,publish,exclude-legacy-post,no,no
"https://people.utm.my/murtadha/2017/12/14/greencolor-yellow-nopeople-yellowbackground-close-up-day-iphoneography-textured-httpst-colszwvpy4bf/","",post,publish,exclude-legacy-post,no,no
"https://people.utm.my/murtadha/2017/12/14/greencolor-indoors-yellow-nopeople-indoors-pattern-textured-iphoneography-httpst-co2tjxuqwtpm/","",post,publish,exclude-legacy-post,no,no
"https://people.utm.my/murtadha/2017/12/14/iphoneography-textured-yellow-pattern-nopeople-indoors-close-up-day-httpst-coyg3pzytwjt/","",post,publish,exclude-legacy-post,no,no
"https://people.utm.my/murtadha/2017/12/14/blue-pattern-nopeople-indoors-yellow-close-up-day-iphoneography-indoors-textured-httpst-cogtq2km9uvi/","",post,publish,exclude-legacy-post,no,no
"https://people.utm.my/murtadha/2017/12/14/blue-pattern-nopeople-close-up-textured-indoors-day-iphoneography-httpst-cogficsnptnh/","",post,publish,exclude-legacy-post,no,no
"https://people.utm.my/murtadha/2017/12/14/gagasanjohor-portrait-portraitphotography-eyeemoninstagram-vsco-vscofilm-retail-fujifilm-httpst-colc2fd6um6j/","",post,publish,exclude-legacy-post,no,no
"https://people.utm.my/murtadha/2017/12/14/my-article-reached-20-reads-httpst-cosgarh8wiis-via-researchgate-4/","",post,publish,exclude-legacy-post,no,no
"https://people.utm.my/murtadha/2017/12/14/skybridge-architecture-architecturephotography-building-plants-green-gleneagles-medini-httpst-coviarm9luch/","",post,publish,exclude-legacy-post,no,no
"https://people.utm.my/murtadha/2017/12/14/rt-herr_mm-surprise-four-sales-today-with-the-eyeemmarket-thanks-to-eyeem-and-eyeemmarket-nice-start-for-the-end-of-th-httpst-courterqjfrq/","",post,publish,exclude-legacy-post,no,no
"https://people.utm.my/murtadha/2017/12/14/skybridge-transportation-greencolor-growth-nopeople-buildingexterior-day-city-architecture-outdoors-httpst-covzkedcuz35/","",post,publish,exclude-legacy-post,no,no
"https://people.utm.my/murtadha/2017/12/14/architecture-buildingexterior-builtstructure-tree-nopeople-outdoors-day-nature-skyscraper-modern-httpst-co61l6gidvet/","",post,publish,exclude-legacy-post,no,no
"https://people.utm.my/murtadha/2017/12/14/fullframe-backgrounds-red-abundance-close-up-nopeople-driedchillies-chili-chilipepper-marketstall-httpst-coxnqyv3jrvw/","",post,publish,exclude-legacy-post,no,no
"https://people.utm.my/murtadha/2017/12/14/red-redchilipepper-spice-foodanddrink-chilipepper-fullframe-forsale-food-freshness-market-vegetable-httpst-coqd3vdsqgpx/","",post,publish,exclude-legacy-post,no,no
"https://people.utm.my/murtadha/2017/12/14/sky-clouds-building-architecture-landscapephotography-architecturephotography-kota-httpst-co47n0amrpqt/","",post,publish,exclude-legacy-post,no,no
"https://people.utm.my/murtadha/2017/12/14/rt-eyeem-got-questions-about-landscape-photography-tweet-them-to-us-our-photo-curator-jonny-will-answer-them-in-an-upcomi-httpst-cobnv08uxktp/","",post,publish,exclude-legacy-post,no,no
"https://people.utm.my/murtadha/2017/12/14/tree-lowangleview-copyspace-blue-clearsky-growth-nature-beautyinnature-outdoors-treetop-nopeople-day-httpst-co9cimwds3a0/","",post,publish,exclude-legacy-post,no,no
"https://people.utm.my/murtadha/2017/12/14/tree-lowangleview-blue-clearsky-nature-growth-tranquility-beautyinnature-outdoors-day-nopeople-httpst-cogtd5fbfi6u/","",post,publish,exclude-legacy-post,no,no
"https://people.utm.my/murtadha/2017/12/14/rt-fujifeed-%e2%9c%8c%ef%b8%8f-introducing-fujifeed_prints-a-collection-of-limited-edition-fine-art-prints-numbered-httpst-cofj7adxxxio-httpst-conm50m0bda8/","",post,publish,exclude-legacy-post,no,no
"https://people.utm.my/murtadha/2017/12/14/rt-eyeem-anca-asmarandei-takes-a-new-twist-on-traditional-portraiture-with-her-imaginative-compositions-see-more-httpst-co6txfjwgevn/","",post,publish,exclude-legacy-post,no,no
"https://people.utm.my/murtadha/2017/12/14/portrait-portraitphotography-eyeemoninstagram-vsco-vscofilm-retail-fujifilm-fujifilmasia-httpst-coxlfm9hggjl/","",post,publish,exclude-legacy-post,no,no
"https://people.utm.my/murtadha/2017/12/14/portrait-portraitphotography-eyeemoninstagram-vsco-vscofilm-retail-fujifilm-fujifilmasia-httpst-coo3rpni6nvz/","",post,publish,exclude-legacy-post,no,no
"https://people.utm.my/murtadha/2017/12/14/portrait-portraitphotography-eyeemoninstagram-vsco-vscofilm-retail-fujifilm-fujifilmasia-httpst-coweiffbqeyv/","",post,publish,exclude-legacy-post,no,no
"https://people.utm.my/murtadha/2017/12/14/portrait-portraitphotography-eyeemoninstagram-vsco-vscofilm-retail-fujifilm-fujifilmasia-httpst-co1lcuv5dgvv/","",post,publish,exclude-legacy-post,no,no
"https://people.utm.my/murtadha/2017/12/14/4-people-followed-me-automatically-checked-by-httpst-coauzmnrtow3-3/","",post,publish,exclude-legacy-post,no,no
"https://people.utm.my/murtadha/2017/12/14/gagasanjohor-portrait-portraitphotography-eyeemoninstagram-vsco-vscofilm-retail-fujifilm-httpst-cocpkoyu9afj/","",post,publish,exclude-legacy-post,no,no
"https://people.utm.my/murtadha/2017/12/14/one-person-followed-me-and-2-people-unfollowed-me-automatically-checked-by-httpst-coauzmnrtow3-9/","",post,publish,exclude-legacy-post,no,no
"https://people.utm.my/murtadha/2017/12/14/portrait-portraitphotography-eyeemoninstagram-vsco-vscofilm-retail-fujifilm-fujifilmasia-httpst-cos53mensylb/","",post,publish,exclude-legacy-post,no,no
"https://people.utm.my/murtadha/2017/12/14/blue-clearsky-lowangleview-nature-nopeople-tree-tranquility-beautyinnature-outdoors-day-copyspace-httpst-coa1tpcugt3u/","",post,publish,exclude-legacy-post,no,no
"https://people.utm.my/murtadha/2017/12/14/lowangleview-blue-tree-nopeople-sky-clearsky-nature-outdoors-beautyinnature-moon-day-astronomy-httpst-cozwktd4gits/","",post,publish,exclude-legacy-post,no,no
"https://people.utm.my/murtadha/2017/12/14/i-just-sold-this-photo-on-eyeem-market-eyeempaid-httpst-coqsy7sltt1k/","",post,publish,exclude-legacy-post,no,no
"https://people.utm.my/murtadha/2017/12/14/i-just-sold-this-photo-on-eyeem-market-eyeempaid-httpst-co590jnfqsv5/","",post,publish,exclude-legacy-post,no,no
"https://people.utm.my/murtadha/2017/12/14/lifestyles-midsection-realpeople-oneperson-drink-leisureactivity-women-standing-indoors-men-lowsection-httpst-codqobeaqa3k/","",post,publish,exclude-legacy-post,no,no
"https://people.utm.my/murtadha/2017/12/14/transportation-modeoftransport-travel-train-vehicle-citylife-subwaytrain-adultsonly-men-realpeople-httpst-corkuf61wo1x/","",post,publish,exclude-legacy-post,no,no
"https://people.utm.my/murtadha/2017/12/14/thank-you-dideana-for-the-posed-portrait-portraitphotography-eyeemoninstagram-vsco-vscofilm-httpst-cosp2hkuqttu/","",post,publish,exclude-legacy-post,no,no
"https://people.utm.my/murtadha/2017/12/14/fulllength-communication-holding-standing-oneperson-wirelesstechnology-indoors-text-youngadult-httpst-cojrhjv1wymy/","",post,publish,exclude-legacy-post,no,no
"https://people.utm.my/murtadha/2017/12/14/fulllength-holding-standing-indoors-youngadult-people-adult-streetphotography-publictransportation-httpst-cowwikh2i07u/","",post,publish,exclude-legacy-post,no,no
"https://people.utm.my/murtadha/2017/12/14/sitting-women-communication-men-adult-lifestyles-wirelesstechnology-train-vehicle-train-blackandwhite-httpst-covwav1kqk72/","",post,publish,exclude-legacy-post,no,no
"https://people.utm.my/murtadha/2017/12/14/sitting-communication-lifestyles-relaxation-wirelesstechnology-casualclothing-friendship-indoors-httpst-cosyscbn9zhb/","",post,publish,exclude-legacy-post,no,no
"https://people.utm.my/murtadha/2017/12/14/realpeople-youngadult-oneperson-indoors-men-day-streetphotography-streetphotography-modeoftransport-httpst-coebhuwes9p2/","",post,publish,exclude-legacy-post,no,no
"https://people.utm.my/murtadha/2017/12/14/realpeople-lifestyles-indoors-oneperson-day-youngadult-racquet-badminton-train-train-vehicle-httpst-copsgmhzqsyw/","",post,publish,exclude-legacy-post,no,no
"https://people.utm.my/murtadha/2017/12/14/eye4photography-transportation-vehicleinterior-landvehicle-modeoftransport-publictransportation-httpst-cowyu2qduyci/","",post,publish,exclude-legacy-post,no,no
"https://people.utm.my/murtadha/2017/12/14/water-blue-swimmingpool-reflection-waterfront-nopeople-rippled-sea-outdoors-nature-day-swimming-httpst-coqm5tragncn/","",post,publish,exclude-legacy-post,no,no
"https://people.utm.my/murtadha/2017/12/14/eyeemmarket-thanks-forbidden-cityscape-architecture-sky-outdoors-nopeople-day-fame-httpst-cobffyfrqazv/","",post,publish,exclude-legacy-post,no,no
"https://people.utm.my/murtadha/2017/12/14/architecture-buildingexterior-builtstructure-city-skyscraper-modern-officebuilding-outdoors-day-httpst-copm9xmsxcid/","",post,publish,exclude-legacy-post,no,no
"https://people.utm.my/murtadha/2017/12/14/architecture-buildingexterior-builtstructure-nopeople-city-modern-apartment-outdoors-day-skyscraper-httpst-co8dis1bbnpw/","",post,publish,exclude-legacy-post,no,no
"https://people.utm.my/murtadha/2017/12/14/sitting-men-indoors-coffeeshop-women-twopeople-people-businessfinanceandindustry-streetphotography-httpst-cobnmm4oln2h/","",post,publish,exclude-legacy-post,no,no
"https://people.utm.my/murtadha/2017/12/14/onemanonly-onlymen-foodanddrink-oneperson-indoors-youngadult-men-lifestyles-sitting-fujifilm_xseries-httpst-comnc1zug5gf/","",post,publish,exclude-legacy-post,no,no
"https://people.utm.my/murtadha/2017/12/14/portrait-portraitphotography-eyeemoninstagram-vsco-vscofilm-retail-fujifilm-fujifilmasia-httpst-coaki52cssm6/","",post,publish,exclude-legacy-post,no,no
"https://people.utm.my/murtadha/2017/12/14/fujifilm-fujifilm_xseries-refreshment-headshot-foodanddrink-oneperson-indoors-bar-drinkestablishment-httpst-co9ijdcraadk/","",post,publish,exclude-legacy-post,no,no
"https://people.utm.my/murtadha/2017/12/14/portrait-portraitphotography-eyeemoninstagram-vsco-vscofilm-retail-fujifilm-fujifilmasia-httpst-cob8stcadysc/","",post,publish,exclude-legacy-post,no,no
"https://people.utm.my/murtadha/2017/12/14/thank-you-eunice-for-the-pose-portrait-portraitphotography-eyeemoninstagram-vsco-vscofilm-httpst-cosycvpf3czd/","",post,publish,exclude-legacy-post,no,no
"https://people.utm.my/murtadha/2017/12/14/check-out-this-photo-by-m-o-h-d-m-u-r-t-a-d-h-a-at-httpst-cofqyjumljzn-via-eyeem/","",post,publish,exclude-legacy-post,no,no
"https://people.utm.my/murtadha/2017/12/14/portrait-portraitphotography-eyeemoninstagram-vsco-vscofilm-retail-fujifilm-fujifilmasia-httpst-cotisp7hwuou/","",post,publish,exclude-legacy-post,no,no
"https://people.utm.my/murtadha/2017/12/14/4-people-followed-me-and-one-person-unfollowed-me-automatically-checked-by-httpst-coauzmnrtow3-4/","",post,publish,exclude-legacy-post,no,no
"https://people.utm.my/murtadha/2017/12/14/greencolor-holding-realpeople-humanbodypart-humanhand-foodanddrink-oneperson-healthyeating-lifestyles-httpst-cocmwlzfaza2/","",post,publish,exclude-legacy-post,no,no
"https://people.utm.my/murtadha/2017/12/14/humanhand-greencolor-humanbodypart-holding-realpeople-oneperson-close-up-foodanddrink-httpst-coo7zrmay2py/","",post,publish,exclude-legacy-post,no,no
"https://people.utm.my/murtadha/2017/12/14/portrait-portraitphotography-eyeemoninstagram-vsco-vscofilm-retail-fujifilm-fujifilmasia-httpst-co3ys6imkbeh/","",post,publish,exclude-legacy-post,no,no
"https://people.utm.my/murtadha/2017/12/14/portrait-portraitphotography-eyeemoninstagram-vsco-vscofilm-retail-fujifilm-fujifilmasia-httpst-co7kbz0zexr8/","",post,publish,exclude-legacy-post,no,no
"https://people.utm.my/murtadha/2017/12/14/portrait-portraitphotography-eyeemoninstagram-vsco-vscofilm-retail-fujifilm-fujifilmasia-httpst-copd8kcpxloz/","",post,publish,exclude-legacy-post,no,no
"https://people.utm.my/murtadha/2017/12/14/i-just-scored-3-50-out-of-5-on-the-photography-certification-on-upwork-upwork-httpst-cohomg5iiiah/","",post,publish,exclude-legacy-post,no,no
"https://people.utm.my/murtadha/2017/12/14/2-people-followed-me-automatically-checked-by-httpst-coauzmnrtow3-10/","",post,publish,exclude-legacy-post,no,no
"https://people.utm.my/murtadha/2017/12/14/pagi-reflection-windows-portrait-portraitphotography-eyeemoninstagram-vsco-vscofilm-httpst-coltmsm3f54q/","",post,publish,exclude-legacy-post,no,no
"https://people.utm.my/murtadha/2017/12/14/shredcows-photo-httpst-cokpqqbc2shu/","",post,publish,exclude-legacy-post,no,no
"https://people.utm.my/murtadha/2017/12/14/4-people-followed-me-automatically-checked-by-httpst-coauzmnrtow3-2/","",post,publish,exclude-legacy-post,no,no
"https://people.utm.my/murtadha/2017/12/14/pagi-boss-portrait-portraitphotography-eyeemoninstagram-vsco-vscofilm-retail-fujifilm-httpst-coeu3wzvg0ss/","",post,publish,exclude-legacy-post,no,no
"https://people.utm.my/murtadha/2017/12/14/fujicamerasauss-photo-httpst-cownunvswg6o/","",post,publish,exclude-legacy-post,no,no
"https://people.utm.my/murtadha/2017/12/14/selamat-petang-portrait-portraitphotography-eyeemoninstagram-vsco-vscofilm-retail-httpst-co66j9alpcyx/","",post,publish,exclude-legacy-post,no,no
"https://people.utm.my/murtadha/2017/12/14/portrait-portraitphotography-eyeemoninstagram-vsco-vscofilm-retail-fujifilm-fujifilmasia-httpst-cotlzw7b0f4o/","",post,publish,exclude-legacy-post,no,no
"https://people.utm.my/murtadha/2017/12/14/rt-eyeem-capture-around-the-for-our-new-mission-with-deutschewelle-httpst-cohey6qcc2oq-httpst-cod7qix9uiw5/","",post,publish,exclude-legacy-post,no,no
"https://people.utm.my/murtadha/2017/12/14/portrait-portraitphotography-eyeemoninstagram-vsco-vscofilm-retail-fujifilm-fujifilmasia-httpst-colvystdkxjw/","",post,publish,exclude-legacy-post,no,no
"https://people.utm.my/murtadha/2017/12/14/2-people-followed-me-and-one-person-unfollowed-me-automatically-checked-by-httpst-coauzmnrtow3-10/","",post,publish,exclude-legacy-post,no,no
"https://people.utm.my/murtadha/2017/12/14/selamat-hari-wanita-portrait-portraitphotography-eyeemoninstagram-vsco-vscofilm-retail-httpst-co5hihscve9v/","",post,publish,exclude-legacy-post,no,no
"https://people.utm.my/murtadha/2017/12/14/morning-boss-portrait-portraitphotography-eyeemoninstagram-vsco-vscofilm-retail-fujifilm-httpst-co15je6v6dos/","",post,publish,exclude-legacy-post,no,no
"https://people.utm.my/murtadha/2017/12/14/hello-dah-tido-ka-portrait-portraitphotography-eyeemoninstagram-vsco-vscofilm-retail-httpst-cojixkmaslpg/","",post,publish,exclude-legacy-post,no,no
"https://people.utm.my/murtadha/2017/12/14/is-eyeem-ok-httpst-co5mjnrz4glu/","",post,publish,exclude-legacy-post,no,no
"https://people.utm.my/murtadha/2017/12/14/terribly-slow-to-access-eyeem/","",post,publish,exclude-legacy-post,no,no
"https://people.utm.my/murtadha/2017/12/14/httpst-cou8dqzpcl55/","",post,publish,exclude-legacy-post,no,no
"https://people.utm.my/murtadha/2017/12/14/2-people-followed-me-and-one-person-unfollowed-me-automatically-checked-by-httpst-coauzmnrtow3-11/","",post,publish,exclude-legacy-post,no,no
"https://people.utm.my/murtadha/2017/12/14/2-people-followed-me-automatically-checked-by-httpst-coauzmnrtow3-9/","",post,publish,exclude-legacy-post,no,no
"https://people.utm.my/murtadha/2017/12/14/portrait-portraitphotography-eyeemoninstagram-vsco-vscofilm-retail-fujifilm-fujifilmasia-httpst-co0catjbgn6w/","",post,publish,exclude-legacy-post,no,no
"https://people.utm.my/murtadha/2017/12/14/what-is-the-worlds-most-beautiful-handwriting-by-grghimal247-httpst-coizpbaopnsl/","",post,publish,exclude-legacy-post,no,no
"https://people.utm.my/murtadha/2017/12/14/pagi-boss-portrait-portraitphotography-eyeemoninstagram-vsco-vscofilm-retail-fujifilm-httpst-coziosoggfby/","",post,publish,exclude-legacy-post,no,no
"https://people.utm.my/murtadha/2017/12/14/portrait-portraitphotography-eyeemoninstagram-vsco-vscofilm-retail-fujifilm-fujifilmasia-httpst-co9rrowya04t/","",post,publish,exclude-legacy-post,no,no
"https://people.utm.my/murtadha/2017/12/14/streetphotography-street-streetwear-reflection-windows-portrait-portraitphotography-httpst-cobqywswkjlo/","",post,publish,exclude-legacy-post,no,no
"https://people.utm.my/murtadha/2017/12/14/one-person-followed-me-and-2-people-unfollowed-me-automatically-checked-by-httpst-coauzmnrtow3-8/","",post,publish,exclude-legacy-post,no,no
"https://people.utm.my/murtadha/2017/12/14/is-watermarking-a-solution-httpst-co1l5dd6xou8/","",post,publish,exclude-legacy-post,no,no
"https://people.utm.my/murtadha/2017/12/14/2-people-followed-me-automatically-checked-by-httpst-coauzmnrtow3-8/","",post,publish,exclude-legacy-post,no,no
"https://people.utm.my/murtadha/2017/12/14/morning-portrait-portraitphotography-eyeemoninstagram-vsco-vscofilm-retail-fujifilm-httpst-coomsryycl0j/","",post,publish,exclude-legacy-post,no,no
"https://people.utm.my/murtadha/2017/12/14/music-artscultureandentertainment-playing-sitting-musicalinstrument-musician-pluckinganinstrument-indoors-httpst-cojzzltio73u/","",post,publish,exclude-legacy-post,no,no
"https://people.utm.my/murtadha/2017/12/14/portrait-portraitphotography-eyeemoninstagram-vsco-vscofilm-retail-fujifilm-fujifilmasia-httpst-cot49jnkuf9r/","",post,publish,exclude-legacy-post,no,no
"https://people.utm.my/murtadha/2017/12/14/onemanonly-adultsonly-onlymen-men-oneperson-people-adult-businessfinanceandindustry-citylife-httpst-co2rn6dubj8b/","",post,publish,exclude-legacy-post,no,no
"https://people.utm.my/murtadha/2017/12/14/pianomoments-men-adultsonly-twopeople-businessfinanceandindustry-adult-onlymen-people-working-indoors-httpst-coegkpnxvu7x/","",post,publish,exclude-legacy-post,no,no
"https://people.utm.my/murtadha/2017/12/14/2-people-followed-me-and-one-person-unfollowed-me-automatically-checked-by-httpst-coauzmnrtow3-9/","",post,publish,exclude-legacy-post,no,no
"https://people.utm.my/murtadha/2017/12/14/tree-baretree-nature-field-sunset-beautyinnature-nopeople-tranquility-clearsky-outdoors-ruralscene-httpst-co71zonv0low/","",post,publish,exclude-legacy-post,no,no
"https://people.utm.my/murtadha/2017/12/14/tree-sunset-nature-nopeople-beautyinnature-tranquility-sky-tranquilscene-outdoors-baretree-silhouette-httpst-corork901a0k/","",post,publish,exclude-legacy-post,no,no
"https://people.utm.my/murtadha/2017/12/14/lost-in-translation-portrait-portraitphotography-eyeemoninstagram-vsco-vscofilm-retail-httpst-cocivmbv9cbf/","",post,publish,exclude-legacy-post,no,no
"https://people.utm.my/murtadha/2017/12/14/streetphotography-street-streetwear-reflection-windows-portrait-portraitphotography-httpst-co0xsne7ii8x-2/","",post,publish,exclude-legacy-post,no,no
"https://people.utm.my/murtadha/2017/12/14/portrait-portraitphotography-eyeemoninstagram-vsco-vscofilm-retail-fujifilm-fujifilmasia-httpst-conayhseetu1/","",post,publish,exclude-legacy-post,no,no
"https://people.utm.my/murtadha/2017/12/14/homeinterior-luxury-indoors-architecture-nopeople-cushion-homeshowcaseinterior-pillow-httpst-cocqc1q2itw7/","",post,publish,exclude-legacy-post,no,no
"https://people.utm.my/murtadha/2017/12/14/abundance-largegroupofobjects-fullframe-food-foodanddrink-backgrounds-nopeople-close-up-day-outdoors-httpst-coajy3oilvmu/","",post,publish,exclude-legacy-post,no,no
"https://people.utm.my/murtadha/2017/12/14/largegroupofobjects-fullframe-backgrounds-nopeople-indoors-day-repetition-pattern-close-up-arrangement-httpst-cob43xh1cmkr/","",post,publish,exclude-legacy-post,no,no
"https://people.utm.my/murtadha/2017/12/14/fullframe-largegroupofobjects-backgrounds-abundance-variation-inarow-choice-nopeople-arrangement-httpst-coq3cmuyetsq/","",post,publish,exclude-legacy-post,no,no
"https://people.utm.my/murtadha/2017/12/14/remembering-the-roots-of-the-university-httpst-colcblil1hlg/","",post,publish,exclude-legacy-post,no,no
"https://people.utm.my/murtadha/2017/12/14/portrait-portraitphotography-eyeemoninstagram-vsco-vscofilm-retail-fujifilm-fujifilmasia-httpst-couzbumogqnv/","",post,publish,exclude-legacy-post,no,no
"https://people.utm.my/murtadha/2017/12/14/check-out-new-work-on-my-behance-portfolio-interior-photoshoot-on-forest-city-malaysia-housing-httpst-cowgg2hvehbx/","",post,publish,exclude-legacy-post,no,no
"https://people.utm.my/murtadha/2017/12/14/millennialpink-mobilephone-wirelesstechnology-portableinformationdevice-smartphone-communication-httpst-cour2slmbrlq/","",post,publish,exclude-legacy-post,no,no
"https://people.utm.my/murtadha/2017/12/14/millennialpink-red-backgrounds-pattern-fullframe-textured-close-up-nopeople-day-httpst-cobzibxcen5p/","",post,publish,exclude-legacy-post,no,no
"https://people.utm.my/murtadha/2017/12/14/millennialpink-red-multicolored-nopeople-indoors-close-up-day-httpst-coejkqzgt1fb/","",post,publish,exclude-legacy-post,no,no
"https://people.utm.my/murtadha/2017/12/14/portrait-portraitphotography-eyeemoninstagram-vsco-vscofilm-retail-fujifilm-fujifilmasia-httpst-cout3zptnguo/","",post,publish,exclude-legacy-post,no,no
"https://people.utm.my/murtadha/2017/12/14/4-people-followed-me-and-one-person-unfollowed-me-automatically-checked-by-httpst-coauzmnrtow3-3/","",post,publish,exclude-legacy-post,no,no
"https://people.utm.my/murtadha/2017/12/14/window-sofa-indoors-livingroom-homeinterior-chair-technology-nopeople-illuminated-homeshowcaseinterior-httpst-cooeuafnxydm/","",post,publish,exclude-legacy-post,no,no
"https://people.utm.my/murtadha/2017/12/14/pattern-indoors-fullframe-nopeople-close-up-day-fujifilmx-t10-fujifilm-fujifilm_xseries-antique-httpst-comdrudhdgkc/","",post,publish,exclude-legacy-post,no,no
"https://people.utm.my/murtadha/2017/12/14/drinkingglass-table-drink-refreshment-beer-alcohol-focusonforeground-close-up-frothydrink-freshness-httpst-coih9ekcqpha/","",post,publish,exclude-legacy-post,no,no
"https://people.utm.my/murtadha/2017/12/14/drink-drinkingglass-table-focusonforeground-refreshment-close-up-foodanddrink-indoors-freshness-httpst-cozjbn17i9ds/","",post,publish,exclude-legacy-post,no,no
"https://people.utm.my/murtadha/2017/12/14/drink-foodanddrink-refreshment-focusonforeground-drinkingglass-close-up-indoors-nopeople-table-httpst-cok74t7iyrps/","",post,publish,exclude-legacy-post,no,no
"https://people.utm.my/murtadha/2017/12/14/jukebox-nopeople-indoors-technology-gauge-day-fujifilmx-t10-fujifilm-fujifilm_xseries-indoors-httpst-co3pvnfeslhc/","",post,publish,exclude-legacy-post,no,no
"https://people.utm.my/murtadha/2017/12/14/deal-or-no-deal-rearview-twopeople-day-women-outdoors-adultsonly-youngwomen-people-youngadult-adult-httpst-cogrpglzhezj/","",post,publish,exclude-legacy-post,no,no
"https://people.utm.my/murtadha/2017/12/14/streetphotography-realpeople-focusonforeground-lifestyles-oneperson-leisureactivity-midsection-standing-httpst-covuxgaeqqtv/","",post,publish,exclude-legacy-post,no,no
"https://people.utm.my/murtadha/2017/12/14/traininterior-oneperson-onlywomen-onewomanonly-youngwomen-holding-technology-headshot-youngadult-httpst-coebof2ncuyg/","",post,publish,exclude-legacy-post,no,no
"https://people.utm.my/murtadha/2017/12/14/onewomanonly-onlywomen-oneperson-oneyoungwomanonly-adultsonly-youngwomen-youngadult-longhair-women-httpst-co64ivzsiwsm/","",post,publish,exclude-legacy-post,no,no
"https://people.utm.my/murtadha/2017/12/14/fujifilmx-t10-travel-transportation-youngadult-passenger-adultsonly-youngwomen-subwaytrain-eyeglasses-httpst-coybqjlsddkr/","",post,publish,exclude-legacy-post,no,no
"https://people.utm.my/murtadha/2017/12/14/twopeople-travel-transportation-youngwomen-women-friendship-onlywomen-adultsonly-youngadult-subwaytrain-httpst-coykfwggfkoh/","",post,publish,exclude-legacy-post,no,no
"https://people.utm.my/murtadha/2017/12/14/millennialpink-fujifilmx-t10-twopeople-fujifilm-fujifilm_xseries-streetphotography-httpst-co4kamxypuct/","",post,publish,exclude-legacy-post,no,no
"https://people.utm.my/murtadha/2017/12/14/millennialpink-twopeople-wirelesstechnology-youngwomen-youngadult-mobilephone-women-communication-httpst-co8g90yaa9pi/","",post,publish,exclude-legacy-post,no,no
"https://people.utm.my/murtadha/2017/12/14/millennialpink-twopeople-youngwomen-youngadult-hijab-communication-lifestyles-indoors-archival-httpst-conaoxy2qbgo/","",post,publish,exclude-legacy-post,no,no
"https://people.utm.my/murtadha/2017/12/14/text-old-fashioned-nopeople-communication-close-up-day-outdoors-text-number-old-fashioned-retrostyled-httpst-coamca3hi9eu/","",post,publish,exclude-legacy-post,no,no
"https://people.utm.my/murtadha/2017/12/14/close-up-foodanddrink-metal-indoors-nopeople-technology-day-miniature-musicbox-music-jukebox-httpst-cogdzwxpigul/","",post,publish,exclude-legacy-post,no,no
"https://people.utm.my/murtadha/2017/12/14/text-communication-close-up-number-old-fashioned-technology-indoors-nopeople-day-old-fashioned-httpst-coj2rlxhf3z3/","",post,publish,exclude-legacy-post,no,no
"https://people.utm.my/murtadha/2017/12/14/3-people-followed-me-and-2-people-unfollowed-me-automatically-checked-by-httpst-coauzmnrtow3/","",post,publish,exclude-legacy-post,no,no
"https://people.utm.my/murtadha/2017/12/14/ot-portrait-portraitphotography-eyeemoninstagram-vsco-vscofilm-retail-fujifilm-httpst-cos3kfgp5fi0/","",post,publish,exclude-legacy-post,no,no
"https://people.utm.my/murtadha/2017/12/14/streetwear-reflection-windows-portrait-portraitphotography-eyeemoninstagram-vsco-httpst-col8yie7f17x/","",post,publish,exclude-legacy-post,no,no
"https://people.utm.my/murtadha/2017/12/14/portrait-portraitphotography-eyeemoninstagram-vsco-vscofilm-retail-fujifilm-fujifilmasia-httpst-cokoz3mqgixo/","",post,publish,exclude-legacy-post,no,no
"https://people.utm.my/murtadha/2017/12/14/happy-weekend-streetphotography-street-streetwear-reflection-windows-portrait-httpst-co28irjxnnpu/","",post,publish,exclude-legacy-post,no,no
"https://people.utm.my/murtadha/2017/12/14/education-and-the-public-good-httpst-coiekpljvj5b/","",post,publish,exclude-legacy-post,no,no
"https://people.utm.my/murtadha/2017/12/14/3-people-followed-me-and-5-people-unfollowed-me-automatically-checked-by-httpst-coauzmnrtow3/","",post,publish,exclude-legacy-post,no,no
"https://people.utm.my/murtadha/2017/12/14/morning-folks-streetphotography-street-streetwear-reflection-windows-portrait-httpst-co9sek3l55hu/","",post,publish,exclude-legacy-post,no,no
"https://people.utm.my/murtadha/2017/12/14/6-people-followed-me-and-2-people-unfollowed-me-automatically-checked-by-httpst-coauzmnrtow3/","",post,publish,exclude-legacy-post,no,no
"https://people.utm.my/murtadha/2017/12/14/how-to-stand-out-among-2-6-billion-photographers-httpst-conkypoga5ec/","",post,publish,exclude-legacy-post,no,no
"https://people.utm.my/murtadha/2017/12/14/portrait-portraitphotography-eyeemoninstagram-vsco-vscofilm-retail-fujifilm-fujifilmasia-httpst-coxp5j2q1bil/","",post,publish,exclude-legacy-post,no,no
"https://people.utm.my/murtadha/2017/12/14/portrait-portraitphotography-eyeemoninstagram-vsco-vscofilm-retail-fujifilm-fujifilmasia-httpst-co0e8hcikt67/","",post,publish,exclude-legacy-post,no,no
"https://people.utm.my/murtadha/2017/12/14/close-up-indoors-nopeople-musicalequipment-musicalinstrument-day-metal-indoors-technology-miniature-httpst-coak4vl1vpds/","",post,publish,exclude-legacy-post,no,no
"https://people.utm.my/murtadha/2017/12/14/rt-exponentialview-how-eyeem-uses-deep-learning-to-understand-aesthetic-qualities-in-images-httpst-coe9fnbqpzou-by-appughar-httpst-cojlbykirbj3/","",post,publish,exclude-legacy-post,no,no
"https://people.utm.my/murtadha/2017/12/14/looking-away-oneperson-realpeople-headshot-youngwomen-indoors-lifestyles-women-w-1-other-httpst-coxvomlmugsm/","",post,publish,exclude-legacy-post,no,no
"https://people.utm.my/murtadha/2017/12/14/portrait-portraitphotography-eyeemoninstagram-vsco-vscofilm-retail-fujifilm-fujifilmasia-httpst-cofszy3pav1j/","",post,publish,exclude-legacy-post,no,no
"https://people.utm.my/murtadha/2017/12/14/smile-youngwomen-oneperson-headshot-youngadult-realpeople-longhair-portrait-lookingatcamera-w-httpst-coowsh0c3mep/","",post,publish,exclude-legacy-post,no,no
"https://people.utm.my/murtadha/2017/12/14/experience-hong-kong-8-local-things-to-do-that-not-many-tourists-know-about-httpst-coumv3twlwh0/","",post,publish,exclude-legacy-post,no,no
"https://people.utm.my/murtadha/2017/12/14/rt-terribauman-can-you-do-these-jobs-as-shown-in-image-if-yes-then-please-visit-httpst-co2jbysjutal-please-retweet-httpst-coxlih4apgna/","",post,publish,exclude-legacy-post,no,no
"https://people.utm.my/murtadha/2017/12/14/3-people-followed-me-and-one-person-unfollowed-me-automatically-checked-by-httpst-coauzmnrtow3-6/","",post,publish,exclude-legacy-post,no,no
"https://people.utm.my/murtadha/2017/12/14/join-enchanting-trees-live-challenge-httpst-colxcts07ugh-gurushots/","",post,publish,exclude-legacy-post,no,no
"https://people.utm.my/murtadha/2017/12/14/join-sweeping-landscapes-live-challenge-httpst-coewivoscovz-gurushots/","",post,publish,exclude-legacy-post,no,no
"https://people.utm.my/murtadha/2017/12/14/join-negative-space-live-challenge-httpst-coum4tmbtq8n-gurushots/","",post,publish,exclude-legacy-post,no,no
"https://people.utm.my/murtadha/2017/12/14/join-piers-ports-live-challenge-httpst-cosi5f21cft4-gurushots/","",post,publish,exclude-legacy-post,no,no
"https://people.utm.my/murtadha/2017/12/14/join-centered-live-challenge-httpst-convlzzxc7hi-gurushots/","",post,publish,exclude-legacy-post,no,no
"https://people.utm.my/murtadha/2017/12/14/rt-eyeem-eyeemdiversity-read-all-about-it-here-%e2%86%92-httpst-coe0rrx1fscp-httpst-corxqnqmdla1/","",post,publish,exclude-legacy-post,no,no
"https://people.utm.my/murtadha/2017/12/14/join-long-exposure-live-challenge-httpst-coqfkqcuipog-gurushots/","",post,publish,exclude-legacy-post,no,no
"https://people.utm.my/murtadha/2017/12/14/join-shot-indoors-live-challenge-httpst-comy7jhposjw-gurushots/","",post,publish,exclude-legacy-post,no,no
"https://people.utm.my/murtadha/2017/12/14/join-newbie-of-the-month-live-challenge-httpst-coknrmtordey-gurushots/","",post,publish,exclude-legacy-post,no,no
"https://people.utm.my/murtadha/2017/12/14/httpst-coioiverdidm-gurushots/","",post,publish,exclude-legacy-post,no,no
"https://people.utm.my/murtadha/2017/12/14/3-people-unfollowed-me-automatically-checked-by-httpst-coauzmnrtow3-2/","",post,publish,exclude-legacy-post,no,no
"https://people.utm.my/murtadha/2017/12/14/a-girl-playing-congkak-in-a-malay-traditional-house-portrait-portraitphotography-httpst-corelzi1w1nv/","",post,publish,exclude-legacy-post,no,no
"https://people.utm.my/murtadha/2017/12/14/rt-eyeem-eyeemdiversity-preorder-eyeem-magazine-vol-v-now-%e2%86%92-httpst-co8lnha0ouaj-httpst-colojixfqetv/","",post,publish,exclude-legacy-post,no,no
"https://people.utm.my/murtadha/2017/12/14/welcometoblack-joe-flizzow-rapping-in-the-boxing-ring-oneperson-realpeople-leisureactivity-men-lifestyles-httpst-co6a7kk9v9wp/","",post,publish,exclude-legacy-post,no,no
"https://people.utm.my/murtadha/2017/12/14/everypixel-aesthetics-test-ask-neural-network-if-your-photo-is-good-or-not-httpst-cox56ggbnidk-via-everypixelcom/","",post,publish,exclude-legacy-post,no,no
"https://people.utm.my/murtadha/2017/12/14/httpst-covpbgyswpzz-gurushots/","",post,publish,exclude-legacy-post,no,no
"https://people.utm.my/murtadha/2017/12/14/join-create-a-frame-live-challenge-httpst-codgektclhi0-gurushots/","",post,publish,exclude-legacy-post,no,no
"https://people.utm.my/murtadha/2017/12/14/streetphotographyportrait-portraitphotography-eyeemoninstagram-vsco-vscofilm-retail-httpst-cohhlcvaltip/","",post,publish,exclude-legacy-post,no,no
"https://people.utm.my/murtadha/2017/12/14/one-person-followed-me-and-2-people-unfollowed-me-automatically-checked-by-httpst-coauzmnrtow3-7/","",post,publish,exclude-legacy-post,no,no
"https://people.utm.my/murtadha/2017/12/14/highangleview-outdoors-largegroupofobjects-nopeople-day-close-up-asphalt-nature-animalthemes-httpst-coxnn1jcndcb/","",post,publish,exclude-legacy-post,no,no
"https://people.utm.my/murtadha/2017/12/14/yellow-asphalt-textured-fullframe-backgrounds-nopeople-road-highangleview-day-outdoors-close-up-httpst-corm9hxv879k/","",post,publish,exclude-legacy-post,no,no
"https://people.utm.my/murtadha/2017/12/14/everypixel-aesthetics-test-ask-neural-network-if-your-photo-is-good-or-not-httpst-cocff2ypb0vs-via-everypixelcom/","",post,publish,exclude-legacy-post,no,no
"https://people.utm.my/murtadha/2017/12/14/httpst-cofquzpwpjo7-gurushots/","",post,publish,exclude-legacy-post,no,no
"https://people.utm.my/murtadha/2017/12/14/2-people-followed-me-and-one-person-unfollowed-me-automatically-checked-by-httpst-coauzmnrtow3-8/","",post,publish,exclude-legacy-post,no,no
"https://people.utm.my/murtadha/2017/12/14/the-striper-streetphotography-portrait-portaitphotography-eyeemoninstagram-retail-fujifilm-httpst-coes1mpypw5o/","",post,publish,exclude-legacy-post,no,no
"https://people.utm.my/murtadha/2017/12/14/rt-ameliamichaels-turn-your-mobile-into-money-making-mchine-httpst-cohkkdpbllqb-get-paid-for-testing-apps-rt-please-httpst-covso5vqiqv7-1/","",post,publish,exclude-legacy-post,no,no
"https://people.utm.my/murtadha/2017/12/14/lookingthroughwindow-standing-frontview-portrait-selfportrait-selfportrait-oneperson-indoors-youngadult-httpst-coxoiau6wqdo/","",post,publish,exclude-legacy-post,no,no
"https://people.utm.my/murtadha/2017/12/14/a-man-standing-realpeople-oneperson-window-indoors-lifestyles-youngadult-headshot-day-youngwomen-httpst-co6ddoahfygj/","",post,publish,exclude-legacy-post,no,no
"https://people.utm.my/murtadha/2017/12/14/a-man-standing-realpeople-oneperson-indoors-lookingthroughwindow-youngadult-standing-lifestyles-day-httpst-copygozm2hpt/","",post,publish,exclude-legacy-post,no,no
"https://people.utm.my/murtadha/2017/12/14/window-oneperson-realpeople-indoors-curtain-lookingthroughwindow-standing-lifestyles-day-youngadult-httpst-cob1sgbmb6qc/","",post,publish,exclude-legacy-post,no,no
"https://people.utm.my/murtadha/2017/12/14/a-man-standing-window-oneperson-realpeople-frontview-lookingthroughwindow-youngadult-indoors-portrait-httpst-coglwztfkgbg/","",post,publish,exclude-legacy-post,no,no
"https://people.utm.my/murtadha/2017/12/14/a-standing-man-window-contemplation-lookingthroughwindow-oneperson-youngadult-daydreaming-realpeople-httpst-codeewxo2vo2/","",post,publish,exclude-legacy-post,no,no
"https://people.utm.my/murtadha/2017/12/14/best-gila-shopping-di-11streetmy-11streetgilabest-11streetmy/","",post,publish,exclude-legacy-post,no,no
"https://people.utm.my/murtadha/2017/12/14/portrait-portraitphotography-eyeemoninstagram-vsco-vscofilm-retail-fujifilm-fujifilmasia-httpst-coqitxjlg8yk/","",post,publish,exclude-legacy-post,no,no
"https://people.utm.my/murtadha/2017/12/14/portrait-portraitphotography-eyeemoninstagram-vsco-vscofilm-retail-fujifilm-fujifilmasia-httpst-cojyke6b01tc/","",post,publish,exclude-legacy-post,no,no
"https://people.utm.my/murtadha/2017/12/14/portrait-portraitphotography-eyeemoninstagram-vsco-vscofilm-retail-fujifilm-fujifilmasia-httpst-co2cc7ffrclw/","",post,publish,exclude-legacy-post,no,no
"https://people.utm.my/murtadha/2017/12/14/last-man-standing-oneperson-headshot-youngadult-realpeople-onemanonly-outdoors-day-close-up-onlymen-httpst-cou8hq3kzfgw/","",post,publish,exclude-legacy-post,no,no
"https://people.utm.my/murtadha/2017/12/14/jkmkp1617-portrait-portraitphotography-eyeemoninstagram-vsco-vscofilm-retail-fujifilm-httpst-coecznaw1vyx/","",post,publish,exclude-legacy-post,no,no
"https://people.utm.my/murtadha/2017/12/14/people-playing-with-water-splashing-pets-motion-playing-domesticanimals-fun-water-realpeople-httpst-corcauaplezy/","",post,publish,exclude-legacy-post,no,no
"https://people.utm.my/murtadha/2017/12/14/one-person-followed-me-automatically-checked-by-httpst-coauzmnrtow3-18/","",post,publish,exclude-legacy-post,no,no
"https://people.utm.my/murtadha/2017/12/14/portrait-portraitphotography-eyeemoninstagram-vsco-vscofilm-retail-fujifilm-fujifilmasia-httpst-coqyrrn66pvg/","",post,publish,exclude-legacy-post,no,no
"https://people.utm.my/murtadha/2017/12/14/splashing-sport-motion-wet-water-competitivesport-leisureactivity-lifestyles-realpeople-competition-httpst-coysloktxqk8/","",post,publish,exclude-legacy-post,no,no
"https://people.utm.my/murtadha/2017/12/14/portrait-portraitphotography-eyeemoninstagram-vsco-vscofilm-retail-fujifilm-fujifilmasia-httpst-covvgjmwovac/","",post,publish,exclude-legacy-post,no,no
"https://people.utm.my/murtadha/2017/12/14/vaportrail-contrail-white-transportation-majestic-blue-speed-nopeople-day-nature-lowangleview-httpst-coomboqsnobd/","",post,publish,exclude-legacy-post,no,no
"https://people.utm.my/murtadha/2017/12/14/one-person-followed-me-automatically-checked-by-httpst-coauzmnrtow3-19/","",post,publish,exclude-legacy-post,no,no
"https://people.utm.my/murtadha/2017/12/14/berdarah-windows-portrait-portraitphotography-eyeemoninstagram-vsco-vscofilm-retail-httpst-coigemxqilgg/","",post,publish,exclude-legacy-post,no,no
"https://people.utm.my/murtadha/2017/12/14/portrait-portraitphotography-eyeemoninstagram-vsco-vscofilm-retail-fujifilm-fujifilmasia-httpst-colr405pciuo/","",post,publish,exclude-legacy-post,no,no
"https://people.utm.my/murtadha/2017/12/14/none-httpst-covuxnuwih4q/","",post,publish,exclude-legacy-post,no,no
"https://people.utm.my/murtadha/2017/12/14/syamel-fesko58-syamel-portrait-portraitphotography-eyeemoninstagram-vsco-vscofilm-retail-httpst-co9imbkngqfr/","",post,publish,exclude-legacy-post,no,no
"https://people.utm.my/murtadha/2017/12/14/2-people-followed-me-and-2-people-unfollowed-me-automatically-checked-by-httpst-coauzmnrtow3-3/","",post,publish,exclude-legacy-post,no,no
"https://people.utm.my/murtadha/2017/12/14/kucing-cat-domesticcat-pets-indoors-mammal-domesticanimals-feline-cat-animalthemes-oneanimal-whisker-httpst-copo7f34ckxc/","",post,publish,exclude-legacy-post,no,no
"https://people.utm.my/murtadha/2017/12/14/lady-in-hijab-realpeople-oneperson-childhood-eyesclosed-frontview-elementaryage-close-up-girls-httpst-coxmzvpyvj5v/","",post,publish,exclude-legacy-post,no,no
"https://people.utm.my/murtadha/2017/12/14/kompang-percussion-like-group-playing-music-for-malay-wedding-friendship-men-leisureactivity-sport-playing-httpst-cosvrjyabvik/","",post,publish,exclude-legacy-post,no,no
"https://people.utm.my/murtadha/2017/12/14/kompang-percussion-like-group-playing-music-for-malay-wedding-mediumgroupofpeople-togetherness-teamwork-men-httpst-cowr9mpqkny5/","",post,publish,exclude-legacy-post,no,no
"https://people.utm.my/murtadha/2017/12/14/everypixel-aesthetics-test-ask-neural-network-if-your-photo-is-good-or-not-httpst-coaffde59ljt-via-everypixelcom/","",post,publish,exclude-legacy-post,no,no
"https://people.utm.my/murtadha/2017/12/14/everypixel-aesthetics-test-ask-neural-network-if-your-photo-is-good-or-not-httpst-cowfsliworxs-via-everypixelcom/","",post,publish,exclude-legacy-post,no,no
"https://people.utm.my/murtadha/2017/12/14/portrait-portraitphotography-eyeemoninstagram-vsco-vscofilm-retail-fujifilm-fujifilmasia-httpst-cojd4vtgsqku/","",post,publish,exclude-legacy-post,no,no
"https://people.utm.my/murtadha/2017/12/14/one-person-followed-me-and-one-person-unfollowed-me-automatically-checked-by-httpst-coauzmnrtow3-12/","",post,publish,exclude-legacy-post,no,no
"https://people.utm.my/murtadha/2017/12/14/kucing-domesticcat-pets-domesticanimals-feline-animalthemes-mammal-whisker-oneanimal-lookingatcamera-httpst-cog2pexcad3w/","",post,publish,exclude-legacy-post,no,no
"https://people.utm.my/murtadha/2017/12/14/imovekerajaanjohor2017-pinewoodstudios-alongcham-yanasamsudin-pinewood-iskandar-malaysia-httpst-co5folnwnwfb/","",post,publish,exclude-legacy-post,no,no
"https://people.utm.my/murtadha/2017/12/14/kucing-cat-domesticcat-pets-feline-indoors-domesticanimals-mammal-animalthemes-oneanimal-httpst-coenud1rjtyo/","",post,publish,exclude-legacy-post,no,no
"https://people.utm.my/murtadha/2017/12/14/female-domesticcat-pets-domesticanimals-feline-mammal-animalthemes-cat-oneanimal-whisker-indoors-httpst-co1odueph3as/","",post,publish,exclude-legacy-post,no,no
"https://people.utm.my/murtadha/2017/12/14/kucing-cat-pets-domesticcat-domesticanimals-oneanimal-mammal-feline-animalthemes-indoors-whisker-httpst-coorz1fmpw4v/","",post,publish,exclude-legacy-post,no,no
"https://people.utm.my/murtadha/2017/12/14/kucing-cat-domesticcat-pets-domesticanimals-animalthemes-oneanimal-mammal-feline-indoors-homeinterior-httpst-coheheghyz0d/","",post,publish,exclude-legacy-post,no,no
"https://people.utm.my/murtadha/2017/12/14/one-person-followed-me-and-one-person-unfollowed-me-automatically-checked-by-httpst-coauzmnrtow3-11/","",post,publish,exclude-legacy-post,no,no
"https://people.utm.my/murtadha/2017/12/14/kompang-streetphotography-portrait-portraitphotography-eyeemoninstagram-vsco-vscofilm-httpst-copz2qiqstin/","",post,publish,exclude-legacy-post,no,no
"https://people.utm.my/murtadha/2017/12/14/12-free-lightroom-presets-for-fujifilm-x-series-made-by-samuel-zeller-zellersamuel-fujifeed-httpst-coyf17zqcgwh-via-sellfy/","",post,publish,exclude-legacy-post,no,no
"https://people.utm.my/murtadha/2017/12/14/reflection-windows-portrait-portraitphotography-eyeemoninstagram-vsco-vscofilm-retail-httpst-coqjiavau6bc/","",post,publish,exclude-legacy-post,no,no
"https://people.utm.my/murtadha/2017/12/14/keys-cabinet-nopeople-day-builtstructure-buildingexterior-architecture-indoors-greencolor-key-green-httpst-cowcoqqdxcnj/","",post,publish,exclude-legacy-post,no,no
"https://people.utm.my/murtadha/2017/12/14/keys-cabinet-yellow-day-nopeople-builtstructure-architecture-indoors-close-up-green-key-greencolor-httpst-co6uptn7dno5/","",post,publish,exclude-legacy-post,no,no
"https://people.utm.my/murtadha/2017/12/14/thearchitect-2017eyeemawards-architecture-illuminated-ceiling-lightingequipment-indoors-night-httpst-co9f7uf5dxui/","",post,publish,exclude-legacy-post,no,no
"https://people.utm.my/murtadha/2017/12/14/illuminated-ceiling-indoors-lightingequipment-lowangleview-nopeople-carpark-architecture-httpst-co0hdvyglisj/","",post,publish,exclude-legacy-post,no,no
"https://people.utm.my/murtadha/2017/12/14/nike-techportrait-portraitphotography-eyeemoninstagram-vsco-vscofilm-retail-fujifilm-httpst-coycwne8ylpw/","",post,publish,exclude-legacy-post,no,no
"https://people.utm.my/murtadha/2017/12/14/a-man-using-smartphone-oneperson-copyspace-realpeople-youngadult-lifestyles-standing-frontview-httpst-cob0xf04rhni/","",post,publish,exclude-legacy-post,no,no
"https://people.utm.my/murtadha/2017/12/14/oneperson-youngadult-portrait-standing-lookingatcamera-onemanonly-indoors-adultsonly-onlymen-day-adult-httpst-cokdl6ajdegd/","",post,publish,exclude-legacy-post,no,no
"https://people.utm.my/murtadha/2017/12/14/oneperson-youngadult-lookingatcamera-portrait-youngmen-frontview-studioshot-standing-realpeople-httpst-cobtk1jlbmue/","",post,publish,exclude-legacy-post,no,no
"https://people.utm.my/murtadha/2017/12/14/portrait-portraitphotography-eyeemoninstagram-vsco-vscofilm-retail-fujifilm-fujifilmasia-httpst-cotglzjcj22v/","",post,publish,exclude-legacy-post,no,no
"https://people.utm.my/murtadha/2017/12/14/3-people-followed-me-and-one-person-unfollowed-me-automatically-checked-by-httpst-coauzmnrtow3-5/","",post,publish,exclude-legacy-post,no,no
"https://people.utm.my/murtadha/2017/12/14/lauraivorras-photo-httpst-codhxsut9ymd/","",post,publish,exclude-legacy-post,no,no
"https://people.utm.my/murtadha/2017/12/14/my-article-reached-20-reads-httpst-coztancizhdb/","",post,publish,exclude-legacy-post,no,no
"https://people.utm.my/murtadha/2017/12/14/portrait-portraitphotography-eyeemoninstagram-vsco-vscofilm-retail-fujifilm-fujifilmasia-httpst-couym9r3qwkq/","",post,publish,exclude-legacy-post,no,no
"https://people.utm.my/murtadha/2017/12/14/a-man-read-a-letter-by-the-windows-eyeglasses-oneperson-technology-businessman-business-indoors-realpeople-httpst-co30afp8xzsn/","",post,publish,exclude-legacy-post,no,no
"https://people.utm.my/murtadha/2017/12/14/a-school-boy-and-a-medal-writing-oneperson-men-grass-onemanonly-outdoors-working-nature-occupation-day-httpst-coanyalya07j/","",post,publish,exclude-legacy-post,no,no
"https://people.utm.my/murtadha/2017/12/14/a-school-boy-grass-oneperson-casualclothing-highangleview-day-outdoors-leisureactivity-greencolor-men-httpst-co6vixk78yln/","",post,publish,exclude-legacy-post,no,no
"https://people.utm.my/murtadha/2017/12/14/car-transportation-landvehicle-modeoftransport-nopeople-day-outdoors-sky-httpst-cokdieywbey6/","",post,publish,exclude-legacy-post,no,no
"https://people.utm.my/murtadha/2017/12/14/car-transportation-landvehicle-modeoftransport-day-stationary-nopeople-outdoors-sky-httpst-cods7iznynq8/","",post,publish,exclude-legacy-post,no,no
"https://people.utm.my/murtadha/2017/12/14/mua-majahenna-portrait-portraitphotography-eyeemoninstagram-vsco-vscofilm-retail-httpst-co5jr0rzkfks/","",post,publish,exclude-legacy-post,no,no
"https://people.utm.my/murtadha/2017/12/14/spatial-correlation-based-feature-detection-httpst-coj5gxb4ciy8/","",post,publish,exclude-legacy-post,no,no
"https://people.utm.my/murtadha/2017/12/14/shafex-problem-checklist-httpst-corfnpvuts6x/","",post,publish,exclude-legacy-post,no,no
"https://people.utm.my/murtadha/2017/12/14/sky-cloud-sky-sunset-dramaticsky-nopeople-streetlight-silhouette-stormcloud-outdoors-scenics-httpst-coiort87hl0e/","",post,publish,exclude-legacy-post,no,no
"https://people.utm.my/murtadha/2017/12/14/sunset-sky-cloud-sky-dramaticsky-nopeople-scenics-outdoors-silhouette-nature-builtstructure-httpst-comxjf3kjxvo/","",post,publish,exclude-legacy-post,no,no
"https://people.utm.my/murtadha/2017/12/14/thearchitect-2017eyeemawards-sky-builtstructure-nopeople-architecture-nature-outdoors-sunset-technology-httpst-cojfzehchlpp/","",post,publish,exclude-legacy-post,no,no
"https://people.utm.my/murtadha/2017/12/14/thearchitect-2017eyeemawards-sky-nopeople-builtstructure-sunset-outdoors-nature-architecture-httpst-cog6qmob4bo7/","",post,publish,exclude-legacy-post,no,no
"https://people.utm.my/murtadha/2017/12/14/thearchitect-2017eyeemawards-kuala-lumpur-international-airport-2-klia2-httpst-couz2lq3pp3y/","",post,publish,exclude-legacy-post,no,no
"https://people.utm.my/murtadha/2017/12/14/thearchitect-2017eyeemawards-builtstructure-nopeople-architecture-sunset-buildingexterior-clearsky-sky-httpst-corg1hxpwzss/","",post,publish,exclude-legacy-post,no,no
"https://people.utm.my/murtadha/2017/12/14/3-people-followed-me-and-one-person-unfollowed-me-automatically-checked-by-httpst-coauzmnrtow3-4/","",post,publish,exclude-legacy-post,no,no
"https://people.utm.my/murtadha/2017/12/14/portrait-portraitphotography-eyeemoninstagram-vsco-vscofilm-retail-fujifilm-fujifilmasia-httpst-codkjjazhmfd/","",post,publish,exclude-legacy-post,no,no
"https://people.utm.my/murtadha/2017/12/14/portrait-portraitphotography-eyeemoninstagram-vsco-vscofilm-retail-fujifilm-fujifilmasia-httpst-cojuk43tffkf/","",post,publish,exclude-legacy-post,no,no
"https://people.utm.my/murtadha/2017/12/14/portrait-portraitphotography-eyeemoninstagram-vsco-vscofilm-retail-fujifilm-fujifilmasia-httpst-coafrndbeiux/","",post,publish,exclude-legacy-post,no,no
"https://people.utm.my/murtadha/2017/12/14/image-consultant-miesyayunus-mua-majahenna-portrait-portraitphotography-eyeemoninstagram-httpst-coacm5fm1ujd/","",post,publish,exclude-legacy-post,no,no
"https://people.utm.my/murtadha/2017/12/14/7-people-followed-me-and-one-person-unfollowed-me-automatically-checked-by-httpst-coauzmnrtow3/","",post,publish,exclude-legacy-post,no,no
"https://people.utm.my/murtadha/2017/12/14/mua-majahenna-portrait-portraitphotography-eyeemoninstagram-vsco-vscofilm-retail-httpst-cowtulfk2nzx/","",post,publish,exclude-legacy-post,no,no
"https://people.utm.my/murtadha/2017/12/14/mua-pailelot-and-image-consultant-miesyayunus-portrait-portraitphotography-eyeemoninstagram-httpst-covk5xygqkzp/","",post,publish,exclude-legacy-post,no,no
"https://people.utm.my/murtadha/2017/12/14/yesterday-eyeemoninstagram-eyeem-fujifilmxt10-fujifilm_xseries-sunset-httpst-comkf3fyh1al/","",post,publish,exclude-legacy-post,no,no
"https://people.utm.my/murtadha/2017/12/14/yesterday-sunset-nature-naturephotography-naturelovers-sun-clouds-sky-fujifilm_xseries-httpst-cobsuwadfkqb/","",post,publish,exclude-legacy-post,no,no
"https://people.utm.my/murtadha/2017/12/14/sunset-cloud-sky-sky-builtstructure-dramaticsky-architecture-buildingexterior-silhouette-nopeople-httpst-co04bq08rgxa/","",post,publish,exclude-legacy-post,no,no
"https://people.utm.my/murtadha/2017/12/14/reflection-windows-portrait-portraitphotography-eyeemoninstagram-vsco-vscofilm-retail-httpst-cokitpstuxva/","",post,publish,exclude-legacy-post,no,no
"https://people.utm.my/murtadha/2017/12/14/one-person-followed-me-and-2-people-unfollowed-me-automatically-checked-by-httpst-coauzmnrbn7t-3/","",post,publish,exclude-legacy-post,no,no
"https://people.utm.my/murtadha/2017/12/14/portrait-portraitphotography-eyeemoninstagram-vsco-vscofilm-retail-fujifilm-fujifilmasia-httpst-cojkduyodpoe/","",post,publish,exclude-legacy-post,no,no
"https://people.utm.my/murtadha/2017/12/14/reflection-windows-portrait-portraitphotography-eyeemoninstagram-vsco-vscofilm-retail-httpst-coewgu9abdur/","",post,publish,exclude-legacy-post,no,no
"https://people.utm.my/murtadha/2017/12/14/hullo-portrait-portraitphotography-eyeemoninstagram-vsco-vscofilm-retail-fujifilm-httpst-corskxmq3yip/","",post,publish,exclude-legacy-post,no,no
"https://people.utm.my/murtadha/2017/12/14/meet-the-pahang-teacher-who-bikes-135km-daily-to-teach-orang-asli-kids-httpst-cob9s428eay4-via-nst_online/","",post,publish,exclude-legacy-post,no,no
"https://people.utm.my/murtadha/2017/12/14/3-people-followed-me-and-3-people-unfollowed-me-automatically-checked-by-httpst-coauzmnrbn7t/","",post,publish,exclude-legacy-post,no,no
"https://people.utm.my/murtadha/2017/12/14/miesya-yunus-studio-for-studio-usage-kindly-dm-portrait-portraitphotography-httpst-co8rhkqbttdm/","",post,publish,exclude-legacy-post,no,no
"https://people.utm.my/murtadha/2017/12/14/httpst-coqj3nkbyjpt-httpst-coqj3nkbyjpt/","",post,publish,exclude-legacy-post,no,no
"https://people.utm.my/murtadha/2017/12/14/rt-eyeem-how-this-photographer-made-a-success-out-of-selling-photos-online-with-eyeem-market-%e2%86%92-httpst-coqzndfkuhly-httpst-coj3ocxwt5im/","",post,publish,exclude-legacy-post,no,no
"https://people.utm.my/murtadha/2017/12/14/this-was-so-phenomenal-located-at-klia-2-on-the-right-wing-towards-the-departure-hall-shot-httpst-co19cbcvgng0/","",post,publish,exclude-legacy-post,no,no
"https://people.utm.my/murtadha/2017/12/14/rt-ameliamichaels-get-paid-for-testing-mobile-apps-httpst-cohkkdpbllqb-make-money-by-using-smartphone-please-retweet-httpst-cotmoan10mlc-1/","",post,publish,exclude-legacy-post,no,no
"https://people.utm.my/murtadha/2017/12/14/3-people-unfollowed-me-automatically-checked-by-httpst-coauzmnrtow3/","",post,publish,exclude-legacy-post,no,no
"https://people.utm.my/murtadha/2017/12/14/streetphotography-streetphotographer-streetphoto-streetoftones-malaysia-kualalumpur-httpst-cory2bx7zyki/","",post,publish,exclude-legacy-post,no,no
"https://people.utm.my/murtadha/2017/12/14/reflection-windows-portrait-portraitphotography-eyeemoninstagram-vsco-vscofilm-retail-httpst-cofvvucixzyq/","",post,publish,exclude-legacy-post,no,no
"https://people.utm.my/murtadha/2017/12/14/one-person-followed-me-and-2-people-unfollowed-me-automatically-checked-by-httpst-coauzmnrtow3-6/","",post,publish,exclude-legacy-post,no,no
"https://people.utm.my/murtadha/2017/12/14/windows-portrait-portraitphotography-eyeemoninstagram-vsco-vscofilm-retail-fujifilm-httpst-cod588mnyot4/","",post,publish,exclude-legacy-post,no,no
"https://people.utm.my/murtadha/2017/12/14/talent-alxia_n-portrait-portraitphotography-eyeemoninstagram-vsco-vscofilm-retail-httpst-coozr11wr7cy/","",post,publish,exclude-legacy-post,no,no
"https://people.utm.my/murtadha/2017/12/14/one-person-followed-me-automatically-checked-by-httpst-coauzmnrtow3-17/","",post,publish,exclude-legacy-post,no,no
"https://people.utm.my/murtadha/2017/12/14/rt-mrdirector911-jaw-dropped-voldemort-origins-of-the-heir-httpst-cozfh8lcjoo1/","",post,publish,exclude-legacy-post,no,no
"https://people.utm.my/murtadha/2017/12/14/4-people-followed-me-and-one-person-unfollowed-me-automatically-checked-by-httpst-coauzmnrtow3-2/","",post,publish,exclude-legacy-post,no,no
"https://people.utm.my/murtadha/2017/12/14/talent-alxia_n-portrait-portraitphotography-eyeemoninstagram-vsco-vscofilm-retail-httpst-cofa0wdhpv8x/","",post,publish,exclude-legacy-post,no,no
"https://people.utm.my/murtadha/2017/12/14/talent-alxia_n-xf35mm-f1-4-at-1-4-13200s-iso-200-lr-portrait-portraitphotography-httpst-coztftlzeqkk/","",post,publish,exclude-legacy-post,no,no
"https://people.utm.my/murtadha/2017/12/14/3-people-followed-me-and-3-people-unfollowed-me-automatically-checked-by-httpst-coauzmnrtow3/","",post,publish,exclude-legacy-post,no,no
"https://people.utm.my/murtadha/2017/12/14/talent-alxia_n-portrait-portraitphotography-eyeemoninstagram-vsco-vscofilm-retail-httpst-cofen8kqwubj/","",post,publish,exclude-legacy-post,no,no
"https://people.utm.my/murtadha/2017/12/14/whitecolor-builtstructure-architecture-nopeople-day-buildingexterior-outdoors-close-up-blackandwhite-httpst-cogzz2l21rsi/","",post,publish,exclude-legacy-post,no,no
"https://people.utm.my/murtadha/2017/12/14/buildingexterior-architecture-builtstructure-nopeople-window-outdoors-whitewashed-day-byopaper-httpst-cod5wiizohzj/","",post,publish,exclude-legacy-post,no,no
"https://people.utm.my/murtadha/2017/12/14/architecture-builtstructure-buildingexterior-lowangleview-window-blue-sky-nopeople-outdoors-day-httpst-codmjjwajkvv/","",post,publish,exclude-legacy-post,no,no
"https://people.utm.my/murtadha/2017/12/14/builtstructure-buildingexterior-architecture-lowangleview-nopeople-roof-outdoors-sky-day-blue-clearsky-httpst-cos8wy6nw2li/","",post,publish,exclude-legacy-post,no,no
"https://people.utm.my/murtadha/2017/12/14/builtstructure-buildingexterior-architecture-lowangleview-nopeople-day-blue-outdoors-roof-sky-drying-httpst-cokdbeivh0ay/","",post,publish,exclude-legacy-post,no,no
"https://people.utm.my/murtadha/2017/12/14/architecture-builtstructure-buildingexterior-sky-lowangleview-nopeople-outdoors-day-byopaper-httpst-cois2esw8vx2/","",post,publish,exclude-legacy-post,no,no
"https://people.utm.my/murtadha/2017/12/14/rt-eyeem-cinematic-style-how-to-tell-a-story-in-every-frame-%e2%86%92-httpst-cokgfb5f0o2a/","",post,publish,exclude-legacy-post,no,no
"https://people.utm.my/murtadha/2017/12/14/transportation-car-landvehicle-day-modeoftransport-nopeople-outdoors-nature-close-up-tree-byopaper-httpst-co8joy8zv8lz/","",post,publish,exclude-legacy-post,no,no
"https://people.utm.my/murtadha/2017/12/14/transportation-realpeople-oneperson-day-water-outdoors-men-tree-nature-people-byopaper-blackandwhite-httpst-cowlajeuqsgf/","",post,publish,exclude-legacy-post,no,no
"https://people.utm.my/murtadha/2017/12/14/rt-eyeem-people-are-much-more-interesting-to-photograph-than-landscapes-get-to-know-photographer-rodrigo-vieira-%e2%86%92-httpst-cojmunrzbqgo/","",post,publish,exclude-legacy-post,no,no
"https://people.utm.my/murtadha/2017/12/14/fujifilmasia-fujifilm-fujifilmxt10-fujifeedstreet-streetphoto-streetphotography-httpst-co9sy913bp6s/","",post,publish,exclude-legacy-post,no,no
"https://people.utm.my/murtadha/2017/12/14/timelapse-timelapseart-timelapsevideo-timelapsecentral-video-clouds-cloudporn-cloud-sky-httpst-cot95j0poyrf/","",post,publish,exclude-legacy-post,no,no
"https://people.utm.my/murtadha/2017/12/14/streetphoto-streetwear-streetphotography-streetphotos-streets-streetphotograph-httpst-comz4au0gzhx/","",post,publish,exclude-legacy-post,no,no
"https://people.utm.my/murtadha/2017/12/14/streetphotography-streetfashion-streetwear-streetstyle-streetphoto-candid-httpst-covwxcm5ijys/","",post,publish,exclude-legacy-post,no,no
"https://people.utm.my/murtadha/2017/12/14/streetphotography-streetfashion-streetwear-streetstyle-streetphoto-candid-httpst-co2gewyibhmg/","",post,publish,exclude-legacy-post,no,no
"https://people.utm.my/murtadha/2017/09/19/portrait-portraitphotography-eyeemoninstagram-vsco-vscofilm-retail-fujifilm-fujifilmasia-httpst-co3lsh270dta/","",post,publish,exclude-legacy-post,no,no
"https://people.utm.my/murtadha/2017/09/19/portrait-portraitphotography-eyeemoninstagram-vsco-vscofilm-retail-fujifilm-fujifilmasia-httpst-colly4rkqfsr/","",post,publish,exclude-legacy-post,no,no
"https://people.utm.my/murtadha/2017/09/19/nopeople-pattern-close-up-backgrounds-indoors-day-architecture-byopaper-striped-shadow-blinds-iron-httpst-coh0oxfmk78n/","",post,publish,exclude-legacy-post,no,no
"https://people.utm.my/murtadha/2017/09/19/sunlight-pattern-indoors-metal-backgrounds-nopeople-textured-fullframe-close-up-corrugatediron-day-httpst-covocptmkgcf/","",post,publish,exclude-legacy-post,no,no
"https://people.utm.my/murtadha/2017/09/19/striped-pattern-indoors-nopeople-close-up-backgrounds-shadow-blinds-day-corrugatediron-line-iron-httpst-cop1gvvr5ooq/","",post,publish,exclude-legacy-post,no,no
"https://people.utm.my/murtadha/2017/09/19/indoors-sunlight-nopeople-homeinterior-day-illuminated-domesticroom-close-up-blinds-pattern-sunlight-httpst-covrxsniz8uw/","",post,publish,exclude-legacy-post,no,no
"https://people.utm.my/murtadha/2017/09/19/striped-close-up-indoors-nopeople-day-iron-pressing-pressingshirt-lightandshadow-indoors-sunlight-httpst-conyadaycktm/","",post,publish,exclude-legacy-post,no,no
"https://people.utm.my/murtadha/2017/09/19/striped-close-up-nopeople-pattern-sunlight-day-indoors-blinds-lightandshadow-pressingshirt-pressing-iron-httpst-cowswnabdpdr/","",post,publish,exclude-legacy-post,no,no
"https://people.utm.my/murtadha/2017/09/19/indoors-pattern-technology-close-up-day-blinds-nopeople-iron-pressing-pressingshirt-lightandshadow-httpst-cos2z7pp0as2/","",post,publish,exclude-legacy-post,no,no
"https://people.utm.my/murtadha/2017/09/19/reflection-windows-portrait-portraitphotography-eyeemoninstagram-vsco-vscofilm-retail-httpst-co1q4yv3ejda/","",post,publish,exclude-legacy-post,no,no
"https://people.utm.my/murtadha/2017/09/19/santa-claus-is-coming-to-the-town-pupilsphere-reflection-windows-portrait-httpst-co0dqpnpeqzd/","",post,publish,exclude-legacy-post,no,no
"https://people.utm.my/murtadha/2017/09/19/one-person-followed-me-and-2-people-unfollowed-me-automatically-checked-by-httpst-coauzmnrtow3-5/","",post,publish,exclude-legacy-post,no,no
"https://people.utm.my/murtadha/2017/09/19/reflection-windows-portrait-portraitphotography-eyeemoninstagram-vsco-vscofilm-retail-httpst-cowauwylifao/","",post,publish,exclude-legacy-post,no,no
"https://people.utm.my/murtadha/2017/09/19/free-learning-free-technology-ebooks-packt-books-httpst-cojb256movwd/","",post,publish,exclude-legacy-post,no,no
"https://people.utm.my/murtadha/2017/09/19/mohd-murtadha-mohamad-achievement-httpst-cocicrycmkrq/","",post,publish,exclude-legacy-post,no,no
"https://people.utm.my/murtadha/2017/09/19/5-people-followed-me-automatically-checked-by-httpst-coauzmnrtow3/","",post,publish,exclude-legacy-post,no,no
"https://people.utm.my/murtadha/2017/09/19/talent-alxia_n-portrait-portraitphotography-eyeemoninstagram-vsco-vscofilm-retail-httpst-co4st5mtqswl/","",post,publish,exclude-legacy-post,no,no
"https://people.utm.my/murtadha/2017/09/19/natgeos-video-httpst-co2ce0sqja6f/","",post,publish,exclude-legacy-post,no,no
"https://people.utm.my/murtadha/2017/09/19/talented-alxia_n-portrait-portraitphotography-eyeemoninstagram-vsco-vscofilm-retail-httpst-cobecg6z2i4e/","",post,publish,exclude-legacy-post,no,no
"https://people.utm.my/murtadha/2017/09/19/portrait-portraitphotography-eyeemoninstagram-vsco-vscofilm-retail-fujifilm-fujifilmasia-httpst-cou7lrj6e4c3/","",post,publish,exclude-legacy-post,no,no
"https://people.utm.my/murtadha/2017/09/19/talent-alxia_n-portrait-portraitphotography-eyeemoninstagram-vsco-vscofilm-retail-httpst-cocuna2ec5gt/","",post,publish,exclude-legacy-post,no,no
"https://people.utm.my/murtadha/2017/09/19/httpst-couyowcum8u9-via-researchgate/","",post,publish,exclude-legacy-post,no,no
"https://people.utm.my/murtadha/2017/09/19/highangleview-food-directlyabove-foodanddrink-seafood-nopeople-healthyeating-freshness-day-outdoors-httpst-co0x0avb80dt/","",post,publish,exclude-legacy-post,no,no
"https://people.utm.my/murtadha/2017/09/19/highangleview-preparation-foodanddrink-food-outdoors-nopeople-day-freshness-httpst-corv0ypkoifk/","",post,publish,exclude-legacy-post,no,no
"https://people.utm.my/murtadha/2017/09/19/2-people-followed-me-automatically-checked-by-httpst-coauzmnrtow3-7/","",post,publish,exclude-legacy-post,no,no
"https://people.utm.my/murtadha/2017/09/19/timelapse-timelapseart-timelapsevideo-timelapsecentral-morning-sunrise-sun-cloud-clouds-httpst-cowagxprydua/","",post,publish,exclude-legacy-post,no,no
"https://people.utm.my/murtadha/2017/09/19/2-people-unfollowed-me-automatically-checked-by-httpst-coauzmnrtow3-3/","",post,publish,exclude-legacy-post,no,no
"https://people.utm.my/murtadha/2017/09/19/rt-fujiholics-join-us-in-edinburgh-edinburgh-photwalk-httpst-cop0g3jjtmyi-eventbriteuk/","",post,publish,exclude-legacy-post,no,no
"https://people.utm.my/murtadha/2017/09/19/rt-fmssnr-what-a-brave-bunch-berlin-youth-soccer-team-x-eyeem-kleines-stadion-httpst-co83icfijnhb/","",post,publish,exclude-legacy-post,no,no
"https://people.utm.my/murtadha/2017/09/19/talent-fomigo-portrait-portraitphotography-eyeemoninstagram-vsco-vscofilm-fujifilm-httpst-cornhxix0eml/","",post,publish,exclude-legacy-post,no,no
"https://people.utm.my/murtadha/2017/09/19/video-videos-needle-thread-johor-bahru-httpst-cohcw3kyao8i/","",post,publish,exclude-legacy-post,no,no
"https://people.utm.my/murtadha/2017/09/19/reedit-talent-fomigo-iso-100-xf35-mm-f1-4-at-1-5-11250-secs-portrait-httpst-coccskpcgie4/","",post,publish,exclude-legacy-post,no,no
"https://people.utm.my/murtadha/2017/09/19/reedit-talent-fomigo-iso-100-xf35mm-f1-4-at-1-4-1550-sec-portrait-portraitphotography-httpst-coutwyrtdxjf/","",post,publish,exclude-legacy-post,no,no
"https://people.utm.my/murtadha/2017/09/19/architecture-nopeople-builtstructure-indoors-window-day-close-up-shadow-shadowslights-httpst-covxitgmuivb/","",post,publish,exclude-legacy-post,no,no
"https://people.utm.my/murtadha/2017/09/19/day-highangleview-outdoors-nopeople-shadow-nature-focusonforeground-floor-ground-httpst-cov0hlalwkik/","",post,publish,exclude-legacy-post,no,no
"https://people.utm.my/murtadha/2017/09/19/2-people-followed-me-and-3-people-unfollowed-me-automatically-checked-by-httpst-coauzmnrtow3/","",post,publish,exclude-legacy-post,no,no
"https://people.utm.my/murtadha/2017/09/19/timelapse-timelapseart-timelapsevideo-timelapsecentral-video-cloud-sky-sunrise-httpst-cobryoviuecp/","",post,publish,exclude-legacy-post,no,no
"https://people.utm.my/murtadha/2017/09/19/2-people-followed-me-and-one-person-unfollowed-me-automatically-checked-by-httpst-coauzmnrtow3-7/","",post,publish,exclude-legacy-post,no,no
"https://people.utm.my/murtadha/2017/09/19/one-person-followed-me-automatically-checked-by-httpst-coauzmnrtow3-16/","",post,publish,exclude-legacy-post,no,no
"https://people.utm.my/murtadha/2017/09/19/slowmotion-video-videos-johor-bahru-httpst-coi0qzzc6vjy/","",post,publish,exclude-legacy-post,no,no
"https://people.utm.my/murtadha/2017/09/19/eyeemselects-seniorwomen-senioradult-family-lookingatcamera-mediumgroupofpeople-father-men-midadult-httpst-co7o2eazvd9c/","",post,publish,exclude-legacy-post,no,no
"https://people.utm.my/murtadha/2017/09/19/eyeemselects-realpeople-eyeglasses-focusonforeground-togetherness-boys-familywithonechild-lifestyles-httpst-co0fkqdmkxda/","",post,publish,exclude-legacy-post,no,no
"https://people.utm.my/murtadha/2017/09/19/eyeemselects-eyeemselects-window-childhood-realpeople-boys-oneperson-lifestyles-lookingthroughwindow-httpst-comjaqjonjyw/","",post,publish,exclude-legacy-post,no,no
"https://people.utm.my/murtadha/2017/09/19/one-person-followed-me-and-2-people-unfollowed-me-automatically-checked-by-httpst-coauzmnrtow3-4/","",post,publish,exclude-legacy-post,no,no
"https://people.utm.my/murtadha/2017/09/19/nopeople-close-up-indoors-day-furniture-rack-doityourself-httpst-coj2cbtcj0jh/","",post,publish,exclude-legacy-post,no,no
"https://people.utm.my/murtadha/2017/09/19/indoors-nopeople-day-architecture-close-up-doityourself-rack-furniture-httpst-coh7ovoo1cob/","",post,publish,exclude-legacy-post,no,no
"https://people.utm.my/murtadha/2017/09/19/nopeople-indoors-day-furniture-rack-doityourself-close-up-indoors-httpst-coatfox3tvec/","",post,publish,exclude-legacy-post,no,no
"https://people.utm.my/murtadha/2017/09/19/nopeople-indoors-close-up-day-doityourself-rack-furniture-httpst-cohnan3ycswq/","",post,publish,exclude-legacy-post,no,no
"https://people.utm.my/murtadha/2017/09/19/humanhand-humanbodypart-oneperson-holding-realpeople-humanfinger-indoors-alphabet-close-up-day-people-httpst-covqhgbesibm/","",post,publish,exclude-legacy-post,no,no
"https://people.utm.my/murtadha/2017/09/19/sommergefuhle-car-tree-transportation-road-landvehicle-side-viewmirror-modeoftransport-roadtrip-sky-httpst-coun1kvygopn/","",post,publish,exclude-legacy-post,no,no
"https://people.utm.my/murtadha/2017/09/19/eyeemselects-car-reflection-transportation-side-viewmirror-mirror-road-tree-landvehicle-httpst-coke3fven0tr/","",post,publish,exclude-legacy-post,no,no
"https://people.utm.my/murtadha/2017/09/19/car-transportation-landvehicle-road-side-viewmirror-tree-sunset-modeoftransport-reflection-cable-sky-httpst-cogubx83z7ko/","",post,publish,exclude-legacy-post,no,no
"https://people.utm.my/murtadha/2017/09/19/transportation-road-car-text-landvehicle-lensflare-communication-side-viewmirror-roadsign-reflection-httpst-co9zbyjtcb4m/","",post,publish,exclude-legacy-post,no,no
"https://people.utm.my/murtadha/2017/09/19/one-person-followed-me-automatically-checked-by-httpst-coauzmnrtow3-15/","",post,publish,exclude-legacy-post,no,no
"https://people.utm.my/murtadha/2017/09/19/day-highangleview-outdoors-yellow-road-transportation-nopeople-nature-animalthemes-domesticanimals-httpst-coo4puyzuipv/","",post,publish,exclude-legacy-post,no,no
"https://people.utm.my/murtadha/2017/09/19/highangleview-road-outdoors-day-street-leaf-asphalt-nopeople-sommergefuhle-eyeemselects-yellow-httpst-coho0dvbxu3j/","",post,publish,exclude-legacy-post,no,no
"https://people.utm.my/murtadha/2017/09/19/one-person-followed-me-and-one-person-unfollowed-me-automatically-checked-by-httpst-coauzmnrtow3-10/","",post,publish,exclude-legacy-post,no,no
"https://people.utm.my/murtadha/2017/09/19/eyeemselects-twopeople-indoors-smiling-sitting-happiness-realpeople-seniormen-casualclothing-sofa-httpst-comoogp9kxou/","",post,publish,exclude-legacy-post,no,no
"https://people.utm.my/murtadha/2017/09/19/eyeemselects-sitting-senioradult-seniorwomen-sofa-seniormen-twopeople-togetherness-casualclothing-httpst-cokdjugft2sk/","",post,publish,exclude-legacy-post,no,no
"https://people.utm.my/murtadha/2017/09/19/nopeople-indoors-metal-close-up-day-doityourself-rack-furniture-httpst-cojdmwlekmsd/","",post,publish,exclude-legacy-post,no,no
"https://people.utm.my/murtadha/2017/09/18/my-image-from-eyeemmarket-thanks-eyeem-httpst-cop79fhum0qf/","",post,publish,exclude-legacy-post,no,no
"https://people.utm.my/murtadha/2017/09/18/i-just-sold-this-photo-on-eyeem-market-eyeempaid-httpst-coamdwvx6yjw/","",post,publish,exclude-legacy-post,no,no
"https://people.utm.my/murtadha/2017/09/18/i-just-sold-this-photo-on-eyeem-market-eyeempaid-httpst-coys39asllp9/","",post,publish,exclude-legacy-post,no,no
"https://people.utm.my/murtadha/2017/09/18/i-just-sold-this-photo-on-eyeem-market-eyeempaid-httpst-cobehkpsa7qf/","",post,publish,exclude-legacy-post,no,no
"https://people.utm.my/murtadha/2017/09/18/one-person-followed-me-and-one-person-unfollowed-me-automatically-checked-by-httpst-coauzmnrtow3-9/","",post,publish,exclude-legacy-post,no,no
"https://people.utm.my/murtadha/2017/09/18/httpst-cosxltvq3ery-httpst-cosxltvq3ery/","",post,publish,exclude-legacy-post,no,no
"https://people.utm.my/murtadha/2017/09/18/my-conference-paper-reached-20-reads-httpst-conp4bvzqhhd/","",post,publish,exclude-legacy-post,no,no
"https://people.utm.my/murtadha/2017/09/18/my-article-reached-300-reads-httpst-con4mdbspuo2/","",post,publish,exclude-legacy-post,no,no
"https://people.utm.my/murtadha/2017/09/18/electricitypylon-electricity-cable-sunset-silhouette-powerline-powersupply-sky-connection-httpst-copoekkabxxa/","",post,publish,exclude-legacy-post,no,no
"https://people.utm.my/murtadha/2017/09/18/car-transportation-landvehicle-road-modeoftransport-tree-traffic-carinterior-sky-driving-street-httpst-co7kvr32yb0s/","",post,publish,exclude-legacy-post,no,no
"https://people.utm.my/murtadha/2017/09/18/car-transportation-road-landvehicle-sunset-modeoftransport-reflection-side-viewmirror-mirror-httpst-coxggkmtja2b/","",post,publish,exclude-legacy-post,no,no
"https://people.utm.my/murtadha/2017/09/18/close-up-indoors-nopeople-day-furniture-rack-doityourself-metal-httpst-consmdbygxjx/","",post,publish,exclude-legacy-post,no,no
"https://people.utm.my/murtadha/2017/09/18/tree-sunset-sky-sun-sunbeam-sunlight-nopeople-cloud-sky-nature-silhouette-outdoors-beautyinnature-httpst-coxc8tg5dvjs/","",post,publish,exclude-legacy-post,no,no
"https://people.utm.my/murtadha/2017/09/18/sunset-silhouette-tree-sky-orangecolor-cloud-sky-outdoors-realpeople-nature-sun-childhood-httpst-cozk0dbvpc0w/","",post,publish,exclude-legacy-post,no,no
"https://people.utm.my/murtadha/2017/09/18/sunset-sky-cloud-sky-tree-silhouette-road-realpeople-outdoors-oneperson-sun-men-beautyinnature-httpst-cohfmje7htkc/","",post,publish,exclude-legacy-post,no,no
"https://people.utm.my/murtadha/2017/09/18/2-people-followed-me-and-one-person-unfollowed-me-automatically-checked-by-httpst-coauzmnrtow3-6/","",post,publish,exclude-legacy-post,no,no
"https://people.utm.my/murtadha/2017/09/18/cable-powerline-electricitypylon-powersupply-electricity-fuelandpowergeneration-sunset-connection-tree-httpst-coxb9i8nidgl/","",post,publish,exclude-legacy-post,no,no
"https://people.utm.my/murtadha/2017/09/18/sunset-sky-cable-electricitypylon-tree-powerline-car-nopeople-electricity-silhouette-landvehicle-httpst-cogyhnsz0jmy/","",post,publish,exclude-legacy-post,no,no
"https://people.utm.my/murtadha/2017/09/18/one-person-followed-me-and-one-person-unfollowed-me-automatically-checked-by-httpst-coauzmnrtow3-8/","",post,publish,exclude-legacy-post,no,no
"https://people.utm.my/murtadha/2017/09/18/tree-sky-sunset-baretree-nature-beautyinnature-scenics-silhouette-tranquilscene-outdoors-tranquility-httpst-co4wotqmguxw/","",post,publish,exclude-legacy-post,no,no
"https://people.utm.my/murtadha/2017/09/18/mostafa-atef-tolama-ashku-ghorami-%d8%b7%d8%a7%d9%84%d9%85%d8%a7-%d8%a7%d8%b4%d9%83%d9%88-%d8%ba%d8%b1%d8%a7%d9%85%d9%89-httpst-cohtl5qrr90n-via-youtube/","",post,publish,exclude-legacy-post,no,no
"https://people.utm.my/murtadha/2017/09/18/2-people-followed-me-and-one-person-unfollowed-me-automatically-checked-by-httpst-coauzmnrtow3-5/","",post,publish,exclude-legacy-post,no,no
"https://people.utm.my/murtadha/2017/09/18/text-realpeople-indoors-midsection-women-men-bride-oneperson-day-humanhand-adult-people-httpst-conomaz0xd4b/","",post,publish,exclude-legacy-post,no,no
"https://people.utm.my/murtadha/2017/09/18/realpeople-twopeople-lifeevents-midsection-sitting-theweekoneyeem-togetherness-humanhand-women-day-httpst-coo9honftjsq/","",post,publish,exclude-legacy-post,no,no
"https://people.utm.my/murtadha/2017/09/18/one-person-followed-me-and-one-person-unfollowed-me-automatically-checked-by-httpst-coauzmnrtow3-7/","",post,publish,exclude-legacy-post,no,no
"https://people.utm.my/murtadha/2017/09/18/one-person-followed-me-automatically-checked-by-httpst-coauzmnrtow3-14/","",post,publish,exclude-legacy-post,no,no
"https://people.utm.my/murtadha/2017/09/18/httpst-cobe5etzwlzy-httpst-cobe5etzwlzy/","",post,publish,exclude-legacy-post,no,no
"https://people.utm.my/murtadha/2017/09/18/haul-habib-hassan-alattas-7-oros-2017/","",post,publish,exclude-legacy-post,no,no
"https://people.utm.my/murtadha/2017/09/18/it-takes-a-nation-to-raise-a-champion-eng-ver-httpst-col9ityugmfq-via-youtube/","",post,publish,exclude-legacy-post,no,no
"https://people.utm.my/murtadha/2017/09/18/night-illuminated-realpeople-holding-girls-celebration-childhood-oneperson-indoors-close-up-people-httpst-cojzcrphrdrn/","",post,publish,exclude-legacy-post,no,no
"https://people.utm.my/murtadha/2017/09/18/night-illuminated-oneperson-realpeople-waistup-focusonforeground-stringlights-youngadult-httpst-cox9iszf2jmq/","",post,publish,exclude-legacy-post,no,no
"https://people.utm.my/murtadha/2017/09/18/rt-utm_my-sikal-letrik-1-malaysia-merupakan-projek-perintis-dalam-agenda-pelestarian-di-ipt-utm-terpilih-untuk-pengguna-ke-httpst-copsevurvyn9/","",post,publish,exclude-legacy-post,no,no
"https://people.utm.my/murtadha/2017/09/18/one-person-unfollowed-me-automatically-checked-by-httpst-coauzmnrtow3-5/","",post,publish,exclude-legacy-post,no,no
"https://people.utm.my/murtadha/2017/09/18/portrait-portraitphotography-eyeemoninstagram-vsco-vscofilm-fujifilm-fujifilmasia-httpst-cogivw7jyzrd/","",post,publish,exclude-legacy-post,no,no
"https://people.utm.my/murtadha/2017/09/18/eyeemselects-smiling-realpeople-happiness-togetherness-men-cheerful-friendship-indoors-youngadult-day-httpst-co2v4vcjeby5/","",post,publish,exclude-legacy-post,no,no
"https://people.utm.my/murtadha/2017/09/18/eyeemselects-realpeople-traditionalclothing-headwear-oneperson-headdress-focusonforeground-beard-httpst-cojzcze8khzu/","",post,publish,exclude-legacy-post,no,no
"https://people.utm.my/murtadha/2017/09/18/one-person-followed-me-and-one-person-unfollowed-me-automatically-checked-by-httpst-coauzmnrtow3-6/","",post,publish,exclude-legacy-post,no,no
"https://people.utm.my/murtadha/2017/09/18/burdah-mostafaatef-qamarun-qamaron-taman-mutiara-rini-httpst-coijq78ee0k3/","",post,publish,exclude-legacy-post,no,no
"https://people.utm.my/murtadha/2017/09/18/mostafa-atef-zidni-bifartilhub-fika-tahrira-%d8%b2%d8%af%d9%86%d9%8a-%d8%a8%d9%81%d8%b1%d8%b7%d9%90-%d8%a7%d9%84%d8%ad%d8%a8%d9%90%d9%91-%d9%81%d9%8a%d9%83%d9%8e-%d8%aa%d8%ad%d9%8a%d9%8f%d9%91/","",post,publish,exclude-legacy-post,no,no
"https://people.utm.my/murtadha/2017/07/31/bincang1/","",post,publish,exclude-legacy-post,no,no
"https://people.utm.my/murtadha/2017/07/31/realpeople-men-celebration-togetherness-wedding-selectivefocus-uniform-senioradult-tradition-bride-httpst-colzejrsl2p0/","",post,publish,exclude-legacy-post,no,no
"https://people.utm.my/murtadha/2017/07/31/eyeemselects-indoors-religion-realpeople-celebration-togetherness-wedding-bride-men-lifeevents-httpst-co1wfu7yawfn/","",post,publish,exclude-legacy-post,no,no
"https://people.utm.my/murtadha/2017/07/31/one-person-followed-me-automatically-checked-by-httpst-coauzmnrtow3-13/","",post,publish,exclude-legacy-post,no,no
"https://people.utm.my/murtadha/2017/07/31/wedding-bride-women-midsection-twopeople-togetherness-realpeople-lifeevents-celebration-weddingdress-httpst-cociuw4wrtc8/","",post,publish,exclude-legacy-post,no,no
"https://people.utm.my/murtadha/2017/07/31/wedding-wedding-weddingcake-lifeevents-bride-sweetfood-weddingceremony-bridegroom-dessert-togetherness-httpst-cohzioqvtfwu/","",post,publish,exclude-legacy-post,no,no
"https://people.utm.my/murtadha/2017/07/31/yellow-fullframe-backgrounds-pattern-nopeople-close-up-textured-outdoors-day-architecture-httpst-cox5j2v9olb6/","",post,publish,exclude-legacy-post,no,no
"https://people.utm.my/murtadha/2017/07/31/yellow-fullframe-backgrounds-pattern-nopeople-textured-day-outdoors-close-up-httpst-cotatl1hnwhg/","",post,publish,exclude-legacy-post,no,no
"https://people.utm.my/murtadha/2017/07/31/flower-petal-fragility-beautyinnature-flowerhead-nature-growth-freshness-close-up-pinkcolor-nopeople-httpst-co2iaybgr0ju/","",post,publish,exclude-legacy-post,no,no
"https://people.utm.my/murtadha/2017/07/31/flower-petal-fragility-beautyinnature-nature-flowerhead-freshness-growth-close-up-day-nopeople-httpst-cofefi3xvlw3/","",post,publish,exclude-legacy-post,no,no
"https://people.utm.my/murtadha/2017/07/31/car-transportation-side-viewmirror-road-tree-reflection-landvehicle-mirror-modeoftransport-window-httpst-cor0fm9uznrq/","",post,publish,exclude-legacy-post,no,no
"https://people.utm.my/murtadha/2017/07/31/sunset-cable-electricitypylon-electricity-powerline-sky-orangecolor-fuelandpowergeneration-powersupply-httpst-cosvf7ldxmtu/","",post,publish,exclude-legacy-post,no,no
"https://people.utm.my/murtadha/2017/07/31/weddingdress-weddingcake-weddinginspiration-weddings-wedding-weddingphotography-pink-httpst-coddknzjxc2u/","",post,publish,exclude-legacy-post,no,no
"https://people.utm.my/murtadha/2017/07/26/note/","",post,publish,exclude-legacy-post,no,no
"https://people.utm.my/murtadha/2017/07/26/thank-you-eyeem-text-communication-adult-youngwomen-largegroupofpeople-people-youngadult-day-outdoors-httpst-coy5qsxt6b0c/","",post,publish,exclude-legacy-post,no,no
"https://people.utm.my/murtadha/2017/07/26/httpst-copc3dnbccn2/","",post,publish,exclude-legacy-post,no,no
"https://people.utm.my/murtadha/2017/07/26/one-person-followed-me-automatically-checked-by-httpst-coauzmnrtow3-12/","",post,publish,exclude-legacy-post,no,no
"https://people.utm.my/murtadha/2017/07/26/sunset-sky-cable-nature-nopeople-electricitypylon-powersupply-beautyinnature-electricity-httpst-co47cwizji2v/","",post,publish,exclude-legacy-post,no,no
"https://people.utm.my/murtadha/2017/07/26/car-transportation-road-traffic-landvehicle-roadsign-direction-modeoftransport-communication-tree-httpst-covvb7yltdni/","",post,publish,exclude-legacy-post,no,no
"https://people.utm.my/murtadha/2017/07/26/slowmotion-slowmotionvideo-slowmotionchallenge-cassette-rewind-httpst-cokkpuo6ar1l/","",post,publish,exclude-legacy-post,no,no
"https://people.utm.my/murtadha/2017/07/26/httpst-cownlgyfwuiw-httpst-cownlgyfwuiw/","",post,publish,exclude-legacy-post,no,no
"https://people.utm.my/murtadha/2017/07/26/slowmotion-slowmotionvideo-slowmotionchallenge-video-videos-rainyday-raining-johor-bahru-httpst-couh8fueclqh/","",post,publish,exclude-legacy-post,no,no
"https://people.utm.my/murtadha/2017/07/26/2-people-unfollowed-me-automatically-checked-by-httpst-coauzmnrtow3-2/","",post,publish,exclude-legacy-post,no,no
"https://people.utm.my/murtadha/2017/07/26/flower-growth-fragility-leaf-nature-petal-beautyinnature-day-outdoors-pinkcolor-nopeople-branch-httpst-covbh2gpdamb/","",post,publish,exclude-legacy-post,no,no
"https://people.utm.my/murtadha/2017/07/26/flower-growth-nature-petal-beautyinnature-fragility-nopeople-pinkcolor-plant-freshness-outdoors-day-httpst-co75p8aqyb8u/","",post,publish,exclude-legacy-post,no,no
"https://people.utm.my/murtadha/2017/07/26/flower-tree-nature-beautyinnature-growth-branch-leaf-petal-lowangleview-fragility-nopeople-day-httpst-cojpkygnjmtf/","",post,publish,exclude-legacy-post,no,no
"https://people.utm.my/murtadha/2017/07/26/flower-beautyinnature-growth-fragility-petal-nature-day-nopeople-focusonforeground-freshness-httpst-con8amazvizx/","",post,publish,exclude-legacy-post,no,no
"https://people.utm.my/murtadha/2017/07/26/one-person-followed-me-and-one-person-unfollowed-me-automatically-checked-by-httpst-coauzmnrtow3-5/","",post,publish,exclude-legacy-post,no,no
"https://people.utm.my/murtadha/2017/04/23/scoreboard-dynamic-scheduling/","",post,publish,exclude-legacy-post,no,no
"https://people.utm.my/murtadha/2017/04/16/assignment-4-advanced-computer-system-architecture/","",post,publish,exclude-legacy-post,no,no
"https://people.utm.my/murtadha/2017/03/26/assignment-3-adv-computer-architecture/","",post,publish,exclude-legacy-post,no,no
"https://people.utm.my/murtadha/2017/03/07/master-class-assignment-2/","",post,publish,exclude-legacy-post,no,no
"https://people.utm.my/murtadha/2017/03/04/wsn-textbook/","",post,publish,exclude-legacy-post,no,no
"https://people.utm.my/murtadha/2017/02/15/rt-citradaksinautm-sedikit-teaser-for-opening-sukanipt-on-this-29-jan-imutmawesome-twt_utm-utm_my-httpst-coeydqu7/","",post,publish,exclude-legacy-post,no,no
"https://people.utm.my/murtadha/2017/02/15/check-out-this-photo-by-tangota-at-httpst-colitpqmreg9-via-eyeem-and-listen-to-colppaly-httpst-corn45wdlhkl/","",post,publish,exclude-legacy-post,no,no
"https://people.utm.my/murtadha/2017/02/15/listen-to-entah-apa-rasa-feat-eyza-bahra-by-sissy-imann-on-applemusic-httpst-coevsoy7zf1f-sissyimann-httpst-cojhcq278vav/","",post,publish,exclude-legacy-post,no,no
"https://people.utm.my/murtadha/2017/02/15/congrats-httpst-cojn2oukcfuq/","",post,publish,exclude-legacy-post,no,no
"https://people.utm.my/murtadha/2017/02/15/terfolo-sissyimann-pulak-ajl-tahun-depan-masuk-le/","",post,publish,exclude-legacy-post,no,no
"https://people.utm.my/murtadha/2017/02/15/check-out-this-photo-by-tangota-on-eyeem-httpst-comyecujqd8f-greenjade/","",post,publish,exclude-legacy-post,no,no
"https://people.utm.my/murtadha/2017/02/15/gong-xi-fa-cai-xin-nian-kuai-le-happy-chinesenewyear-w-chang_yuen1-9-others-httpst-cocdeg9woluw/","",post,publish,exclude-legacy-post,no,no
"https://people.utm.my/murtadha/2017/02/15/httpst-co5c4fwwoptj/","",post,publish,exclude-legacy-post,no,no
"https://people.utm.my/murtadha/2017/02/15/check-out-this-photo-by-lyen-at-httpst-cokxg6hp2vkf-via-eyeem-lyensworld-3/","",post,publish,exclude-legacy-post,no,no
"https://people.utm.my/murtadha/2017/02/15/check-out-this-photo-by-alam-kundam-at-httpst-co1ucpquhrhu-via-eyeem/","",post,publish,exclude-legacy-post,no,no
"https://people.utm.my/murtadha/2017/02/15/check-out-this-photo-by-tangota-on-eyeem-httpst-colinvhauxt0-annamaria/","",post,publish,exclude-legacy-post,no,no
"https://people.utm.my/murtadha/2017/02/15/rt-pocket_pro-the-workout-app-for-beginner-web-developers-which-is-downloaded-in-75-countries-ruby-rails-httpst-cody3by1is4l/","",post,publish,exclude-legacy-post,no,no
"https://people.utm.my/murtadha/2017/02/15/check-out-this-photo-by-tangota-on-eyeem-httpst-cofts69pi5ui/","",post,publish,exclude-legacy-post,no,no
"https://people.utm.my/murtadha/2017/02/15/check-out-this-photo-by-emily-at-httpst-co8jaqrpcpbu-via-eyeem/","",post,publish,exclude-legacy-post,no,no
"https://people.utm.my/murtadha/2017/02/15/rt-eyeem-we-the-beautiful-blue-tones-captured-in-new-community-member-april-ks-work-see-more-httpst-cobkdymoill4-httpst-co7si4gi1z7h/","",post,publish,exclude-legacy-post,no,no
"https://people.utm.my/murtadha/2017/02/15/httpst-cotunql0oxks/","",post,publish,exclude-legacy-post,no,no
"https://people.utm.my/murtadha/2017/02/15/rt-twt_utm-final-round-bola-tampar-utm-vs-utp-pray-for-utm-gaisssss-httpst-col9jsfoscey/","",post,publish,exclude-legacy-post,no,no
"https://people.utm.my/murtadha/2017/02/15/check-out-this-photo-by-tangota-on-eyeem-httpst-cofts69pi5ui-eyeemfivesenses-hearing/","",post,publish,exclude-legacy-post,no,no
"https://people.utm.my/murtadha/2017/02/15/check-out-this-photo-by-tangota-on-eyeem-httpst-co6c3qonfvb6-eyeemfivesenses-hearing/","",post,publish,exclude-legacy-post,no,no
"https://people.utm.my/murtadha/2017/02/15/check-out-this-photo-by-tangota-on-eyeem-httpst-co44a28bsue8-eyeemfivesenses-hearing/","",post,publish,exclude-legacy-post,no,no
"https://people.utm.my/murtadha/2017/02/15/check-out-this-photo-by-tangota-on-eyeem-httpst-coabfoe9cajj-eyeemfivesenses-hearing/","",post,publish,exclude-legacy-post,no,no
"https://people.utm.my/murtadha/2017/02/15/eyeemfivesenses-hearing-check-out-this-photo-by-tangota-on-eyeem-httpst-coct5rpm7yc9/","",post,publish,exclude-legacy-post,no,no
"https://people.utm.my/murtadha/2017/02/15/rt-eyeem-presenting-eyeemfivesenses-win-photo-gear-in-our-5-day-valentines-contest-stay-tuned-%e2%86%92-httpst-conrhrvfm7yr-httpst-co4lebrv01qz/","",post,publish,exclude-legacy-post,no,no
"https://people.utm.my/murtadha/2017/02/15/check-out-this-photo-by-tangota-at-httpst-co0fhrrzs6bo-via-eyeem-eyeemfivesenses/","",post,publish,exclude-legacy-post,no,no
"https://people.utm.my/murtadha/2017/02/15/my-chapter-reached-20-reads-httpst-cownohodr1qc/","",post,publish,exclude-legacy-post,no,no
"https://people.utm.my/murtadha/2017/02/15/my-chapter-reached-50-reads-httpst-cownohodr1qc/","",post,publish,exclude-legacy-post,no,no
"https://people.utm.my/murtadha/2017/02/15/check-out-this-photo-by-tangota-on-eyeem-httpst-coy5gdn0pcln-eyeemfivesenses-hearing/","",post,publish,exclude-legacy-post,no,no
"https://people.utm.my/murtadha/2017/02/15/check-out-this-photo-by-tangota-on-eyeem-httpst-cougtgkanc6b-eyeemfivesenses-hearing/","",post,publish,exclude-legacy-post,no,no
"https://people.utm.my/murtadha/2017/02/15/check-out-this-photo-by-tangota-at-httpst-coxx6etqndmx-via-eyeem-eyeemfivesenses-taste/","",post,publish,exclude-legacy-post,no,no
"https://people.utm.my/murtadha/2017/02/15/check-out-this-photo-by-tangota-at-httpst-coljbxhotvke-via-eyeem-eyeemfivesenses-taste/","",post,publish,exclude-legacy-post,no,no
"https://people.utm.my/murtadha/2017/02/15/clunky-phrases-httpst-cota3x2mc97u/","",post,publish,exclude-legacy-post,no,no
"https://people.utm.my/murtadha/2017/02/15/transition-and-transitional-device-httpst-coim4p9by65g/","",post,publish,exclude-legacy-post,no,no
"https://people.utm.my/murtadha/2017/02/15/check-out-this-photo-by-tangota-at-httpst-cokhdljb8r17-via-eyeem-eyeemfivesenses-sight/","",post,publish,exclude-legacy-post,no,no
"https://people.utm.my/murtadha/2017/02/15/check-out-this-photo-by-tangota-at-httpst-cogxxsdbfubl-via-eyeem-eyeemfivesenses-sight/","",post,publish,exclude-legacy-post,no,no
"https://people.utm.my/murtadha/2017/02/15/10000-cyber-crime-cases-reported-each-year-thesundaily-httpst-cox9o2ak9lxa-via-sharethis/","",post,publish,exclude-legacy-post,no,no
"https://people.utm.my/murtadha/2017/02/15/check-out-this-photo-by-tangota-on-eyeem-httpst-cos78ghka3ei-eyeemfivesenses-hearing/","",post,publish,exclude-legacy-post,no,no
"https://people.utm.my/murtadha/2017/02/15/check-out-this-photo-by-tangota-on-eyeem-httpst-covhzfro8aat-eyeemfivesenses-hearing/","",post,publish,exclude-legacy-post,no,no
"https://people.utm.my/murtadha/2017/02/15/check-out-this-photo-by-tangota-on-eyeem-httpst-corvqpagq5kd-eyeemfivesenses-hearing/","",post,publish,exclude-legacy-post,no,no
"https://people.utm.my/murtadha/2017/02/15/listen-to-el-perdon-by-nicky-jam-enrique-iglesias-on-applemusic-httpst-cot1jk1fodpt-httpst-coni94eaou3l/","",post,publish,exclude-legacy-post,no,no
"https://people.utm.my/murtadha/2017/02/15/check-out-this-photo-by-tangota-at-httpst-cozjzrhdljeq-via-eyeem-eyeemfivesenses-sight/","",post,publish,exclude-legacy-post,no,no
"https://people.utm.my/murtadha/2017/02/15/check-out-this-photo-by-tangota-at-httpst-commnxxpmj5a-via-eyeem-eyeemfivesenses-sight/","",post,publish,exclude-legacy-post,no,no
"https://people.utm.my/murtadha/2017/02/15/check-out-this-photo-by-tangota-at-httpst-coc9bl3s03qt-via-eyeem-eyeemfivesenses-sight/","",post,publish,exclude-legacy-post,no,no
"https://people.utm.my/murtadha/2017/02/15/check-out-this-photo-by-tangota-at-httpst-cotxspblnoc0-via-eyeem-eyeemfivesenses-sight/","",post,publish,exclude-legacy-post,no,no
"https://people.utm.my/murtadha/2017/02/15/check-out-this-photo-by-tangota-at-httpst-copiov6dcwss-via-eyeem-eyeemfivesenses-sight/","",post,publish,exclude-legacy-post,no,no
"https://people.utm.my/murtadha/2017/02/15/check-out-this-photo-by-tangota-at-httpst-co74hdez394w-via-eyeem-eyeemfivesenses-sight/","",post,publish,exclude-legacy-post,no,no
"https://people.utm.my/murtadha/2017/02/15/check-out-this-photo-by-tangota-at-httpst-coogzfxdvn1f-via-eyeem-eyeemfivesenses-sight/","",post,publish,exclude-legacy-post,no,no
"https://people.utm.my/murtadha/2017/02/15/check-out-this-photo-by-maulana-ichsan-at-httpst-co57dwsdwwen-via-eyeem-isyanasarasvati/","",post,publish,exclude-legacy-post,no,no
"https://people.utm.my/murtadha/2017/02/15/listen-to-2shy-by-shura-on-applemusic-httpst-co2w0tielsin-httpst-covntf82hhvt/","",post,publish,exclude-legacy-post,no,no
"https://people.utm.my/murtadha/2017/02/15/listen-to-tetap-dalam-jiwa-single-by-isyana-sarasvati-on-applemusic-isyanasarasvati-httpst-co90ylgzlcs5/","",post,publish,exclude-legacy-post,no,no
"https://people.utm.my/murtadha/2017/02/15/listen-to-tetap-dalam-jiwa-by-isyana-sarasvati-on-applemusic-httpst-co1cdrfjzbzp-httpst-conq9dfebaxh/","",post,publish,exclude-legacy-post,no,no
"https://people.utm.my/murtadha/2017/02/15/rt-simonmainwaring-httpst-cokgeq1ccprx/","",post,publish,exclude-legacy-post,no,no
"https://people.utm.my/murtadha/2017/02/15/uberizing-httpst-contoeghwzkn/","",post,publish,exclude-legacy-post,no,no
"https://people.utm.my/murtadha/2017/02/15/listen-to-mungkin-saja-by-janna-nick-on-applemusic-httpst-cohubtweixoa-jannanick95-httpst-cokkzuae43lz/","",post,publish,exclude-legacy-post,no,no
"https://people.utm.my/murtadha/2017/02/15/listen-to-keliru-by-sissy-imann-on-applemusic-httpst-comwebveuohs-cyntahatisissy-sissyimann-httpst-cojqbreois5k/","",post,publish,exclude-legacy-post,no,no
"https://people.utm.my/murtadha/2017/02/15/my-publications-reached-1000-reads-httpst-cosgarh8wiis-via-researchgate/","",post,publish,exclude-legacy-post,no,no
"https://people.utm.my/murtadha/2017/02/15/httpst-coa8hrzfghvp/","",post,publish,exclude-legacy-post,no,no
"https://people.utm.my/murtadha/2017/02/15/the-week-on-eyeem-12-httpst-connrhh3mete-my-photo-is-featured-see-tangota/","",post,publish,exclude-legacy-post,no,no
"https://people.utm.my/murtadha/2017/02/15/how-to-choose-landing-page-images-that-will-sell-your-product-httpst-coqfd6jkpqgm-via-eyeem/","",post,publish,exclude-legacy-post,no,no
"https://people.utm.my/murtadha/2017/02/15/my-publications-reached-900-reads-httpst-cosgarh8wiis-via-researchgate/","",post,publish,exclude-legacy-post,no,no
"https://people.utm.my/murtadha/2017/02/15/rt-utm_my-dear-utm-students-join-the-utm-chancellor-english-language-club-now-and-get-the-chance-to-personally-meet-the-httpst-coyripuxatfh/","",post,publish,exclude-legacy-post,no,no
"https://people.utm.my/murtadha/2017/02/15/isyana-sarasvati-tetap-dalam-jiwa-versi-korea-httpst-co70umnjmax6-via-youtube-good-prissilicious-isyanasarasvati/","",post,publish,exclude-legacy-post,no,no
"https://people.utm.my/murtadha/2017/02/15/check-out-this-photo-by-anggara-sidjabat-at-httpst-coz1iuxoaa75-via-eyeem-isyanasarasvati/","",post,publish,exclude-legacy-post,no,no
"https://people.utm.my/murtadha/2017/02/15/my-article-reached-20-reads-httpst-cosgarh8wiis-via-researchgate-3/","",post,publish,exclude-legacy-post,no,no
"https://people.utm.my/murtadha/2017/02/15/theroll-scored-87-for-this-shot-and-edit-vsco-vsco07-httpst-coilpz0lsnlt/","",post,publish,exclude-legacy-post,no,no
"https://people.utm.my/murtadha/2017/02/15/linuxmalaysias-video-httpst-co4jn0c2vbqb/","",post,publish,exclude-legacy-post,no,no
"https://people.utm.my/murtadha/2017/02/15/eyeem-httpst-coj9x2m126az/","",post,publish,exclude-legacy-post,no,no
"https://people.utm.my/murtadha/2017/02/15/rt-usetheroll-hey-siri-nice-to-meet-you-wwdc2016-httpst-consdgaf8hph-httpst-cobcfrjje0op/","",post,publish,exclude-legacy-post,no,no
"https://people.utm.my/murtadha/2017/02/15/i-just-uploaded-receiver-based-ad-hoc-on-demand-multipath-routing-protocol-for-mobile-ad-hoc-ne-to-academia-httpst-co3ogvsmd4ey/","",post,publish,exclude-legacy-post,no,no
"https://people.utm.my/murtadha/2017/02/15/2-people-followed-me-automatically-checked-by-httpst-coauzmnrtow3-6/","",post,publish,exclude-legacy-post,no,no
"https://people.utm.my/murtadha/2017/02/15/check-out-this-photo-by-tangota-on-eyeem-httpst-coh1ir2uqb6a/","",post,publish,exclude-legacy-post,no,no
"https://people.utm.my/murtadha/2017/02/15/rt-vsco-the-new-vsco-is-here-update-now-httpst-co0hwbvetnni/","",post,publish,exclude-legacy-post,no,no
"https://people.utm.my/murtadha/2017/02/15/tengok-kaki-saja-sudah-tahu-perasaan-kalau-nak-tendang-aje-tu-apa-perasaannnya-httpst-codmngdfdfys/","",post,publish,exclude-legacy-post,no,no
"https://people.utm.my/murtadha/2017/02/15/check-out-this-photo-by-kitty-on-eyeem-httpst-cobu9f9nagrs/","",post,publish,exclude-legacy-post,no,no
"https://people.utm.my/murtadha/2017/02/15/2-people-followed-me-and-one-person-unfollowed-me-automatically-checked-by-httpst-coauzmnrtow3-3/","",post,publish,exclude-legacy-post,no,no
"https://people.utm.my/murtadha/2017/02/15/congratulations-utm-1inmalaysia-3inasean-theasiarankings2016-soaringupwards/","",post,publish,exclude-legacy-post,no,no
"https://people.utm.my/murtadha/2017/02/15/tuliskan-nama-saja-pada-kertas-exam-pun-cukuplah-kalau-taknak-jawab/","",post,publish,exclude-legacy-post,no,no
"https://people.utm.my/murtadha/2017/02/15/check-out-this-photo-by-hailey-dw-on-eyeem-httpst-cotqthdvecar-follow-haiilstorm/","",post,publish,exclude-legacy-post,no,no
"https://people.utm.my/murtadha/2017/02/15/2-people-followed-me-and-one-person-unfollowed-me-automatically-checked-by-httpst-coauzmnrtow3-4/","",post,publish,exclude-legacy-post,no,no
"https://people.utm.my/murtadha/2017/02/15/listen-to-dengan-nafasmu-by-ungu-on-applemusic-httpst-cof3ispst7qh-httpst-coebz5k5eilv/","",post,publish,exclude-legacy-post,no,no
"https://people.utm.my/murtadha/2017/02/15/my-article-reached-20-reads-httpst-cosgarh8wiis-via-researchgate-2/","",post,publish,exclude-legacy-post,no,no
"https://people.utm.my/murtadha/2017/02/15/rt-suitepee82-recently-joined-eyeem-great-site-a-good-way-to-get-your-photos-noticed-regular-photo-missions-fun-eyeem-httpst-codq5jx4avwl/","",post,publish,exclude-legacy-post,no,no
"https://people.utm.my/murtadha/2017/02/15/rt-nickstatt-this-is-pretty-incredible-writing-the-end-of-apple-man-httpst-cozyu8lc3wjt-httpst-coxseyuf4juh/","",post,publish,exclude-legacy-post,no,no
"https://people.utm.my/murtadha/2017/02/15/rt-redbridgeonline-thanks-to-azure-police-departments-can-use-the-cloud-to-predict-crime-httpst-co5jojhrdihn/","",post,publish,exclude-legacy-post,no,no
"https://people.utm.my/murtadha/2017/02/15/rt-redbridgeonline-establish-and-document-processes-begin-wthe-end-in-mind-easy-to-useproduce-utilize-best-practices-httpst-cofj7zdxye2i/","",post,publish,exclude-legacy-post,no,no
"https://people.utm.my/murtadha/2017/02/15/rt-eyeem-eyeem-x-canon-go-the-distance-for-our-new-mission-win-the-amazing-canon-eos-m10-httpst-co5ispp2lrps-httpst-cojhr6qhflxa/","",post,publish,exclude-legacy-post,no,no
"https://people.utm.my/murtadha/2017/02/15/rt-exploreasyraf-tolong-saya-rt-brader-illiasdiaz-nak-jual-macbook-dia-utk-bayar-cost-operation-adik-dia-httpst-cojlooqz3juu/","",post,publish,exclude-legacy-post,no,no
"https://people.utm.my/murtadha/2017/02/15/rt-bernardmarr-guerrilla-data-the-latest-tool-in-the-raging-war-for-big-data-forbes-httpst-cohv4zlcnlhm/","",post,publish,exclude-legacy-post,no,no
"https://people.utm.my/murtadha/2017/02/15/in-few-days-this-craziness-will-come-to-malaysia-httpst-comhfzwpes8d/","",post,publish,exclude-legacy-post,no,no
"https://people.utm.my/murtadha/2017/02/15/listen-to-el-talisman-by-rosana-on-applemusic-httpst-covteopwhevg-httpst-cos4hh9jmdxq/","",post,publish,exclude-legacy-post,no,no
"https://people.utm.my/murtadha/2017/02/15/my-article-reached-20-reads-httpst-cosgarh8wiis-via-researchgate/","",post,publish,exclude-legacy-post,no,no
"https://people.utm.my/murtadha/2017/02/15/rt-researchgate-forget-about-the-game-which-of-the-euro2016-semi-finalists-wins-in-soccer-research-httpst-cobn0xzvphys/","",post,publish,exclude-legacy-post,no,no
"https://people.utm.my/murtadha/2017/02/15/one-person-unfollowed-me-automatically-checked-by-httpst-coauzmnrtow3-4/","",post,publish,exclude-legacy-post,no,no
"https://people.utm.my/murtadha/2017/02/15/check-out-this-photo-by-tangota-on-eyeem-httpst-cosessntm7n9-usetheroll/","",post,publish,exclude-legacy-post,no,no
"https://people.utm.my/murtadha/2017/02/15/check-out-this-photo-by-arif-nurhakim-on-eyeem-httpst-covjbgmmkhkn-sdq_-contoh-photojournalist-menulis/","",post,publish,exclude-legacy-post,no,no
"https://people.utm.my/murtadha/2017/02/15/one-person-followed-me-and-2-people-unfollowed-me-automatically-checked-by-httpst-coauzmnrtow3-3/","",post,publish,exclude-legacy-post,no,no
"https://people.utm.my/murtadha/2017/02/15/rt-ckishazy-im-done-with-brexit-chat-lets-instead-focus-on-positives-like-getting-german-citizenship-and-drinking-until-we-forget-all-this-wahnsinn/","",post,publish,exclude-legacy-post,no,no
"https://people.utm.my/murtadha/2017/02/15/rt-techcrunch-xiaomis-newest-gadget-is-a-foldable-electric-bicycle-that-costs-450-httpst-cohscqpka9mn-httpst-cofvkil65kpr/","",post,publish,exclude-legacy-post,no,no
"https://people.utm.my/murtadha/2017/02/15/yeahhh-i-got-featured-this-week-eyeem-httpst-co8iuoq0cujz-look-at-my-shot-httpst-co1kabozojg5/","",post,publish,exclude-legacy-post,no,no
"https://people.utm.my/murtadha/2017/02/15/3-people-followed-me-automatically-checked-by-httpst-coauzmnrtow3-4/","",post,publish,exclude-legacy-post,no,no
"https://people.utm.my/murtadha/2017/02/15/rt-sia-hey-kimkardashian-i-think-youre-lovely-would-you-consider-going-fur-free-this-is-what-animals-go-through-for-it-httpst-cobasyrtnvrn/","",post,publish,exclude-legacy-post,no,no
"https://people.utm.my/murtadha/2017/02/15/httpst-copqymguttz2/","",post,publish,exclude-legacy-post,no,no
"https://people.utm.my/murtadha/2017/02/15/one-person-followed-me-and-one-person-unfollowed-me-automatically-checked-by-httpst-coauzmnrtow3-4/","",post,publish,exclude-legacy-post,no,no
"https://people.utm.my/murtadha/2017/02/15/good-luck-farhan-jdt-httpst-co2blisu1j1n/","",post,publish,exclude-legacy-post,no,no
"https://people.utm.my/murtadha/2017/02/15/2-people-followed-me-automatically-checked-by-httpst-coauzmnrtow3-5/","",post,publish,exclude-legacy-post,no,no
"https://people.utm.my/murtadha/2017/02/15/rt-techcrunch-pokemon-go-is-the-biggest-us-mobile-game-ever-httpst-coobyzurkrnk-httpst-co16qa9o3wh5/","",post,publish,exclude-legacy-post,no,no
"https://people.utm.my/murtadha/2017/02/15/ingat-ra-dan-lam-adik-kalau-bilaghunnah-qarijr/","",post,publish,exclude-legacy-post,no,no
"https://people.utm.my/murtadha/2017/02/15/best-betul-ulang2-tengok-rumidanjawi-fatiyalatiff-httpst-codnwrqkzuwb-2/","",post,publish,exclude-legacy-post,no,no
"https://people.utm.my/murtadha/2017/02/15/thanks-siri-httpst-cotkxp3muykg/","",post,publish,exclude-legacy-post,no,no
"https://people.utm.my/murtadha/2017/02/15/rt-malwaretechblog-httpst-coamrbhfc6b1/","",post,publish,exclude-legacy-post,no,no
"https://people.utm.my/murtadha/2017/02/15/one-person-followed-me-and-2-people-unfollowed-me-automatically-checked-by-httpst-coauzmnrbn7t/","",post,publish,exclude-legacy-post,no,no
"https://people.utm.my/murtadha/2017/02/15/one-person-followed-me-and-2-people-unfollowed-me-automatically-checked-by-httpst-coauzmnrbn7t-2/","",post,publish,exclude-legacy-post,no,no
"https://people.utm.my/murtadha/2017/02/15/sebut-gaulilah-gaulilah-laju2-macam-fatiyalatiff-dlm-rumidanjawi/","",post,publish,exclude-legacy-post,no,no
"https://people.utm.my/murtadha/2017/02/15/check-out-this-photo-by-tangota-on-eyeem-httpst-cobn22rpfwcu/","",post,publish,exclude-legacy-post,no,no
"https://people.utm.my/murtadha/2017/02/15/ending-pendek-sangat-rumidanjawi/","",post,publish,exclude-legacy-post,no,no
"https://people.utm.my/murtadha/2017/02/15/2-people-followed-me-automatically-checked-by-httpst-coauzmnrtow3-4/","",post,publish,exclude-legacy-post,no,no
"https://people.utm.my/murtadha/2017/02/15/one-person-unfollowed-me-automatically-checked-by-httpst-coauzmnrtow3-3/","",post,publish,exclude-legacy-post,no,no
"https://people.utm.my/murtadha/2017/02/15/one-person-followed-me-automatically-checked-by-httpst-coauzmnrtow3-10/","",post,publish,exclude-legacy-post,no,no
"https://people.utm.my/murtadha/2017/02/15/one-person-followed-me-and-one-person-unfollowed-me-automatically-checked-by-httpst-coauzmnrtow3-2/","",post,publish,exclude-legacy-post,no,no
"https://people.utm.my/murtadha/2017/02/15/one-person-followed-me-automatically-checked-by-httpst-coauzmnrtow3-11/","",post,publish,exclude-legacy-post,no,no
"https://people.utm.my/murtadha/2017/02/15/one-person-followed-me-and-3-people-unfollowed-me-automatically-checked-by-httpst-coauzmnrtow3/","",post,publish,exclude-legacy-post,no,no
"https://people.utm.my/murtadha/2017/02/15/2-people-followed-me-automatically-checked-by-httpst-coauzmnrtow3-2/","",post,publish,exclude-legacy-post,no,no
"https://people.utm.my/murtadha/2017/02/15/the-red-triangle-teamvalor-httpst-copp1u1hrx94/","",post,publish,exclude-legacy-post,no,no
"https://people.utm.my/murtadha/2017/02/15/rt-wearevalorpgo-retweet-if-you-are-teamvalor/","",post,publish,exclude-legacy-post,no,no
"https://people.utm.my/murtadha/2017/02/15/one-person-followed-me-and-one-person-unfollowed-me-automatically-checked-by-httpst-coauzmnrtow3-3/","",post,publish,exclude-legacy-post,no,no
"https://people.utm.my/murtadha/2017/02/15/2-people-followed-me-automatically-checked-by-httpst-coauzmnrtow3-3/","",post,publish,exclude-legacy-post,no,no
"https://people.utm.my/murtadha/2017/02/15/best-betul-ulang2-tengok-rumidanjawi-fatiyalatiff-httpst-codnwrqkzuwb/","",post,publish,exclude-legacy-post,no,no
"https://people.utm.my/murtadha/2017/02/15/landscape-landscapephotography-sunset-iphoneography-waterreflection-reflection-httpst-copfhpmwwl3i/","",post,publish,exclude-legacy-post,no,no
"https://people.utm.my/murtadha/2017/02/15/november-rain-goodmorning-good-morning-puddle-reflection-rain-rainydays-flipagram-httpst-cojbpb0eaeru/","",post,publish,exclude-legacy-post,no,no
"https://people.utm.my/murtadha/2017/02/15/what-youre-about-to-see-here-will-give-you-a-whole-new-perspective-of-bandar-utama-httpst-colsiotma2nh/","",post,publish,exclude-legacy-post,no,no
"https://people.utm.my/murtadha/2017/02/15/4-easy-steps-how-you-can-do-something-special-for-your-bff-this-november-2016-httpst-coluqp1x6nc4/","",post,publish,exclude-legacy-post,no,no
"https://people.utm.my/murtadha/2017/02/15/win-now-get-your-man-an-exclusive-haircut-shave-from-one-of-the-worlds-best-for-free-httpst-coelbbbikulw/","",post,publish,exclude-legacy-post,no,no
"https://people.utm.my/murtadha/2017/02/15/9-most-awesome-facebook-live-videos-that-made-it-big-httpst-couvqqao96yy/","",post,publish,exclude-legacy-post,no,no
"https://people.utm.my/murtadha/2017/02/15/win-now-throw-your-friend-an-epic-pizza-party-for-absolutely-free-httpst-coccuvciblbl/","",post,publish,exclude-legacy-post,no,no
"https://people.utm.my/murtadha/2017/02/15/remember-this-code-enjoy-a-free-pizza-from-dominos-this-week-httpst-coejvemqxler/","",post,publish,exclude-legacy-post,no,no
"https://people.utm.my/murtadha/2017/02/15/one-person-followed-me-automatically-checked-by-httpst-coauzmnrtow3-7/","",post,publish,exclude-legacy-post,no,no
"https://people.utm.my/murtadha/2017/02/15/one-person-followed-me-and-one-person-unfollowed-me-automatically-checked-by-httpst-coauzmnrtow3/","",post,publish,exclude-legacy-post,no,no
"https://people.utm.my/murtadha/2017/02/15/one-person-followed-me-and-2-people-unfollowed-me-automatically-checked-by-httpst-coauzmnrtow3-2/","",post,publish,exclude-legacy-post,no,no
"https://people.utm.my/murtadha/2017/02/15/one-person-followed-me-automatically-checked-by-httpst-coauzmnrtow3-8/","",post,publish,exclude-legacy-post,no,no
"https://people.utm.my/murtadha/2017/02/15/one-person-followed-me-automatically-checked-by-httpst-coauzmnrtow3-9/","",post,publish,exclude-legacy-post,no,no
"https://people.utm.my/murtadha/2017/02/15/one-person-followed-me-automatically-checked-by-httpst-coauzmnrtow3-6/","",post,publish,exclude-legacy-post,no,no
"https://people.utm.my/murtadha/2017/02/15/come-join-me-on-8share-to-get-rewarded-with-cash-prizes-and-points-httpst-cog55vkd89h8/","",post,publish,exclude-legacy-post,no,no
"https://people.utm.my/murtadha/2017/02/15/expectation-vs-reality-9-sad-but-true-things-about-being-a-postpaid-user-in-malaysia-httpst-codkd06hc1wq/","",post,publish,exclude-legacy-post,no,no
"https://people.utm.my/murtadha/2017/02/15/wwf-malaysia-gives-animal-lovers-the-chance-to-adopt-a-panda-or-sun-bear-this-christmas-httpst-coqnipsfbrqp/","",post,publish,exclude-legacy-post,no,no
"https://people.utm.my/murtadha/2017/02/15/challenge-finish-this-new-mcchicken-in-only-3-bites-and-get-another-one-free-httpst-coskwju2l61v/","",post,publish,exclude-legacy-post,no,no
"https://people.utm.my/murtadha/2017/02/15/5-reasons-why-you-dont-have-to-be-a-harry-potter-fan-to-watch-fantastic-beasts-httpst-colcbf9yn1cm/","",post,publish,exclude-legacy-post,no,no
"https://people.utm.my/murtadha/2017/02/15/5-reasons-why-you-dont-have-to-be-a-harry-potter-fan-to-watch-fantastic-beasts-httpst-co8pkqybjgsr/","",post,publish,exclude-legacy-post,no,no
"https://people.utm.my/murtadha/2017/02/15/baru-sebentar-tadi-953pm-waktu-malaysia-the-supermoon-on-november-14-2016-will-be-the-httpst-cokr8hyz0g65/","",post,publish,exclude-legacy-post,no,no
"https://people.utm.my/murtadha/2017/02/15/check-out-this-photo-by-mohdmurtadha-at-httpst-cotuliaisaji-via-eyeem/","",post,publish,exclude-legacy-post,no,no
"https://people.utm.my/murtadha/2017/02/15/check-out-this-photo-by-mohdmurtadha-at-httpst-co8kyba0aqzr-via-eyeem/","",post,publish,exclude-legacy-post,no,no
"https://people.utm.my/murtadha/2017/02/15/check-out-this-photo-by-mohdmurtadha-on-eyeem-httpst-co80dljiszgc/","",post,publish,exclude-legacy-post,no,no
"https://people.utm.my/murtadha/2017/02/15/check-out-this-photo-by-mohdmurtadha-on-eyeem-httpst-cok4fwkbgoir/","",post,publish,exclude-legacy-post,no,no
"https://people.utm.my/murtadha/2017/02/15/check-out-this-photo-by-mohdmurtadha-on-eyeem-httpst-cowfn5nu6ewd/","",post,publish,exclude-legacy-post,no,no
"https://people.utm.my/murtadha/2017/02/15/check-out-this-photo-by-mohdmurtadha-on-eyeem-httpst-consqnup3xj6/","",post,publish,exclude-legacy-post,no,no
"https://people.utm.my/murtadha/2017/02/15/check-out-this-photo-by-mohdmurtadha-on-eyeem-httpst-cokard8dhhgh/","",post,publish,exclude-legacy-post,no,no
"https://people.utm.my/murtadha/2017/02/15/check-out-this-photo-by-mohdmurtadha-on-eyeem-httpst-com4an5exzhu/","",post,publish,exclude-legacy-post,no,no
"https://people.utm.my/murtadha/2017/02/15/one-person-followed-me-automatically-checked-by-httpst-coauzmnrbn7t/","",post,publish,exclude-legacy-post,no,no
"https://people.utm.my/murtadha/2017/02/15/20-11-2016-i-participated-in-a-photography-contest-of-anugerah-lensa-johor-johor-lens-award-httpst-coej3z1mhjow-2/","",post,publish,exclude-legacy-post,no,no
"https://people.utm.my/murtadha/2017/02/15/check-out-this-photo-by-mohdmurtadha-on-eyeem-httpst-comzaejcs5v1/","",post,publish,exclude-legacy-post,no,no
"https://people.utm.my/murtadha/2017/02/15/one-person-followed-me-automatically-checked-by-httpst-coauzmnrtow3-5/","",post,publish,exclude-legacy-post,no,no
"https://people.utm.my/murtadha/2017/02/15/railroadtrack-railtransportation-sky-tree-thewayforward-nature-gravel-outdoors-nopeople-tranquilscene-httpst-cofzyoxqofbe/","",post,publish,exclude-legacy-post,no,no
"https://people.utm.my/murtadha/2017/02/15/fulllength-railroadtrack-realpeople-tree-nature-oneperson-growth-railtransportation-men-greencolor-httpst-co7ksrnuvifq/","",post,publish,exclude-legacy-post,no,no
"https://people.utm.my/murtadha/2017/02/15/my-article-reached-50-reads-httpst-cosgarh8wiis-via-researchgate/","",post,publish,exclude-legacy-post,no,no
"https://people.utm.my/murtadha/2017/02/15/yayasanwarisanjohor-anugerahlensajohor-landskapwarisan-fujifilm-fujifilmxt10-httpst-colmqvag87ie/","",post,publish,exclude-legacy-post,no,no
"https://people.utm.my/murtadha/2017/02/15/20-11-2016-i-participated-in-a-photography-contest-of-anugerah-lensa-johor-johor-lens-award-httpst-coej3z1mhjow/","",post,publish,exclude-legacy-post,no,no
"https://people.utm.my/murtadha/2017/02/15/yayasanwarisanjohor-anugerahlensajohor-landskapwarisan-fujifilm-fujifilmxt10-httpst-cobvnmvysry9/","",post,publish,exclude-legacy-post,no,no
"https://people.utm.my/murtadha/2017/02/15/check-out-this-photo-by-mohdmurtadha-on-eyeem-httpst-co8s8vqpveg2/","",post,publish,exclude-legacy-post,no,no
"https://people.utm.my/murtadha/2017/02/15/one-person-followed-me-automatically-checked-by-httpst-coauzmnrtow3-4/","",post,publish,exclude-legacy-post,no,no
"https://people.utm.my/murtadha/2017/02/15/good-evening-kl-iphoneography-sunset-sunsetcollection-streetphotography-kualalumpur-httpst-co7ewgsxdycw/","",post,publish,exclude-legacy-post,no,no
"https://people.utm.my/murtadha/2017/02/15/nighty-night-dark-windscreen-windows-carwash-bubbles-lights-neon-iphoneography-skudai-httpst-cowrw97z2e7a/","",post,publish,exclude-legacy-post,no,no
"https://people.utm.my/murtadha/2017/02/15/transportation-drop-water-modeoftransport-close-up-car-wet-nopeople-blackbackground-night-outdoors-httpst-coeoqn52ggoy/","",post,publish,exclude-legacy-post,no,no
"https://people.utm.my/murtadha/2017/02/15/wet-illuminated-night-water-outdoors-city-nopeople-sky-architecture-close-up-car-wash-bubbles-httpst-co6jzauvhtom/","",post,publish,exclude-legacy-post,no,no
"https://people.utm.my/murtadha/2017/02/15/equine-equinephotography-equinephoto-equinelife-fujifilmxt10-fujifilmasia-fujifilm-httpst-cowcjs7nsptn/","",post,publish,exclude-legacy-post,no,no
"https://people.utm.my/murtadha/2017/02/15/thank-you-for-the-featuring-httpst-co7haiiiudvd/","",post,publish,exclude-legacy-post,no,no
"https://people.utm.my/murtadha/2017/02/15/use-nd-filters-for-flash-httpst-comzbulpsyat/","",post,publish,exclude-legacy-post,no,no
"https://people.utm.my/murtadha/2017/02/15/eyeemoninstagram-eyeemphoto-eyeem-eyeemmagazine-theweekoneyeem-thankyou-sweet-johor-bahru-httpst-corxcx6obkpv/","",post,publish,exclude-legacy-post,no,no
"https://people.utm.my/murtadha/2017/02/15/3-people-followed-me-automatically-checked-by-httpst-coauzmnrtow3-3/","",post,publish,exclude-legacy-post,no,no
"https://people.utm.my/murtadha/2017/02/15/morning-puddlereflection-waterreflection-water-reflection-blue-sky-bluesky-tarmac-httpst-cowwgj3i6rfj/","",post,publish,exclude-legacy-post,no,no
"https://people.utm.my/murtadha/2017/02/15/4-people-followed-me-automatically-checked-by-httpst-coauzmnrtow3/","",post,publish,exclude-legacy-post,no,no
"https://people.utm.my/murtadha/2017/02/15/iceskating-ice-skating-blackandwhite-bnw-minimalist-white-fatherdaughter-learning-httpst-co57luwh8qzg/","",post,publish,exclude-legacy-post,no,no
"https://people.utm.my/murtadha/2017/02/15/copyspace-walking-lifestyles-snow-oneperson-whitebackground-winter-coldtemperature-rearview-httpst-co5ck4lhfgkr/","",post,publish,exclude-legacy-post,no,no
"https://people.utm.my/murtadha/2017/02/15/iceskating-skating-people-streetphoto_bw-snow-winter-fulllength-realpeople-outdoors-nature-httpst-coqpgoq37l9b/","",post,publish,exclude-legacy-post,no,no
"https://people.utm.my/murtadha/2017/02/15/iceskating-skating-realpeople-men-lifestyles-rearview-whitebackground-women-day-outdoors-oneperson-httpst-co3cevhx2iuy/","",post,publish,exclude-legacy-post,no,no
"https://people.utm.my/murtadha/2017/02/15/snow-winter-coldtemperature-whitecolor-leisureactivity-realpeople-field-lifestyles-fulllength-frozen-httpst-co8pqb4ksrmx/","",post,publish,exclude-legacy-post,no,no
"https://people.utm.my/murtadha/2017/02/15/zebracrossing-zebra-crossing-legs-lowsection-eyeemoninstagram-yellow-lines-thick-httpst-co1pk1fvywhv/","",post,publish,exclude-legacy-post,no,no
"https://people.utm.my/murtadha/2017/02/15/check-out-this-photo-by-mohdmurtadha-on-eyeem-httpst-comgujznasjc/","",post,publish,exclude-legacy-post,no,no
"https://people.utm.my/murtadha/2017/02/15/check-out-this-photo-by-mohdmurtadha-on-eyeem-httpst-coih4qodox60/","",post,publish,exclude-legacy-post,no,no
"https://people.utm.my/murtadha/2017/02/15/drop-transparent-water-rain-window-wet-fullframe-focusonforeground-raindrop-close-up-nopeople-httpst-cox7b7wqftda/","",post,publish,exclude-legacy-post,no,no
"https://people.utm.my/murtadha/2017/02/15/thank-you-team-for-the-match-and-wish-flying-text-advice-time-nopeople-cyberspace-httpst-cogbhatjntic/","",post,publish,exclude-legacy-post,no,no
"https://people.utm.my/murtadha/2017/02/15/backgrounds-fullframe-close-up-textured-pattern-indoors-knitted-nopeople-day-knitted-indoors-textured-httpst-cofhe9tmupvl/","",post,publish,exclude-legacy-post,no,no
"https://people.utm.my/murtadha/2017/02/15/eyeemphoto-eyeemoninstagram-humanbody-lightandshadow-shadow-hand-fingers-httpst-cothqfxpur99/","",post,publish,exclude-legacy-post,no,no
"https://people.utm.my/murtadha/2017/02/15/drop-backgrounds-transparent-wet-water-rain-fullframe-window-raindrop-focusonforeground-close-up-httpst-cogsbfhcykzg/","",post,publish,exclude-legacy-post,no,no
"https://people.utm.my/murtadha/2017/02/13/waitinggame-lowsection-humanbodypart-humanleg-women-people-day-outdoors-men-close-up-adult-adultsonly-httpst-coezl9vhmenf/","",post,publish,exclude-legacy-post,no,no
"https://people.utm.my/murtadha/2017/02/13/waitinggame-wirelesstechnology-communication-realpeople-mobilephone-largegroupofpeople-adult-togetherness-httpst-co143chlqccd/","",post,publish,exclude-legacy-post,no,no
"https://people.utm.my/murtadha/2017/02/13/waitinggame-humanleg-lowsection-street-walking-realpeople-myyearmyview-streetphotography-women-city-httpst-coodbncjpiiu/","",post,publish,exclude-legacy-post,no,no
"https://people.utm.my/murtadha/2017/02/13/one-person-followed-me-automatically-checked-by-httpst-coauzmnrtow3-3/","",post,publish,exclude-legacy-post,no,no
"https://people.utm.my/murtadha/2017/02/13/rt-sadakane_gen-creativity-will-save-us-happy-to-be-part-of-the-photography-panel-httpst-coneeewonvxg-creativepool-httpst-cop9dybxrmxd/","",post,publish,exclude-legacy-post,no,no
"https://people.utm.my/murtadha/2017/02/13/check-out-this-photo-by-mohdmurtadha-on-eyeem-httpst-cofhe1anpkrw/","",post,publish,exclude-legacy-post,no,no
"https://people.utm.my/murtadha/2017/02/13/i-just-sold-this-photo-on-eyeem-market-eyeempaid-httpst-codad7vml5rb/","",post,publish,exclude-legacy-post,no,no
"https://people.utm.my/murtadha/2017/02/13/rt-eyeem-the-picture-that-you-took-with-your-camera-is-the-imagination-you-want-to-create-with-reality-scott-lorenzo/","",post,publish,exclude-legacy-post,no,no
"https://people.utm.my/murtadha/2017/02/13/fujifilmasia-fujifilm_xseries-fujifilmxt10-fujifilm-eyeemoninstagram-lights-trail-httpst-coif8wkulbcp/","",post,publish,exclude-legacy-post,no,no
"https://people.utm.my/murtadha/2017/02/13/nightphotography-lighttrails-lights-trails-night-streets-eyeemoninstagram-fujifilm-httpst-cop8bkhhqq9b/","",post,publish,exclude-legacy-post,no,no
"https://people.utm.my/murtadha/2017/02/13/dashboard-framing-illuminated-transportation-car-citylife-modeoftransport-technology-night-city-nopeople-httpst-covvs7ebnbyk/","",post,publish,exclude-legacy-post,no,no
"https://people.utm.my/murtadha/2017/02/13/dashing-illuminated-speed-longexposure-lighttrail-transportation-blurredmotion-motion-night-car-road-httpst-coiarohcdr0a/","",post,publish,exclude-legacy-post,no,no
"https://people.utm.my/murtadha/2017/02/13/2-people-followed-me-and-2-people-unfollowed-me-automatically-checked-by-httpst-coauzmnrtow3-2/","",post,publish,exclude-legacy-post,no,no
"https://people.utm.my/murtadha/2017/02/13/pier-to-to-heaven-monochrome-shadow-water-sea-blackandwhitephotography-blackandwhite-pier-httpst-coifsroqoyeo/","",post,publish,exclude-legacy-post,no,no
"https://people.utm.my/murtadha/2017/02/13/takeovermusic-education-sitting-universitystudent-student-youngmen-singer-artscultureandentertainment-httpst-conyv50zd9o9/","",post,publish,exclude-legacy-post,no,no
"https://people.utm.my/murtadha/2017/02/13/takeovermusic-youngadult-music-oneyoungmanonly-oneperson-rockmusic-streetphoto_bw-streetphotography-httpst-comq6grimqz1/","",post,publish,exclude-legacy-post,no,no
"https://people.utm.my/murtadha/2017/02/13/takeovermusic-guitar-pluckinganinstrument-music-oneperson-midsection-myyearmyview-streetphotography-httpst-colsmns5dujv/","",post,publish,exclude-legacy-post,no,no
"https://people.utm.my/murtadha/2017/02/13/iglongexposures-iglongexposure-fujifilmxt10-fujifilm_xseries-fujifilm-blackandwhite-httpst-coh0jam0tomw/","",post,publish,exclude-legacy-post,no,no
"https://people.utm.my/murtadha/2017/02/13/streetphotography-waitinggame-lowsection-humanleg-street-walking-lifestyles-realpeople-women-outdoors-httpst-cotdetqocmcl/","",post,publish,exclude-legacy-post,no,no
"https://people.utm.my/murtadha/2017/02/13/rt-eyeem-its-back-its-back-12daysofeyeem-2016-is-here-check-back-for-a-new-chance-to-win-every-day-httpst-co5yamh61u0i/","",post,publish,exclude-legacy-post,no,no
"https://people.utm.my/murtadha/2017/02/13/check-out-this-photo-by-mohdmurtadha-at-httpst-cobt6uuvjxfr-via-eyeem/","",post,publish,exclude-legacy-post,no,no
"https://people.utm.my/murtadha/2017/02/13/check-out-this-photo-by-mohdmurtadha-on-eyeem-httpst-copvuoo7cnvt/","",post,publish,exclude-legacy-post,no,no
"https://people.utm.my/murtadha/2017/02/13/check-out-this-photo-by-gryllus-minimus-on-eyeem-httpst-cond3tuqbhde-12daysofeyeem/","",post,publish,exclude-legacy-post,no,no
"https://people.utm.my/murtadha/2017/02/13/2-people-followed-me-and-one-person-unfollowed-me-automatically-checked-by-httpst-coauzmnrtow3-2/","",post,publish,exclude-legacy-post,no,no
"https://people.utm.my/murtadha/2017/02/13/christmas-celebration-tradition-illuminated-christmastree-christmasdecoration-nopeople-christmasornament-httpst-cok88mwyfihq/","",post,publish,exclude-legacy-post,no,no
"https://people.utm.my/murtadha/2017/02/13/christmas-celebration-christmastree-christmasdecoration-christmasornament-nopeople-close-up-greencolor-httpst-cop6sxmrhaoz/","",post,publish,exclude-legacy-post,no,no
"https://people.utm.my/murtadha/2017/02/13/2-people-followed-me-and-4-people-unfollowed-me-automatically-checked-by-httpst-coauzmnrtow3/","",post,publish,exclude-legacy-post,no,no
"https://people.utm.my/murtadha/2017/02/13/check-out-this-photo-by-mohdmurtadha-on-eyeem-httpst-coa724sxosqx/","",post,publish,exclude-legacy-post,no,no
"https://people.utm.my/murtadha/2017/02/13/check-out-this-photo-by-mohdmurtadha-at-httpst-cocl33jyzk8n-via-eyeem/","",post,publish,exclude-legacy-post,no,no
"https://people.utm.my/murtadha/2017/02/13/check-out-this-photo-by-mohdmurtadha-at-httpst-co8qpy3rqkbe-via-eyeem/","",post,publish,exclude-legacy-post,no,no
"https://people.utm.my/murtadha/2017/02/13/2-people-followed-me-automatically-checked-by-httpst-coauzmnrtow3/","",post,publish,exclude-legacy-post,no,no
"https://people.utm.my/murtadha/2017/02/13/check-out-this-photo-by-mohdmurtadha-on-eyeem-httpst-cogcnkuwjkjk/","",post,publish,exclude-legacy-post,no,no
"https://people.utm.my/murtadha/2017/02/13/check-out-this-photo-by-mohdmurtadha-on-eyeem-httpst-coyzo55r7k77/","",post,publish,exclude-legacy-post,no,no
"https://people.utm.my/murtadha/2017/02/13/rt-nabastos-so-amazing-being-part-of-eyeem-i-just-sold-this-photo-on-eyeem-market-eyeempaid-httpst-coqfirwauyun/","",post,publish,exclude-legacy-post,no,no
"https://people.utm.my/murtadha/2017/02/13/rt-jan_tong-eyeempaid-httpst-cobm2maajtkz/","",post,publish,exclude-legacy-post,no,no
"https://people.utm.my/murtadha/2017/02/13/rt-jan_tong-eyeempaid-eyeemmarket-eyeem-httpst-co29lt3vby37/","",post,publish,exclude-legacy-post,no,no
"https://people.utm.my/murtadha/2017/02/13/fohi-portra400-vscofilm-vsco-streetphotography-streetstyle-street-fujifilm-fujifilmxt10-httpst-coclzfrrogiu/","",post,publish,exclude-legacy-post,no,no
"https://people.utm.my/murtadha/2017/02/13/one-person-followed-me-automatically-checked-by-httpst-coauzmnrtow3-2/","",post,publish,exclude-legacy-post,no,no
"https://people.utm.my/murtadha/2017/02/13/rt-natgeo-from-pigs-in-the-bahamas-to-rabbits-in-japan-these-islands-are-ruled-by-animals-httpst-convbzklzd3m/","",post,publish,exclude-legacy-post,no,no
"https://people.utm.my/murtadha/2017/02/13/fohi-egyptian-canadian-portrait-portraitphotography-portraits-fujifilm-fujifilmasia-httpst-coq35qxebzf5/","",post,publish,exclude-legacy-post,no,no
"https://people.utm.my/murtadha/2017/02/13/check-out-this-photo-by-mohdmurtadha-on-eyeem-httpst-coybr0tdkzpr/","",post,publish,exclude-legacy-post,no,no
"https://people.utm.my/murtadha/2017/02/13/miesyayunus-oneperson-youngwomen-youngadult-realpeople-lifestyles-indoors-headshot-women-close-up-day-httpst-cosegt7ocj9s/","",post,publish,exclude-legacy-post,no,no
"https://people.utm.my/murtadha/2017/02/13/miesyayunus-oneperson-indoors-hijab-realpeople-youngwomen-close-up-youngadult-day-fujifilm-httpst-covoyshinnew/","",post,publish,exclude-legacy-post,no,no
"https://people.utm.my/murtadha/2017/02/13/fullframe-foodanddrink-backgrounds-food-highangleview-vegetable-healthyeating-freshness-httpst-co1mdub3fpjy/","",post,publish,exclude-legacy-post,no,no
"https://people.utm.my/murtadha/2017/02/13/fullframe-foodanddrink-backgrounds-food-highangleview-vegetable-healthyeating-freshness-abundance-httpst-comfmjkt35xy/","",post,publish,exclude-legacy-post,no,no
"https://people.utm.my/murtadha/2017/02/13/greencolor-backgrounds-fullframe-freshness-healthyeating-nopeople-food-foodanddrink-close-up-greenbean-httpst-cowsdbzzihml/","",post,publish,exclude-legacy-post,no,no
"https://people.utm.my/murtadha/2017/02/13/greencolor-backgrounds-freshness-fullframe-food-healthyeating-vegetable-nopeople-foodanddrink-close-up-httpst-cocf8vdr7oxf/","",post,publish,exclude-legacy-post,no,no
"https://people.utm.my/murtadha/2017/02/13/check-out-this-photo-by-mohdmurtadha-on-eyeem-httpst-cousdspdr2w9/","",post,publish,exclude-legacy-post,no,no
"https://people.utm.my/murtadha/2017/02/13/streetphotography-street-streetwear-reflection-windows-portrait-portraitphotography-httpst-coqnj1yhnyko/","",post,publish,exclude-legacy-post,no,no
"https://people.utm.my/murtadha/2017/02/13/3-people-followed-me-automatically-checked-by-httpst-coauzmnrtow3-2/","",post,publish,exclude-legacy-post,no,no
"https://people.utm.my/murtadha/2017/02/13/streetphotography-street-streetwear-reflection-windows-portrait-portraitphotography-httpst-cohnmbtwzsja/","",post,publish,exclude-legacy-post,no,no
"https://people.utm.my/murtadha/2017/02/13/check-out-this-photo-by-mohdmurtadha-on-eyeem-httpst-coheua4ou7lb/","",post,publish,exclude-legacy-post,no,no
"https://people.utm.my/murtadha/2017/02/13/metal-nopeople-day-indoors-close-up-builtstructure-architecture-shadow-steel-steelstructure-httpst-colvmzuvecsb/","",post,publish,exclude-legacy-post,no,no
"https://people.utm.my/murtadha/2017/02/13/grill-builtstructure-pattern-architecture-nopeople-outdoors-day-close-up-shadow-steel-steelstructure-httpst-cokaap7oyd0o/","",post,publish,exclude-legacy-post,no,no
"https://people.utm.my/murtadha/2017/02/13/fullframe-backgrounds-seafood-foodanddrink-food-market-retail-healthyeating-largegroupofobjects-httpst-coadpeipq7ll/","",post,publish,exclude-legacy-post,no,no
"https://people.utm.my/murtadha/2017/02/13/streetphotography-street-streetwear-reflection-windows-portrait-portraitphotography-httpst-co8cswprrjlv/","",post,publish,exclude-legacy-post,no,no
"https://people.utm.my/murtadha/2017/02/13/2-people-followed-me-and-one-person-unfollowed-me-automatically-checked-by-httpst-coauzmnrtow3/","",post,publish,exclude-legacy-post,no,no
"https://people.utm.my/murtadha/2017/02/13/streetphotography-street-streetwear-reflection-windows-portrait-portraitphotography-httpst-coba9nk6b1ll/","",post,publish,exclude-legacy-post,no,no
"https://people.utm.my/murtadha/2017/02/13/red-indoors-close-up-sweetfood-nopeople-food-day-retail-boutique-retaildisplay-httpst-cov0qpkicndn/","",post,publish,exclude-legacy-post,no,no
"https://people.utm.my/murtadha/2017/02/13/blue-largegroupofobjects-fullframe-nopeople-outdoors-water-day-freshness-bottle-bottlecap-abundance-httpst-co6u0wwx0sed/","",post,publish,exclude-legacy-post,no,no
"https://people.utm.my/murtadha/2017/02/13/foodanddrink-freshness-food-healthyeating-fullframe-largegroupofobjects-abundance-backgrounds-market-httpst-coc8xbmunfz7/","",post,publish,exclude-legacy-post,no,no
"https://people.utm.my/murtadha/2017/02/13/food-foodanddrink-freshness-fullframe-healthyeating-rawpotato-iphoneography-farmermarket-market-httpst-covhuy0ogqcb/","",post,publish,exclude-legacy-post,no,no
"https://people.utm.my/murtadha/2017/02/13/vegetable-healthyeating-food-freshness-foodanddrink-retail-carrot-forsale-market-largegroupofobjects-httpst-comu81jp82ap/","",post,publish,exclude-legacy-post,no,no
"https://people.utm.my/murtadha/2017/02/13/vegetable-healthyeating-freshness-retail-market-food-foodanddrink-abundance-largegroupofobjects-httpst-cojs0dlrs7ja/","",post,publish,exclude-legacy-post,no,no
"https://people.utm.my/murtadha/2017/02/13/food-foodanddrink-fullframe-healthyeating-abundance-backgrounds-largegroupofobjects-freshness-nopeople-httpst-co0psts56vfb/","",post,publish,exclude-legacy-post,no,no
"https://people.utm.my/murtadha/2017/02/13/food-foodanddrink-freshness-fullframe-abundance-healthyeating-largegroupofobjects-backgrounds-httpst-costeqaqpg2u/","",post,publish,exclude-legacy-post,no,no
"https://people.utm.my/murtadha/2017/02/13/foodanddrink-food-healthyeating-freshness-fullframe-abundance-stilllife-vegetable-backgrounds-httpst-cougqu62wtsa/","",post,publish,exclude-legacy-post,no,no
"https://people.utm.my/murtadha/2017/02/13/food-foodanddrink-healthyeating-freshness-vegetable-abundance-nulliphoneography-market-shallots-httpst-coj8j2nk9ove/","",post,publish,exclude-legacy-post,no,no
"https://people.utm.my/murtadha/2017/02/13/nature-pineapple-fruit-close-up-food-growth-freshness-outdoors-backgrounds-fullframe-growth-market-httpst-copoyw2ykusg/","",post,publish,exclude-legacy-post,no,no
"https://people.utm.my/murtadha/2017/02/13/iphoneography-pineapple-fruit-foodanddrink-food-close-up-freshness-outdoors-nopeople-healthyeating-day-httpst-cow3quo91y70/","",post,publish,exclude-legacy-post,no,no
"https://people.utm.my/murtadha/2017/02/13/flower-beautyinnature-freshness-nature-petal-backgrounds-fragility-fullframe-flowerhead-pinkcolor-httpst-co3u2s4c4ee1/","",post,publish,exclude-legacy-post,no,no
"https://people.utm.my/murtadha/2017/02/13/flower-beautyinnature-freshness-fullframe-nature-petal-pinkcolor-fragility-flowerhead-backgrounds-httpst-cou19zw9jim0/","",post,publish,exclude-legacy-post,no,no
"https://people.utm.my/murtadha/2017/02/13/congkak-traditional-traditionalcostume-traditionalwear-malaysia-malaytraditional-red-httpst-cok4yczshr9i/","",post,publish,exclude-legacy-post,no,no
"https://people.utm.my/murtadha/2017/02/13/windows-girl-woman-fujifilm_xseries-fujifilm-adult-girl-grace-indoors-oneperson-httpst-coiuj9jdq6jh/","",post,publish,exclude-legacy-post,no,no
"https://people.utm.my/murtadha/2017/02/13/eyeemoninstagram-malaytraditional-dress-wooden-house-traditionalwear-traditional-httpst-cos0nxda9ebs/","",post,publish,exclude-legacy-post,no,no
"https://people.utm.my/murtadha/2017/02/13/3-people-followed-me-and-one-person-unfollowed-me-automatically-checked-by-httpst-coauzmnrtow3-3/","",post,publish,exclude-legacy-post,no,no
"https://people.utm.my/murtadha/2017/02/13/jeffwall-inspiration-art-fujifilm-fujifilm_xseries-fujifilm_xseries-thatsme-johor-bahru-httpst-cobtjkqfqom5/","",post,publish,exclude-legacy-post,no,no
"https://people.utm.my/murtadha/2017/02/13/jeff-walls-indoors-rearview-men-uniform-oneperson-adultsonly-onemanonly-adult-onlymen-people-day-httpst-corfkdrjdhum/","",post,publish,exclude-legacy-post,no,no
"https://people.utm.my/murtadha/2017/02/13/realpeople-wedding-women-weddingdress-fabric-close-up-indoors-day-retaildisplay-boutique-retail-httpst-copdqgyapjjc/","",post,publish,exclude-legacy-post,no,no
"https://people.utm.my/murtadha/2017/02/13/close-up-indoors-nopeople-day-retail-boutique-retaildisplay-httpst-coqsbnliokyb/","",post,publish,exclude-legacy-post,no,no
"https://people.utm.my/murtadha/2017/02/13/multicolored-fullframe-close-up-unhealthyeating-backgrounds-largegroupofobjects-sweetfood-nopeople-httpst-co7wgaqpt0bm/","",post,publish,exclude-legacy-post,no,no
"https://people.utm.my/murtadha/2017/02/13/fullframe-food-foodanddrink-greencolor-vegetable-backgrounds-freshness-healthyeating-close-up-nopeople-httpst-cotlfl0zvpo7/","",post,publish,exclude-legacy-post,no,no
"https://people.utm.my/murtadha/2017/02/13/freshness-food-fullframe-healthyeating-backgrounds-foodanddrink-forsale-fruit-nopeople-httpst-coacktm0nj0x/","",post,publish,exclude-legacy-post,no,no
"https://people.utm.my/murtadha/2017/02/13/multicolored-largegroupofobjects-abundance-nopeople-food-backgrounds-sweetfood-indoors-gelatindessert-httpst-co7noeocc26l/","",post,publish,exclude-legacy-post,no,no
"https://people.utm.my/murtadha/2017/02/13/foodanddrink-multicolored-stilllife-abundance-largegroupofobjects-food-sweetfood-gelatindessert-candy-httpst-coxw27ood9c5/","",post,publish,exclude-legacy-post,no,no
"https://people.utm.my/murtadha/2017/02/13/multicolored-backgrounds-nopeople-largegroupofobjects-fullframe-food-close-up-freshness-outdoors-day-httpst-cozcqdzhi2gx/","",post,publish,exclude-legacy-post,no,no
"https://people.utm.my/murtadha/2017/02/13/my-pic-httpst-co8s8vqpddou-in-the-year-on-eyeem-part-iii-currated-by-jonathon-jaybostwick-you-can-httpst-coxpgk50yh0a/","",post,publish,exclude-legacy-post,no,no
"https://people.utm.my/murtadha/2017/02/13/my-pic-httpst-co8s8vqpddou-in-the-year-on-eyeem-part-iii-currated-by-jonathon-httpst-comwnszwm7kh/","",post,publish,exclude-legacy-post,no,no
"https://people.utm.my/murtadha/2017/02/13/my-pic-httpst-co8s8vqpddou-in-the-year-on-eyeem-part-iii-currated-by-jonathon-jaybostwick-you-can-httpst-co5h3ofdrs5l/","",post,publish,exclude-legacy-post,no,no
"https://people.utm.my/murtadha/2017/02/13/one-person-unfollowed-me-automatically-checked-by-httpst-coauzmnrtow3-2/","",post,publish,exclude-legacy-post,no,no
"https://people.utm.my/murtadha/2017/02/13/night-buildingexterior-illuminated-nopeople-builtstructure-tree-dark-building-coconuttrees-astronomy-httpst-coj6pfffsygl/","",post,publish,exclude-legacy-post,no,no
"https://people.utm.my/murtadha/2017/02/13/lowangleview-nature-beautyinnature-scenics-nopeople-moon-night-moonlight-iphoneography-tranquility-sky-httpst-com74yqj7vaw/","",post,publish,exclude-legacy-post,no,no
"https://people.utm.my/murtadha/2017/02/13/moon-moonlight-night-dark-coconut-tree-lookingup-iphoneography-noedit-nofilter-johor-httpst-cohdgdevvvlx/","",post,publish,exclude-legacy-post,no,no
"https://people.utm.my/murtadha/2017/02/13/miesyayunus-shadowandlight-lights-eyemoninstagram-tangota-illumination-portrait-girl-httpst-coiq6ggdyudu/","",post,publish,exclude-legacy-post,no,no
"https://people.utm.my/murtadha/2017/02/13/one-person-followed-me-automatically-checked-by-httpst-coauzmnrtow3/","",post,publish,exclude-legacy-post,no,no
"https://people.utm.my/murtadha/2017/02/13/adult-closeup-fujifilm-fujifilmxt10-fujifilm_xseries-silhouette-boxing-boxingring-httpst-coapjdgpieja/","",post,publish,exclude-legacy-post,no,no
"https://people.utm.my/murtadha/2017/02/13/tko-tko-boxing-boxinggloves-boxingring-referee-defeated-kneeling-fujifilmxt10-fujifilm-httpst-comw0pc985ed/","",post,publish,exclude-legacy-post,no,no
"https://people.utm.my/murtadha/2017/02/13/rt-eyeem-stop-thinking-about-art-works-as-objects-and-start-thinking-about-them-as-triggers-for-experiences-brian-eno/","",post,publish,exclude-legacy-post,no,no
"https://people.utm.my/murtadha/2017/02/13/unblockable-boxing-boxinggloves-boxingring-combatsports-determination-competetivesport-httpst-cocoo3kutv1a/","",post,publish,exclude-legacy-post,no,no
"https://people.utm.my/murtadha/2017/02/13/landscape-lake-cloud-sky-day-blue-nature-green-skudai-johor-malaysia-httpst-copfsdtzhgvs/","",post,publish,exclude-legacy-post,no,no
"https://people.utm.my/murtadha/2017/02/13/streetphotography-street-streetwear-reflection-windows-portrait-portraitphotography-httpst-cojxlmpmsldl/","",post,publish,exclude-legacy-post,no,no
"https://people.utm.my/murtadha/2017/02/13/3-people-followed-me-and-one-person-unfollowed-me-automatically-checked-by-httpst-coauzmnrtow3-2/","",post,publish,exclude-legacy-post,no,no
"https://people.utm.my/murtadha/2017/02/13/miesyayunus-streetphotography-street-streetwear-reflection-windows-portrait-httpst-courwmdkmebt/","",post,publish,exclude-legacy-post,no,no
"https://people.utm.my/murtadha/2017/02/13/miesyayunus-eyeemoninstagram-lady-portrait-streetphotography-street-streetwear-httpst-co59gsgxusxw/","",post,publish,exclude-legacy-post,no,no
"https://people.utm.my/murtadha/2017/02/13/horsepower-horse-blackandwhitephotography-blackandwhite-eyeemoninstagram-eyeem-noedit-httpst-cozjuca60mam/","",post,publish,exclude-legacy-post,no,no
"https://people.utm.my/murtadha/2017/02/13/horse-nature-animal-outdoor-fujifilm-x-t10-eyes-eyeem-eyeemoninstagram-noedit-httpst-coyfocyczaou/","",post,publish,exclude-legacy-post,no,no
"https://people.utm.my/murtadha/2017/02/13/washingmachine-laundromat-laundry-convenience-nopeople-dryer-indoors-appliance-day-dryermachine-noedit-httpst-co0axmradhjl/","",post,publish,exclude-legacy-post,no,no
"https://people.utm.my/murtadha/2017/02/13/adaptedtothecity-buildingexterior-architecture-lowangleview-lowangleview-iphoneography-modern-clearsky-httpst-couqp7qbtng3/","",post,publish,exclude-legacy-post,no,no
"https://people.utm.my/murtadha/2017/02/13/buildingexterior-architecture-lowangleview-builtstructure-clearsky-nopeople-day-outdoors-modern-sky-httpst-comeaxjvqbhq/","",post,publish,exclude-legacy-post,no,no
"https://people.utm.my/murtadha/2017/02/13/adaptedtothecity-buildingexterior-architecture-builtstructure-lowangleview-nopeople-clearsky-sky-day-httpst-cotfxuop4miy/","",post,publish,exclude-legacy-post,no,no
"https://people.utm.my/murtadha/2017/02/13/streetphotography-realpeople-highangleview-yellow-lifestyles-shadow-focusonshadow-oneperson-outdoors-httpst-coesdqltgoum/","",post,publish,exclude-legacy-post,no,no
"https://people.utm.my/murtadha/2017/02/13/yellow-focusonshadow-lifestyles-realpeople-shadow-leisureactivity-highangleview-sunlight-standing-httpst-coj44xqualo0/","",post,publish,exclude-legacy-post,no,no
"https://people.utm.my/murtadha/2017/02/13/3-people-followed-me-automatically-checked-by-httpst-coauzmnrtow3/","",post,publish,exclude-legacy-post,no,no
"https://people.utm.my/murtadha/2017/02/13/happy-birthday-along-streetphotography-street-streetwear-windows-portrait-httpst-cotzzwdgbi28/","",post,publish,exclude-legacy-post,no,no
"https://people.utm.my/murtadha/2017/02/13/architecture-city-buildingexterior-skyscraper-night-illuminated-cityscape-modern-builtstructure-tower-httpst-cotnpbczxufc/","",post,publish,exclude-legacy-post,no,no
"https://people.utm.my/murtadha/2017/02/13/streetphotography-street-streetwear-reflection-windows-portrait-portraitphotography-httpst-co7teiha09uq/","",post,publish,exclude-legacy-post,no,no
"https://people.utm.my/murtadha/2017/02/13/streetphotography-street-streetwear-reflection-windows-portrait-portraitphotography-httpst-co0xsne7ii8x/","",post,publish,exclude-legacy-post,no,no
"https://people.utm.my/murtadha/2017/02/13/bestfm-deejay-along-cham-and-zaryn-twopeople-youngmen-sunglasses-realpeople-lifestyles-holding-youngadult-httpst-cozsmwx1nqnv/","",post,publish,exclude-legacy-post,no,no
"https://people.utm.my/murtadha/2017/02/13/city-buildingexterior-architecture-tree-street-builtstructure-clearsky-outdoors-transportation-citylife-httpst-cozxwgnsbxfi/","",post,publish,exclude-legacy-post,no,no
"https://people.utm.my/murtadha/2017/02/13/kepohter-streetphotography-street-streetwear-reflection-windows-portrait-httpst-cojvuezmnrog/","",post,publish,exclude-legacy-post,no,no
"https://people.utm.my/murtadha/2017/02/13/fingers-pattern-textured-indoors-close-up-backgrounds-nopeople-freshness-hand-bubblewrap-newnaivety-httpst-cokxm6vpunzl/","",post,publish,exclude-legacy-post,no,no
"https://people.utm.my/murtadha/2017/02/13/fullframe-plastic-close-up-nature-backgrounds-nopeople-day-unfiltered-newnaivety-bubblewrap-hand-fingers-httpst-co8aq6aprtwj/","",post,publish,exclude-legacy-post,no,no
"https://people.utm.my/murtadha/2017/02/13/stan-wawrinka-beats-jo-wilfried-tsonga-in-australian-open-quarter-final-as-it-happened-httpst-cohtjkcberxi/","",post,publish,exclude-legacy-post,no,no
"https://people.utm.my/murtadha/2017/02/13/stan-wawrinka-beats-jo-wilfried-tsonga-in-australian-open-quarter-final-as-it-happened-httpst-cohtjkcberxi-2/","",post,publish,exclude-legacy-post,no,no
"https://people.utm.my/murtadha/2017/02/13/rt-techcrunch-chinese-bike-sharing-startup-mobike-snags-strategic-investment-from-foxconn-httpst-copqtil3ukl9-by-jonrussell/","",post,publish,exclude-legacy-post,no,no
"https://people.utm.my/murtadha/2017/02/13/here-are-the-latest-photos-by-tdh-on-eyeem-httpst-cobepawfscxu-alxia_n/","",post,publish,exclude-legacy-post,no,no
"https://people.utm.my/murtadha/2017/02/13/httpst-cofe0c4plosp-httpst-cofe0c4plosp/","",post,publish,exclude-legacy-post,no,no
"https://people.utm.my/murtadha/2017/02/13/5-people-followed-me-and-one-person-unfollowed-me-automatically-checked-by-httpst-coauzmnrtow3/","",post,publish,exclude-legacy-post,no,no
"https://people.utm.my/murtadha/2017/02/13/eyeem-preset-tryout-chrome-streetphotography-street-streetwear-reflection-portrait-httpst-cou4lsodccqb/","",post,publish,exclude-legacy-post,no,no
"https://people.utm.my/murtadha/2017/02/13/eyeem-presets-tryout-portrait-httpst-coks0ocy9zy4-streetphotography-httpst-co85oiagwhvi/","",post,publish,exclude-legacy-post,no,no
"https://people.utm.my/murtadha/2017/02/13/miesyayunus-streetphotography-street-streetwear-reflection-portrait-portraitphotography-httpst-conqbknw5fbx/","",post,publish,exclude-legacy-post,no,no
"https://people.utm.my/murtadha/2017/02/13/leaf-growth-water-plant-nature-highangleview-greencolor-fragility-beautyinnature-freshness-nopeople-httpst-coglpba9gxmu/","",post,publish,exclude-legacy-post,no,no
"https://people.utm.my/murtadha/2017/02/13/leaf-greencolor-growth-plant-freshness-nature-healthyeating-fullframe-close-up-food-green-nature-httpst-coww59wmhz65/","",post,publish,exclude-legacy-post,no,no
"https://people.utm.my/murtadha/2017/02/13/check-out-this-photo-by-m-o-h-d-m-u-r-t-a-d-h-a-on-eyeem-httpst-coykyuaxmcuc/","",post,publish,exclude-legacy-post,no,no
"https://people.utm.my/murtadha/2017/02/13/one-person-followed-me-and-2-people-unfollowed-me-automatically-checked-by-httpst-coauzmnrtow3/","",post,publish,exclude-legacy-post,no,no
"https://people.utm.my/murtadha/2017/02/13/rt-eyeem-adaptedtothecity-capture-urban-environments-in-new-ways-for-our-mission-with-landrover-httpst-condni7eytog-httpst-co6tsvmxlzvt/","",post,publish,exclude-legacy-post,no,no
"https://people.utm.my/murtadha/2017/02/13/hand-oneperson-bubble-underwater-realpeople-lifestyles-adultsonly-indoors-youngadult-bubblewrap-httpst-cowbigoukqda/","",post,publish,exclude-legacy-post,no,no
"https://people.utm.my/murtadha/2017/02/13/hand-oneperson-bubble-underwater-realpeople-lifestyles-adultsonly-indoors-youngadult-bubblewrap-httpst-cowbigoukqda-2/","",post,publish,exclude-legacy-post,no,no
"https://people.utm.my/murtadha/2017/02/13/fullframe-textured-backgrounds-close-up-iphoneography-nopeople-science-biology-freshness-nature-day-httpst-cof71ca1r9ei/","",post,publish,exclude-legacy-post,no,no
"https://people.utm.my/murtadha/2017/02/13/eyeem-presets-tryout-lifestyle-httpst-coks0ocyrawe-streetphotography-httpst-coi731xn9mku/","",post,publish,exclude-legacy-post,no,no
"https://people.utm.my/murtadha/2017/02/13/rt-kiranjassal11-missuniverse-malaysia-httpst-cok61qicltf4/","",post,publish,exclude-legacy-post,no,no
"https://people.utm.my/murtadha/2017/02/13/thank-you-eyeem-for-the-week-5-feature-in-weekoneyeem-eyeemmagazine-eyeemoninstagram-httpst-cojxnp3e9bp2/","",post,publish,exclude-legacy-post,no,no
"https://people.utm.my/murtadha/2017/02/13/3-people-followed-me-and-one-person-unfollowed-me-automatically-checked-by-httpst-coauzmnrtow3/","",post,publish,exclude-legacy-post,no,no
"https://people.utm.my/murtadha/2017/02/13/eyeem-presets-tryout-black-white-streetphotography-street-streetwear-windows-httpst-co2zzvw6m4tx/","",post,publish,exclude-legacy-post,no,no
"https://people.utm.my/murtadha/2017/02/13/happy-chinese-new-years-eve-to-all-cc-alxia_n-and-family/","",post,publish,exclude-legacy-post,no,no
"https://people.utm.my/murtadha/2017/02/13/tree-nature-treetrunk-growth-lowangleview-beautyinnature-sky-tranquility-outdoors-nopeople-httpst-copiu15ynead/","",post,publish,exclude-legacy-post,no,no
"https://people.utm.my/murtadha/2017/02/13/leaf-outdoors-nopeople-close-up-day-fragility-water-nature-highangleview-waterreflections-httpst-coo2yfzponhq/","",post,publish,exclude-legacy-post,no,no
"https://people.utm.my/murtadha/2017/02/13/plant-growth-nature-greencolor-water-nopeople-grass-day-leaf-outdoors-beautyinnature-animalthemes-httpst-coftkdvtfa4n/","",post,publish,exclude-legacy-post,no,no
"https://people.utm.my/murtadha/2017/02/13/my-publications-reached-1500-reads-httpst-cosgarh8wiis-via-researchgate/","",post,publish,exclude-legacy-post,no,no
"https://people.utm.my/murtadha/2017/02/13/morgen-palmtree-sky-silhouette-tropicalclimate-tranquilscene-silhouette-scenics-sunset-beautyinnature-httpst-colxgpt27ijh/","",post,publish,exclude-legacy-post,no,no
"https://people.utm.my/murtadha/2017/02/13/morning-reflection-water-palmtree-nature-outdoors-sunset-beautyinnature-tree-buildingexterior-httpst-cosgfnwnhlpn/","",post,publish,exclude-legacy-post,no,no
"https://people.utm.my/murtadha/2017/02/13/student-campus-portrait-portraitphotography-fujifilm_xseries-fujifilm-fujifilmxt10-httpst-cozgiptxqmq7/","",post,publish,exclude-legacy-post,no,no
"https://people.utm.my/murtadha/2017/02/13/4-people-followed-me-and-one-person-unfollowed-me-automatically-checked-by-httpst-coauzmnrtow3/","",post,publish,exclude-legacy-post,no,no
"https://people.utm.my/murtadha/2017/02/13/blue-sky-nature-tranquility-cloud-sky-lowangleview-nopeople-beautyinnature-day-scenics-heaven-httpst-co7fwunsbfld/","",post,publish,exclude-legacy-post,no,no
"https://people.utm.my/murtadha/2017/02/13/blue-sky-nature-cloud-sky-lowangleview-tranquility-beautyinnature-heaven-nopeople-scenics-httpst-coqdrhqwtbxn/","",post,publish,exclude-legacy-post,no,no
"https://people.utm.my/murtadha/2017/02/13/eyeemoninstagram-campus-architecture-buildingwhite-bright-fujifilm-fujifilm_xseries-httpst-cocaxa2dwnub/","",post,publish,exclude-legacy-post,no,no
"https://people.utm.my/murtadha/2017/02/13/campus-road-leadinglines-green-nature-trees-day-motorcycle-ride-line-grass-skudai-httpst-coklbdnh3our/","",post,publish,exclude-legacy-post,no,no
"https://people.utm.my/murtadha/2017/02/13/httpst-cow1teidmlfp-httpst-cofpplbdrkfy/","",post,publish,exclude-legacy-post,no,no
"https://people.utm.my/murtadha/2017/02/13/campus-road-leadinglines-green-nature-trees-day-motorcycle-ride-line-grass-httpst-connrttmbfqz/","",post,publish,exclude-legacy-post,no,no
"https://people.utm.my/murtadha/2017/02/13/2-people-unfollowed-me-automatically-checked-by-httpst-coauzmnrtow3/","",post,publish,exclude-legacy-post,no,no
"https://people.utm.my/murtadha/2017/02/13/sky-lowangleview-blue-day-outdoors-nature-airpollution-vaportrail-nopeople-iphoneography-httpst-co49rxawy3qn/","",post,publish,exclude-legacy-post,no,no
"https://people.utm.my/murtadha/2017/02/13/sun-lensflare-sunbeam-sunlight-sky-blue-lowangleview-nature-shining-nopeople-beautyinnature-outdoors-httpst-covyfmxrivd9/","",post,publish,exclude-legacy-post,no,no
"https://people.utm.my/murtadha/2017/02/13/umbrella-streetphotography-puddle-water-reflection-bobthebuilder-tarmac-grip-httpst-cokhgrqnvrwx/","",post,publish,exclude-legacy-post,no,no
"https://people.utm.my/murtadha/2017/02/13/black-rain-outdoors-oneperson-realpeople-day-close-up-water-people-iphoneography-holding-wet-umbrella-httpst-coiicgj2i9tm/","",post,publish,exclude-legacy-post,no,no
"https://people.utm.my/murtadha/2017/02/13/rain-a-little-bit-umbrella-rain-protection-wet-oneperson-multicolored-holding-people-adult-water-httpst-co8xglccqsqj/","",post,publish,exclude-legacy-post,no,no
"https://people.utm.my/murtadha/2017/02/13/streetphotography-streetstyle-food-foodstall-ladies-traditional-blackandwhite-httpst-cotoyftt2cgh/","",post,publish,exclude-legacy-post,no,no
"https://people.utm.my/murtadha/2017/02/13/one-person-unfollowed-me-automatically-checked-by-httpst-coauzmnrtow3/","",post,publish,exclude-legacy-post,no,no
"https://people.utm.my/murtadha/2017/02/13/student-campus-portrait-portraitphotography-fujifilm-fujifilm_xseries-fujifilmxt10-httpst-cop8wzg00dmb/","",post,publish,exclude-legacy-post,no,no
"https://people.utm.my/murtadha/2017/02/13/thecitylight-iphoneography-humanhand-oneperson-holding-close-up-humanbodypart-onemanonly-indoors-httpst-coicaodvcvsd/","",post,publish,exclude-legacy-post,no,no
"https://people.utm.my/murtadha/2017/02/13/humanhand-oneperson-holding-close-up-wood-material-humanbodypart-realpeople-indoors-onemanonly-httpst-cowcprubrl0r/","",post,publish,exclude-legacy-post,no,no
"https://people.utm.my/murtadha/2017/02/13/indoors-nopeople-illuminated-night-frostedglass-close-up-windows-glass-iphoneography-lighteffect-httpst-coatu0nukmjh/","",post,publish,exclude-legacy-post,no,no
"https://people.utm.my/murtadha/2017/02/13/indoors-nopeople-illuminated-night-frostedglass-close-up-windows-glass-iphoneography-lighteffect-httpst-coatu0nukmjh-2/","",post,publish,exclude-legacy-post,no,no
"https://people.utm.my/murtadha/2017/02/13/illuminated-indoors-nopeople-night-lighteffect-frostedglass-close-up-iphoneography-glass-windows-httpst-coohmykrdrve/","",post,publish,exclude-legacy-post,no,no
"https://people.utm.my/murtadha/2017/02/13/rt-sadakane_gen-sponsored-post-eyeem-httpst-coro9lfjdhi7/","",post,publish,exclude-legacy-post,no,no
"https://people.utm.my/murtadha/2017/02/13/vsco-vsconike-portrait-portraitphotography-red-fujifilm-fujifilmxt10-fujifilm_xseries-httpst-codnlnvj1mqr/","",post,publish,exclude-legacy-post,no,no
"https://people.utm.my/murtadha/2017/02/13/red-realpeople-oneperson-lookingatcamera-frontview-youngadult-lifestyles-indoors-close-up-fujifilm-httpst-co11dgpus45r/","",post,publish,exclude-legacy-post,no,no
"https://people.utm.my/murtadha/2017/02/13/frontview-oneperson-realpeople-headshot-lookingdown-youngadult-portrait-indoors-close-up-day-fujifilm-httpst-coszdl8ln7il/","",post,publish,exclude-legacy-post,no,no
"https://people.utm.my/murtadha/2017/02/13/2-people-followed-me-and-2-people-unfollowed-me-automatically-checked-by-httpst-coauzmnrtow3/","",post,publish,exclude-legacy-post,no,no
"https://people.utm.my/murtadha/2017/02/13/rt-latest-design-mini-vector-camera-icon-csh-psd-httpst-cos5doy5d9f3/","",post,publish,exclude-legacy-post,no,no
"https://people.utm.my/murtadha/2017/02/13/iphoneography-light-shadow-lightandshadow-humanbody-wood-surface-eyeemoninstagram-httpst-co33uicoaufa/","",post,publish,exclude-legacy-post,no,no
"https://people.utm.my/murtadha/2016/12/28/related-documents/","",post,publish,exclude-legacy-post,no,no
"https://people.utm.my/murtadha/2016/09/07/garuda-aibkan-harimau-malaysia-di-solo/","",post,publish,exclude-legacy-post,no,no
"https://people.utm.my/murtadha/2016/09/06/anggota-polis-cederakan-guru-ditahan/","",post,publish,exclude-legacy-post,no,no
"https://people.utm.my/murtadha/2016/09/06/chief-minister-of-indias-largest-state-promises-free-smartphones-to-lure-voters-ahead-of-elections/","",post,publish,exclude-legacy-post,no,no
"https://people.utm.my/murtadha/2016/09/06/warner-bros-asks-google-to-remove-its-own-website-due-to-copyright-infringement/","",post,publish,exclude-legacy-post,no,no
"https://people.utm.my/murtadha/2016/09/06/dont-bin-them-you-can-mail-back-your-used-nespresso-coffee-pods/","",post,publish,exclude-legacy-post,no,no
"https://people.utm.my/murtadha/2016/09/06/sea-change-the-american-ceos-leading-australian-startups/","",post,publish,exclude-legacy-post,no,no
"https://people.utm.my/murtadha/2016/09/06/trump-campaign-gets-in-twitter-trouble-again-with-photoshopped-poll-image/","",post,publish,exclude-legacy-post,no,no
"https://people.utm.my/murtadha/2016/09/05/saya-tidak-berdamai-dengan-anwar-mahathir/","",post,publish,exclude-legacy-post,no,no
"https://people.utm.my/murtadha/2016/09/05/tv-hosts-award-nomination-for-transphobic-slur-apology-attracts-backlash/","",post,publish,exclude-legacy-post,no,no
"https://people.utm.my/murtadha/2016/09/05/this-is-why-you-should-never-ever-call-j-k-rowling-lazy/","",post,publish,exclude-legacy-post,no,no
"https://people.utm.my/murtadha/2016/09/05/beyonc-and-jay-z-hang-out-with-bill-clinton-at-music-fest/","",post,publish,exclude-legacy-post,no,no
"https://people.utm.my/murtadha/2016/09/05/fans-froth-over-chris-hemsworths-insta-homage-to-his-hot-dad/","",post,publish,exclude-legacy-post,no,no
"https://people.utm.my/murtadha/2016/09/05/hermine-sends-serious-waves-to-new-york-and-new-jersey-coastlines/","",post,publish,exclude-legacy-post,no,no
"https://people.utm.my/murtadha/2016/09/05/dont-breathe-finishes-on-top-at-labor-day-weekend-box-office/","",post,publish,exclude-legacy-post,no,no
"https://people.utm.my/murtadha/2016/09/05/pesuruhjaya-tinggi-sri-lanka-cedera-diserang-di-klia/","",post,publish,exclude-legacy-post,no,no
"https://people.utm.my/murtadha/2016/09/04/watch-drake-get-a-face-full-of-cake-courtesy-of-tyra-banks-in-his-new-video/","",post,publish,exclude-legacy-post,no,no
"https://people.utm.my/murtadha/2016/09/04/boomer-phelps-is-the-real-king-of-the-pool-in-new-instagram-video/","",post,publish,exclude-legacy-post,no,no
"https://people.utm.my/murtadha/2016/09/04/kendall-jenner-snags-free-lyft-deal-following-uber-ban/","",post,publish,exclude-legacy-post,no,no
"https://people.utm.my/murtadha/2016/09/04/1984-partying-with-british-mates-in-ibiza/","",post,publish,exclude-legacy-post,no,no
"https://people.utm.my/murtadha/2016/09/04/tmj-akui-tiada-bukti-rasuah-dalam-pendrive/","",post,publish,exclude-legacy-post,no,no
"https://people.utm.my/murtadha/2016/09/03/yep-asuss-zenbook-3-is-a-total-macbook-copycat/","",post,publish,exclude-legacy-post,no,no
"https://people.utm.my/murtadha/2016/09/03/this-55000-98-inch-8k-tv-is-actually-cheap/","",post,publish,exclude-legacy-post,no,no
"https://people.utm.my/murtadha/2016/09/03/pesakit-jangkitan-zika-tempatan-pertama-meninggal-dunia/","",post,publish,exclude-legacy-post,no,no
"https://people.utm.my/murtadha/2016/09/03/ikuti-majlis-pertemuan-semua-bekas-kakitangan-mas-malam-ini/","",post,publish,exclude-legacy-post,no,no
"https://people.utm.my/murtadha/2016/09/03/cats-peer-out-of-pockets-in-japanese-artists-embroidered-shirts/","",post,publish,exclude-legacy-post,no,no
"https://people.utm.my/murtadha/2016/09/03/mesmerizing-gif-shows-the-slow-death-of-a-sea/","",post,publish,exclude-legacy-post,no,no
"https://people.utm.my/murtadha/2016/09/03/24-ditahan-main-judi-di-rumah-orang-mati/","",post,publish,exclude-legacy-post,no,no
"https://people.utm.my/murtadha/2016/09/03/romeo-the-dog-pulled-alive-from-italy-earthquake-rubble-after-9-days/","",post,publish,exclude-legacy-post,no,no
"https://people.utm.my/murtadha/2016/09/03/facebook-is-testing-a-new-feature-to-encourage-conversations/","",post,publish,exclude-legacy-post,no,no
"https://people.utm.my/murtadha/2016/09/02/saya-anak-malaysia-pm-7/","",post,publish,exclude-legacy-post,no,no
"https://people.utm.my/murtadha/2016/09/02/michael-phelps-gets-the-life-size-phelps-face-cutout-he-deserves/","",post,publish,exclude-legacy-post,no,no
"https://people.utm.my/murtadha/2016/09/02/how-to-use-a-numbers-game-to-shut-down-a-demanding-con-artist/","",post,publish,exclude-legacy-post,no,no
"https://people.utm.my/murtadha/2016/09/02/saya-anak-malaysia-pm-6/","",post,publish,exclude-legacy-post,no,no
"https://people.utm.my/murtadha/2016/09/02/aidiladha-disambut-12-september-ini-2/","",post,publish,exclude-legacy-post,no,no
"https://people.utm.my/murtadha/2016/09/02/an-appreciation-of-the-mcdonalds-employee-with-down-syndrome-who-just-retired-after-32-years/","",post,publish,exclude-legacy-post,no,no
"https://people.utm.my/murtadha/2016/09/02/wave-of-90s-throwback-tours-proves-the-nostalgia-cycle-is-in-full-effect/","",post,publish,exclude-legacy-post,no,no
"https://people.utm.my/murtadha/2016/09/02/aidiladha-disambut-12-september-ini/","",post,publish,exclude-legacy-post,no,no
"https://people.utm.my/murtadha/2016/09/01/sonys-new-headphones-promise-to-drown-out-all-outside-noise/","",post,publish,exclude-legacy-post,no,no
"https://people.utm.my/murtadha/2016/09/01/the-internet-reacts-to-make-mexico-great-again-also-hats/","",post,publish,exclude-legacy-post,no,no
"https://people.utm.my/murtadha/2016/09/01/saya-anak-malaysia-pm-5/","",post,publish,exclude-legacy-post,no,no
"https://people.utm.my/murtadha/2016/09/01/isu-pendrive-fam-tunggu-dan-lihat/","",post,publish,exclude-legacy-post,no,no
"https://people.utm.my/murtadha/2016/09/01/that-video-of-a-hawk-dropping-a-snake-on-a-bbq-its-definitely-a-hoax/","",post,publish,exclude-legacy-post,no,no
"https://people.utm.my/murtadha/2016/09/01/alcatels-vision-vr-headset-doesnt-need-a-phone/","",post,publish,exclude-legacy-post,no,no
"https://people.utm.my/murtadha/2016/09/01/saya-anak-malaysia-pm-4/","",post,publish,exclude-legacy-post,no,no
"https://people.utm.my/murtadha/2016/09/01/wanita-dirogol-polis-rayu-saksi-tampil-bantu-siasatan-2/","",post,publish,exclude-legacy-post,no,no
"https://people.utm.my/murtadha/2016/09/01/amazon-buyers-mistake-doll-sized-desks-for-human-sized-ones/","",post,publish,exclude-legacy-post,no,no
"https://people.utm.my/murtadha/2016/09/01/wanita-dirogol-polis-rayu-saksi-tampil-bantu-siasatan/","",post,publish,exclude-legacy-post,no,no
"https://people.utm.my/murtadha/2016/09/01/ron95-ron97-turun-5-sen-tengah-malam-ini/","",post,publish,exclude-legacy-post,no,no
"https://people.utm.my/murtadha/2016/08/31/fan-theory-about-stan-lee-as-the-watcher-is-totally-plausible/","",post,publish,exclude-legacy-post,no,no
"https://people.utm.my/murtadha/2016/08/31/this-is-why-you-should-never-celebrate-until-youve-crossed-the-finish-line/","",post,publish,exclude-legacy-post,no,no
"https://people.utm.my/murtadha/2016/08/31/saya-anak-malaysia-pm-3/","",post,publish,exclude-legacy-post,no,no
"https://people.utm.my/murtadha/2016/08/31/3-suspek-is-rancang-serangan-ambang-merdeka-ditahan/","",post,publish,exclude-legacy-post,no,no
"https://people.utm.my/murtadha/2016/08/31/smart-sports-how-the-internet-of-things-is-revolutionising-the-way-we-train-and-play/","",post,publish,exclude-legacy-post,no,no
"https://people.utm.my/murtadha/2016/08/31/bestselling-author-sarah-j-maas-on-literary-fame-and-creating-her-beloved-fantasy-world/","",post,publish,exclude-legacy-post,no,no
"https://people.utm.my/murtadha/2016/08/31/saya-anak-malaysia-pm-2/","",post,publish,exclude-legacy-post,no,no
"https://people.utm.my/murtadha/2016/08/31/sambutan-ambang-merdeka-2016-meriah-di-seluruh-negara/","",post,publish,exclude-legacy-post,no,no
"https://people.utm.my/murtadha/2016/08/31/extremely-lucky-dog-narrowly-escapes-death-on-a-race-track/","",post,publish,exclude-legacy-post,no,no
"https://people.utm.my/murtadha/2016/08/31/cat-rescued-from-italy-quake-rubble-after-five-days/","",post,publish,exclude-legacy-post,no,no
"https://people.utm.my/murtadha/2016/08/30/saya-anak-malaysia-pm/","",post,publish,exclude-legacy-post,no,no
"https://people.utm.my/murtadha/2016/08/30/cucu-cedera-ditembak-disangka-kera/","",post,publish,exclude-legacy-post,no,no
"https://people.utm.my/murtadha/2016/08/30/mekanik-cedera-ditumbuk-isteri/","",post,publish,exclude-legacy-post,no,no
"https://people.utm.my/murtadha/2016/08/30/seorang-dikhuatiri-maut-tanah-runtuh-di-tapak-pembinaan/","",post,publish,exclude-legacy-post,no,no
"https://people.utm.my/murtadha/2016/08/30/tesla-drivers-who-abuse-autopilot-could-lose-autosteer-function/","",post,publish,exclude-legacy-post,no,no
"https://people.utm.my/murtadha/2016/08/30/indonesia-fights-to-put-out-hundreds-of-forest-fires-as-schools-shut-due-to-smog/","",post,publish,exclude-legacy-post,no,no
"https://people.utm.my/murtadha/2016/08/30/check-out-this-bright-spot-on-one-of-saturns-rings/","",post,publish,exclude-legacy-post,no,no
"https://people.utm.my/murtadha/2016/08/30/transformers-the-last-knight-finds-its-king-arthur-exclusive/","",post,publish,exclude-legacy-post,no,no
"https://people.utm.my/murtadha/2016/08/29/lightning-strike-kills-more-than-300-reindeer-in-norway/","",post,publish,exclude-legacy-post,no,no
"https://people.utm.my/murtadha/2016/08/29/remember-the-laptop-destroying-usb-killer-now-you-can-buy-one/","",post,publish,exclude-legacy-post,no,no
"https://people.utm.my/murtadha/2016/08/29/rasuah-pengerusi-bank-berpangkat-tan-sri-pula-ditahan/","",post,publish,exclude-legacy-post,no,no
"https://people.utm.my/murtadha/2016/08/29/jerebu-dijangka-tidak-seteruk-tahun-lalu/","",post,publish,exclude-legacy-post,no,no
"https://people.utm.my/murtadha/2016/08/29/philips-motion-sensor-turns-on-your-smart-lights-when-you-walk-into-a-room/","",post,publish,exclude-legacy-post,no,no
"https://people.utm.my/murtadha/2016/08/29/tired-of-driving-to-work-this-man-built-a-plane/","",post,publish,exclude-legacy-post,no,no
"https://people.utm.my/murtadha/2016/08/29/dueling-with-wax-bullets-was-a-fun-and-safe-way-to-defend-ones-honor/","",post,publish,exclude-legacy-post,no,no
"https://people.utm.my/murtadha/2016/08/29/this-hashtag-is-prompting-men-to-get-real-about-mental-health-and-suicide/","",post,publish,exclude-legacy-post,no,no
"https://people.utm.my/murtadha/2016/08/28/keputusan-suku-akhir-pertama-piala-malaysia/","",post,publish,exclude-legacy-post,no,no
"https://people.utm.my/murtadha/2016/08/28/lima-sekeluarga-maut-kereta-bertembung-4wd/","",post,publish,exclude-legacy-post,no,no
"https://people.utm.my/murtadha/2016/08/28/4-ways-to-save-without-your-savings-account/","",post,publish,exclude-legacy-post,no,no
"https://people.utm.my/murtadha/2016/08/28/7-cant-miss-apps-habitica-weather-whiskers-rolling-sky-and-more/","",post,publish,exclude-legacy-post,no,no
"https://people.utm.my/murtadha/2016/08/28/khairy-belum-selesai-siasat-kandungan-pendrive-fam/","",post,publish,exclude-legacy-post,no,no
"https://people.utm.my/murtadha/2016/08/28/immortals-take-third-in-the-league-of-legends-nalcs-summer-playoffs/","",post,publish,exclude-legacy-post,no,no
"https://people.utm.my/murtadha/2016/08/28/powerful-photo-series-honours-refugee-fathers-around-the-world/","",post,publish,exclude-legacy-post,no,no
"https://people.utm.my/murtadha/2016/08/28/take-a-deep-dive-into-the-worlds-largest-marine-reserve/","",post,publish,exclude-legacy-post,no,no
"https://people.utm.my/murtadha/2016/08/28/revealing-photos-explore-how-our-faces-change-when-we-undress/","",post,publish,exclude-legacy-post,no,no
"https://people.utm.my/murtadha/2016/08/27/this-2-year-old-sings-the-best-alphabet-in-america-period/","",post,publish,exclude-legacy-post,no,no
"https://people.utm.my/murtadha/2016/08/27/banking-is-tough-when-youre-an-immigrant-this-app-changes-that/","",post,publish,exclude-legacy-post,no,no
"https://people.utm.my/murtadha/2016/08/27/tun-m-kaki-gaduh-pm/","",post,publish,exclude-legacy-post,no,no
"https://people.utm.my/murtadha/2016/08/27/pm-umum-projek-rm20-2-juta-di-cameron-highlands/","",post,publish,exclude-legacy-post,no,no
"https://people.utm.my/murtadha/2016/08/27/britney-spears-says-shes-done-with-men-on-carpool-karaoke/","",post,publish,exclude-legacy-post,no,no
"https://people.utm.my/murtadha/2016/08/27/britneys-glory-is-all-about-getting-what-you-want-from-men/","",post,publish,exclude-legacy-post,no,no
"https://people.utm.my/murtadha/2016/08/27/abandoned-puppy-has-the-most-adorable-reaction-when-he-spots-a-human/","",post,publish,exclude-legacy-post,no,no
"https://people.utm.my/murtadha/2016/08/26/dev-patel-does-a-mean-australian-accent-in-new-trailer-for-lion/","",post,publish,exclude-legacy-post,no,no
"https://people.utm.my/murtadha/2016/08/26/11-dogs-who-are-definitely-better-than-humans-because-nationaldogday/","",post,publish,exclude-legacy-post,no,no
"https://people.utm.my/murtadha/2016/08/26/penyanyi-pop-legenda-indonesia-eddy-silitonga-meninggal-dunia/","",post,publish,exclude-legacy-post,no,no
"https://people.utm.my/murtadha/2016/08/26/estet-studio-mendiang-prince-dibuka-kepada-umum/","",post,publish,exclude-legacy-post,no,no
"https://people.utm.my/murtadha/2016/08/26/ronaldo-menang-anugerah-pemain-terbaik-uefa/","",post,publish,exclude-legacy-post,no,no
"https://people.utm.my/murtadha/2016/08/26/9-things-about-silence-of-the-lambs-that-will-surprise-you/","",post,publish,exclude-legacy-post,no,no
"https://people.utm.my/murtadha/2016/08/26/extremely-forgiving-cough-drop-company-chooses-ryan-lochte/","",post,publish,exclude-legacy-post,no,no
"https://people.utm.my/murtadha/2016/08/25/watch-aaron-paul-and-tig-notaro-both-dive-for-the-same-precious-beer/","",post,publish,exclude-legacy-post,no,no
"https://people.utm.my/murtadha/2016/08/25/man-plays-an-unexpected-pop-tune-on-the-harp-and-its-fantastic/","",post,publish,exclude-legacy-post,no,no
"https://people.utm.my/murtadha/2016/08/25/aplikasi-mysekolah-bantu-pantau-aktiviti-pelajar/","",post,publish,exclude-legacy-post,no,no
"https://people.utm.my/murtadha/2016/08/25/gobi-the-dog-reunited-with-the-runner-who-met-her-during-a-marathon/","",post,publish,exclude-legacy-post,no,no
"https://people.utm.my/murtadha/2016/08/25/bailey-the-dog-has-the-dream-job-of-scaring-away-seagulls/","",post,publish,exclude-legacy-post,no,no
"https://people.utm.my/murtadha/2016/08/25/lima-senjata-623-peluru-dirampas-dari-kediaman-datuk/","",post,publish,exclude-legacy-post,no,no
"https://people.utm.my/murtadha/2016/08/25/slaid-ucapan-ybhg-dato-tnc-hema-sempena-ramah-mesra-felo-2016/","",post,publish,exclude-legacy-post,no,no
"https://people.utm.my/murtadha/2016/08/25/snapchat-is-about-to-explode-in-popularity-report-says/","",post,publish,exclude-legacy-post,no,no
"https://people.utm.my/murtadha/2016/08/25/mashreads-podcast-what-makes-a-good-summer-read/","",post,publish,exclude-legacy-post,no,no
"https://people.utm.my/murtadha/2016/08/24/women-are-naming-their-vaginas-after-the-last-film-they-watched/","",post,publish,exclude-legacy-post,no,no
"https://people.utm.my/murtadha/2016/08/24/how-to-build-a-racing-drone/","",post,publish,exclude-legacy-post,no,no
"https://people.utm.my/murtadha/2016/08/24/the-tesla-model-x-has-arrived-in-australia/","",post,publish,exclude-legacy-post,no,no
"https://people.utm.my/murtadha/2016/08/24/major-earthquake-and-multiple-aftershocks-rock-central-italy/","",post,publish,exclude-legacy-post,no,no
"https://people.utm.my/murtadha/2016/08/24/wednesday-is-officially-kobe-bryant-day-in-los-angeles/","",post,publish,exclude-legacy-post,no,no
"https://people.utm.my/murtadha/2016/08/24/prisma-moves-its-neural-network-magic-to-the-phone/","",post,publish,exclude-legacy-post,no,no
"https://people.utm.my/murtadha/2016/08/23/budak-12-tahun-ditikam-bapa-kerana-malas-belajar/","",post,publish,exclude-legacy-post,no,no
"https://people.utm.my/murtadha/2016/08/23/popular-taiwanese-chun-cui-he-milk-tea-gets-pulled-off-singapores-shelves/","",post,publish,exclude-legacy-post,no,no
"https://people.utm.my/murtadha/2016/08/23/amazon-might-be-working-on-a-cheap-echo-only-music-subscription-service/","",post,publish,exclude-legacy-post,no,no
"https://people.utm.my/murtadha/2016/08/23/i-just-sold-this-photo-on-eyeem-market-eyeempaid-httpst-cowglvswcsgu/","",post,publish,exclude-legacy-post,no,no
"https://people.utm.my/murtadha/2016/08/23/proton-lancar-persona-serba-baharu/","",post,publish,exclude-legacy-post,no,no
"https://people.utm.my/murtadha/2016/08/23/maisie-williams-says-nothing-will-prepare-you-for-game-of-thrones-season-7/","",post,publish,exclude-legacy-post,no,no
"https://people.utm.my/murtadha/2016/08/23/donald-trumps-new-app-tries-to-make-personal-branding-great-again/","",post,publish,exclude-legacy-post,no,no
"https://people.utm.my/murtadha/2016/08/22/brutal-laser-tag-saga-tells-of-kids-vs-grown-ups-in-a-yelp-review/","",post,publish,exclude-legacy-post,no,no
"https://people.utm.my/murtadha/2016/08/22/helpful-grandson-is-not-ashamed-of-his-grandmas-underwear/","",post,publish,exclude-legacy-post,no,no
"https://people.utm.my/murtadha/2016/08/22/downloading-torrents-in-india-could-land-you-in-jail-for-3-years/","",post,publish,exclude-legacy-post,no,no
"https://people.utm.my/murtadha/2016/08/22/the-runners-who-helped-each-other-up-in-rio-got-sportsmanship-awards/","",post,publish,exclude-legacy-post,no,no
"https://people.utm.my/murtadha/2016/08/22/winning-olympic-moments-get-the-gifs-they-deserve/","",post,publish,exclude-legacy-post,no,no
"https://people.utm.my/murtadha/2016/08/22/u-s-pole-vaulter-skids-to-a-halt-for-national-anthem/","",post,publish,exclude-legacy-post,no,no
"https://people.utm.my/murtadha/2016/08/21/i-went-camping-in-the-trunk-of-a-145000-tesla/","",post,publish,exclude-legacy-post,no,no
"https://people.utm.my/murtadha/2016/08/21/how-to-make-your-iphone-flash-when-you-get-a-text/","",post,publish,exclude-legacy-post,no,no
"https://people.utm.my/murtadha/2016/08/21/video-games-could-help-kids-with-autism-learn-social-skills/","",post,publish,exclude-legacy-post,no,no
"https://people.utm.my/murtadha/2016/08/21/2-guru-maut-bot-karam-di-kota-belud/","",post,publish,exclude-legacy-post,no,no
"https://people.utm.my/murtadha/2016/08/21/mo-farah-completes-historic-double-double-winning-5000-meter-gold/","",post,publish,exclude-legacy-post,no,no
"https://people.utm.my/murtadha/2016/08/21/dont-freak-out-but-frank-oceans-new-album-is-finally-here/","",post,publish,exclude-legacy-post,no,no
"https://people.utm.my/murtadha/2016/08/21/twitter-celebrates-obama-hitting-10-million-users-with-video-highlights/","",post,publish,exclude-legacy-post,no,no
"https://people.utm.my/murtadha/2016/08/21/al-roker-speaks-for-everyone-fed-up-with-ryan-lochte-apologists/","",post,publish,exclude-legacy-post,no,no
"https://people.utm.my/murtadha/2016/08/20/the-reality-of-vr-porn/","",post,publish,exclude-legacy-post,no,no
"https://people.utm.my/murtadha/2016/08/20/olimpik-buruan-emas-chong-wei-berakhir/","",post,publish,exclude-legacy-post,no,no
"https://people.utm.my/murtadha/2016/08/20/pandora-will-soon-start-on-demand-streaming/","",post,publish,exclude-legacy-post,no,no
"https://people.utm.my/murtadha/2016/08/20/16-animals-that-are-definitely-not-dogs/","",post,publish,exclude-legacy-post,no,no
"https://people.utm.my/murtadha/2016/08/20/it-is-2016-someone-tell-the-olympics/","",post,publish,exclude-legacy-post,no,no
"https://people.utm.my/murtadha/2016/08/20/usain-bolt-bows-out-of-olympic-career-with-his-ninth-gold/","",post,publish,exclude-legacy-post,no,no
"https://people.utm.my/murtadha/2016/08/20/dream-job-alert-a-uk-company-is-hiring-someone-just-to-drink-gin/","",post,publish,exclude-legacy-post,no,no
"https://people.utm.my/murtadha/2016/08/20/7-must-have-back-to-school-tech-products-for-college-students/","",post,publish,exclude-legacy-post,no,no
"https://people.utm.my/murtadha/2016/08/19/chong-wei-jumpa-chen-long-di-final/","",post,publish,exclude-legacy-post,no,no
"https://people.utm.my/murtadha/2016/08/19/chong-wei-atasi-lin-dan-untuk-ke-final/","",post,publish,exclude-legacy-post,no,no
"https://people.utm.my/murtadha/2016/08/19/hanging-out-with-david-brent-on-the-set-of-his-new-film/","",post,publish,exclude-legacy-post,no,no
"https://people.utm.my/murtadha/2016/08/19/india-to-have-730-million-internet-users-by-2020-and-it-is-already-living-in-a-post-pc-era/","",post,publish,exclude-legacy-post,no,no
"https://people.utm.my/murtadha/2016/08/19/louisiana-floods-may-be-the-worst-u-s-natural-disaster-since-hurricane-sandy/","",post,publish,exclude-legacy-post,no,no
"https://people.utm.my/murtadha/2016/08/19/comedians-speak-out-against-alleged-sexual-assaults-and-an-ex-inside-amy-schumer-writer-comes-under-fire/","",post,publish,exclude-legacy-post,no,no
"https://people.utm.my/murtadha/2016/08/18/overwatch-update-trolls-the-trolls-with-wry-humor/","",post,publish,exclude-legacy-post,no,no
"https://people.utm.my/murtadha/2016/08/18/t-mobile-is-saying-goodbye-to-the-data-plan/","",post,publish,exclude-legacy-post,no,no
"https://people.utm.my/murtadha/2016/08/18/michael-phelps-understandably-doesnt-have-time-for-an-airport-interview/","",post,publish,exclude-legacy-post,no,no
"https://people.utm.my/murtadha/2016/08/18/mayat-kanak-kanak-dipercayai-mangsa-culik-ditemui/","",post,publish,exclude-legacy-post,no,no
"https://people.utm.my/murtadha/2016/08/18/how-one-aussie-company-became-huge-in-china/","",post,publish,exclude-legacy-post,no,no
"https://people.utm.my/murtadha/2016/08/18/joseph-schooling-marks-olympic-gold-with-new-tattoo/","",post,publish,exclude-legacy-post,no,no
"https://people.utm.my/murtadha/2016/08/18/rihanna-visited-the-massive-headless-rihanna-statue-in-germany/","",post,publish,exclude-legacy-post,no,no
"https://people.utm.my/murtadha/2016/08/18/bone-broth-now-comes-in-popsicle-form/","",post,publish,exclude-legacy-post,no,no
"https://people.utm.my/murtadha/2016/08/17/yes-super-mario-is-hiding-in-a-mustachioed-strawberry/","",post,publish,exclude-legacy-post,no,no
"https://people.utm.my/murtadha/2016/08/17/man-recreates-wrecking-ball-after-placing-last-in-fantasy-football-league/","",post,publish,exclude-legacy-post,no,no
"https://people.utm.my/murtadha/2016/08/17/olimpik-chong-wei-mudah-ke-separuh-akhir/","",post,publish,exclude-legacy-post,no,no
"https://people.utm.my/murtadha/2016/08/17/azizulhasni-luah-isi-hati-di-fb/","",post,publish,exclude-legacy-post,no,no
"https://people.utm.my/murtadha/2016/08/17/feast-your-eyes-on-these-stop-motion-meals-made-out-of-nothing-but-paper/","",post,publish,exclude-legacy-post,no,no
"https://people.utm.my/murtadha/2016/08/17/watching-a-bowling-ball-drop-from-a-tower-onto-an-axe-is-pretty-wild/","",post,publish,exclude-legacy-post,no,no
"https://people.utm.my/murtadha/2016/08/17/peter-bjorn-and-johns-new-video-is-a-giant-game-of-human-dominos/","",post,publish,exclude-legacy-post,no,no
"https://people.utm.my/murtadha/2016/08/17/wowwee-chip-is-a-hyper-engaging-robot-pet/","",post,publish,exclude-legacy-post,no,no
"https://people.utm.my/murtadha/2016/08/17/remaja-ditahan-cuba-bunuh-bayi-guna-cecair-antiseptik/","",post,publish,exclude-legacy-post,no,no
"https://people.utm.my/murtadha/2016/08/16/pelajar-kolej-sembunyi-mayat-bayi-dalam-almari/","",post,publish,exclude-legacy-post,no,no
"https://people.utm.my/murtadha/2016/08/16/15-times-siri-was-kind-of-a-jerk/","",post,publish,exclude-legacy-post,no,no
"https://people.utm.my/murtadha/2016/08/16/olympic-sports-for-people-who-dont-like-to-move/","",post,publish,exclude-legacy-post,no,no
"https://people.utm.my/murtadha/2016/08/16/lelaki-bakar-hutan-di-california-ditahan/","",post,publish,exclude-legacy-post,no,no
"https://people.utm.my/murtadha/2016/08/16/kes-cerai-kait-bekas-pemimpin-kanan-negara-tangguh-6-september/","",post,publish,exclude-legacy-post,no,no
"https://people.utm.my/murtadha/2016/08/16/physicist-explaining-climate-change-to-a-skeptic-on-tv-is-grim-viewing/","",post,publish,exclude-legacy-post,no,no
"https://people.utm.my/murtadha/2016/08/16/apple-now-allows-users-in-taiwan-to-pay-for-apps-through-their-phone-bills/","",post,publish,exclude-legacy-post,no,no
"https://people.utm.my/murtadha/2016/08/16/adorable-miniature-robot-is-teaching-kids-mechanical-engineering/","",post,publish,exclude-legacy-post,no,no
"https://people.utm.my/murtadha/2016/08/15/semua-parti-komponen-harus-bergerak-sebagai-bn/","",post,publish,exclude-legacy-post,no,no
"https://people.utm.my/murtadha/2016/08/15/olimpik-v-shem-wee-kiong-mara-ke-separuh-akhir/","",post,publish,exclude-legacy-post,no,no
"https://people.utm.my/murtadha/2016/08/15/companies-are-flooding-facebook-with-tributes-to-singapores-first-gold-medal-winner/","",post,publish,exclude-legacy-post,no,no
"https://people.utm.my/murtadha/2016/08/15/andy-murray-owns-bbc-reporter-who-forgot-womens-tennis/","",post,publish,exclude-legacy-post,no,no
"https://people.utm.my/murtadha/2016/08/15/behold-the-worst-apple-watch-accessory-ever-made/","",post,publish,exclude-legacy-post,no,no
"https://people.utm.my/murtadha/2016/08/15/5-people-tim-cook-calls-for-advice-on-running-the-biggest-company-in-the-world/","",post,publish,exclude-legacy-post,no,no
"https://people.utm.my/murtadha/2016/08/15/olympic-security-asks-female-iranian-fan-to-drop-protest-sign/","",post,publish,exclude-legacy-post,no,no
"https://people.utm.my/murtadha/2016/08/15/dramatic-video-shows-woman-and-her-dog-being-rescued-from-sinking-car/","",post,publish,exclude-legacy-post,no,no
"https://people.utm.my/murtadha/2016/08/15/5-apps-thatll-give-your-instagram-photos-a-dope-lo-fi-90s-look/","",post,publish,exclude-legacy-post,no,no
"https://people.utm.my/murtadha/2016/08/14/7-cant-miss-apps-chaatz-fender-tune-eraser-and-more/","",post,publish,exclude-legacy-post,no,no
"https://people.utm.my/murtadha/2016/08/14/spacex-sticks-the-landing-again-after-falcon-9-rocket-launch/","",post,publish,exclude-legacy-post,no,no
"https://people.utm.my/murtadha/2016/08/14/posting-about-your-workout-on-facebook-means-youre-a-narcissist-study-says/","",post,publish,exclude-legacy-post,no,no
"https://people.utm.my/murtadha/2016/08/14/trump-spokesperson-reorganizes-u-s-timeline-says-obama-led-invasion-of-afghanistan/","",post,publish,exclude-legacy-post,no,no
"https://people.utm.my/murtadha/2016/08/13/the-bizarre-stilt-walking-shepherds-of-frances-heathlands/","",post,publish,exclude-legacy-post,no,no
"https://people.utm.my/murtadha/2016/08/13/a-new-dam-is-threatening-one-of-the-middle-easts-most-biodiverse-regions/","",post,publish,exclude-legacy-post,no,no
"https://people.utm.my/murtadha/2016/08/13/sore-loser-hope-solo-blasts-sweden-and-ex-usa-coach-pia-sundhage-after-olympics-upset/","",post,publish,exclude-legacy-post,no,no
"https://people.utm.my/murtadha/2016/08/13/the-moment-we-witnessed-just-how-fast-katie-ledecky-really-is/","",post,publish,exclude-legacy-post,no,no
"https://people.utm.my/murtadha/2016/08/13/praise-be-to-the-olympics-condom-distributors/","",post,publish,exclude-legacy-post,no,no
"https://people.utm.my/murtadha/2016/08/13/heres-why-olympic-medalists-dont-get-flowers-at-the-summer-games-in-rio/","",post,publish,exclude-legacy-post,no,no
"https://people.utm.my/murtadha/2016/08/13/our-favorite-badass-simones-take-a-gold-medal-olympic-selfie/","",post,publish,exclude-legacy-post,no,no
"https://people.utm.my/murtadha/2016/08/12/the-new-south-park-games-virtual-reality-fart-simulator-looks-as-strange-as-it-sounds/","",post,publish,exclude-legacy-post,no,no
"https://people.utm.my/murtadha/2016/08/12/mall-builds-real-life-pokmon-go-gym-to-go-with-its-in-game-pokmon-go-gym/","",post,publish,exclude-legacy-post,no,no
"https://people.utm.my/murtadha/2016/08/12/the-first-full-rogue-one-trailer-what-it-all-means/","",post,publish,exclude-legacy-post,no,no
"https://people.utm.my/murtadha/2016/08/12/being-a-canoeist-is-very-hard-as-these-olympians-faces-clearly-demonstrate/","",post,publish,exclude-legacy-post,no,no
"https://people.utm.my/murtadha/2016/08/12/facebook-is-changing-news-feed-to-make-stories-more-personally-informative/","",post,publish,exclude-legacy-post,no,no
"https://people.utm.my/murtadha/2016/08/12/gymnast-mckayla-maroney-is-vaulting-into-the-music-world/","",post,publish,exclude-legacy-post,no,no
"https://people.utm.my/murtadha/2016/08/11/pie-meninggal-dunia/","",post,publish,exclude-legacy-post,no,no
"https://people.utm.my/murtadha/2016/08/11/new-wikipedia-project-champions-women-scientists-in-the-antarctic/","",post,publish,exclude-legacy-post,no,no
"https://people.utm.my/murtadha/2016/08/11/these-are-the-17000-chopsticks-youll-take-home-after-your-2-million-dinner/","",post,publish,exclude-legacy-post,no,no
"https://people.utm.my/murtadha/2016/08/11/chinese-swimmer-ning-zetao-ranks-12th-but-remains-no-1-with-his-fandom/","",post,publish,exclude-legacy-post,no,no
"https://people.utm.my/murtadha/2016/08/11/lelaki-maut-diserang-beruang-ketika-kutip-durian/","",post,publish,exclude-legacy-post,no,no
"https://people.utm.my/murtadha/2016/08/11/australia-almost-beat-the-u-s-in-basketball-and-twitter-had-a-meltdown/","",post,publish,exclude-legacy-post,no,no
"https://people.utm.my/murtadha/2016/08/11/britney-spears-to-appear-on-carpool-karaoke/","",post,publish,exclude-legacy-post,no,no
"https://people.utm.my/murtadha/2016/08/11/snapchat-released-another-racially-insensitive-filter/","",post,publish,exclude-legacy-post,no,no
"https://people.utm.my/murtadha/2016/08/10/square-capital-extends-lending-to-non-square-businesses/","",post,publish,exclude-legacy-post,no,no
"https://people.utm.my/murtadha/2016/08/10/facebook-shuts-down-sexist-group-blokes-advice-after-violence-against-women-claims/","",post,publish,exclude-legacy-post,no,no
"https://people.utm.my/murtadha/2016/08/10/forget-your-troubles-and-bliss-out-with-five-fuzzy-dingo-puppies/","",post,publish,exclude-legacy-post,no,no
"https://people.utm.my/murtadha/2016/08/10/suspek-bunuh-nenek-dipercayai-gila-isim/","",post,publish,exclude-legacy-post,no,no
"https://people.utm.my/murtadha/2016/08/10/netflix-will-bring-amanda-knox-doc-to-toronto-international-film-festival/","",post,publish,exclude-legacy-post,no,no
"https://people.utm.my/murtadha/2016/08/10/capybaras-took-over-the-olympic-golf-course-and-we-should-let-them-stay/","",post,publish,exclude-legacy-post,no,no
"https://people.utm.my/murtadha/2016/08/09/president-obama-tells-michelle-which-olympic-event-he-cant-watch/","",post,publish,exclude-legacy-post,no,no
"https://people.utm.my/murtadha/2016/08/09/scottish-students-receive-exam-results-twitter-responds-hilariously/","",post,publish,exclude-legacy-post,no,no
"https://people.utm.my/murtadha/2016/08/09/cucu-penggal-nenek/","",post,publish,exclude-legacy-post,no,no
"https://people.utm.my/murtadha/2016/08/09/tun-m-masuk-ijn-selepas-mengadu-sakit-dada/","",post,publish,exclude-legacy-post,no,no
"https://people.utm.my/murtadha/2016/08/09/drb-hicom-akan-kekalkan-proton/","",post,publish,exclude-legacy-post,no,no
"https://people.utm.my/murtadha/2016/08/09/olympian-sun-yang-mercilessly-sledged-after-his-swim-cap-tries-to-flee-his-grasp/","",post,publish,exclude-legacy-post,no,no
"https://people.utm.my/murtadha/2016/08/09/know-someone-wearing-an-old-festival-wristband-tell-them-to-take-it-off-right-now-because-bacteria/","",post,publish,exclude-legacy-post,no,no
"https://people.utm.my/murtadha/2016/08/09/kaki-pundi-hempedu-gigi-taring-beruang-madu-dirampas/","",post,publish,exclude-legacy-post,no,no
"https://people.utm.my/murtadha/2016/08/09/no-its-not-ok-to-let-teslas-autopilot-drive-you-to-the-hospital/","",post,publish,exclude-legacy-post,no,no
"https://people.utm.my/murtadha/2016/08/09/historys-most-scandal-plagued-president-was-he-all-that-bad/","",post,publish,exclude-legacy-post,no,no
"https://people.utm.my/murtadha/2016/08/09/mom-finds-the-perfect-way-to-ensure-her-internet-obsessed-kids-do-their-chores/","",post,publish,exclude-legacy-post,no,no
"https://people.utm.my/murtadha/2016/08/08/nbc-snapchat-team-up-for-the-voice-series-and-other-short-originals/","",post,publish,exclude-legacy-post,no,no
"https://people.utm.my/murtadha/2016/08/08/gymnasts-mom-and-dad-have-earned-the-gold-medal-in-proud-parenting/","",post,publish,exclude-legacy-post,no,no
"https://people.utm.my/murtadha/2016/08/08/bored-olympics-lifeguard-is-the-spirit-animal-for-those-bored-at-work/","",post,publish,exclude-legacy-post,no,no
"https://people.utm.my/murtadha/2016/08/08/39862-pelajar-ditawarkan-tempat-di-universiti-awam-ua/","",post,publish,exclude-legacy-post,no,no
"https://people.utm.my/murtadha/2016/08/08/rosman-letak-jawatan-setiausaha-agung-fas/","",post,publish,exclude-legacy-post,no,no
"https://people.utm.my/murtadha/2016/08/08/shirtless-justin-trudeau-resurfaces-from-the-wild-to-photobomb-a-beach-wedding/","",post,publish,exclude-legacy-post,no,no
"https://people.utm.my/murtadha/2016/08/08/the-night-of-knocks-the-good-boy-out-of-naz/","",post,publish,exclude-legacy-post,no,no
"https://people.utm.my/murtadha/2016/08/08/kwsp-buka-pendaftaran-simpanan-syariah-hari-ini/","",post,publish,exclude-legacy-post,no,no
"https://people.utm.my/murtadha/2016/08/08/suicide-squad-opens-at-135-million-but-dont-cheer-for-it-yet/","",post,publish,exclude-legacy-post,no,no
"https://people.utm.my/murtadha/2016/08/08/amazon-reveals-more-details-about-woody-allens-new-series/","",post,publish,exclude-legacy-post,no,no
"https://people.utm.my/murtadha/2016/08/07/12300-year-old-tribal-fire-pit-found-in-utah-military-testing-range/","",post,publish,exclude-legacy-post,no,no
"https://people.utm.my/murtadha/2016/08/07/aussie-swimmer-mercilessly-trolled-on-social-media-after-gold-medal-win/","",post,publish,exclude-legacy-post,no,no
"https://people.utm.my/murtadha/2016/08/07/creepy-lucille-ball-statue-known-as-scary-lucy-is-finally-replaced/","",post,publish,exclude-legacy-post,no,no
"https://people.utm.my/murtadha/2016/08/07/7-cant-miss-apps-nike-disney-mix-tunemoji-and-more/","",post,publish,exclude-legacy-post,no,no
"https://people.utm.my/murtadha/2016/08/07/kim-kardashian-still-doesnt-consider-herself-a-feminist/","",post,publish,exclude-legacy-post,no,no
"https://people.utm.my/murtadha/2016/08/07/star-wars-speeder-bike-replica-is-the-imperial-army-motorcycle-youve-been-waiting-for/","",post,publish,exclude-legacy-post,no,no
"https://people.utm.my/murtadha/2016/08/06/check-out-this-bonus-scene-from-season-4-of-hulus-east-los-high/","",post,publish,exclude-legacy-post,no,no
"https://people.utm.my/murtadha/2016/08/06/kim-kardashian-should-just-buy-blackberry/","",post,publish,exclude-legacy-post,no,no
"https://people.utm.my/murtadha/2016/08/06/singapura-sedar-rancangan-militan-lancar-serangan/","",post,publish,exclude-legacy-post,no,no
"https://people.utm.my/murtadha/2016/08/06/britney-spears-make-me-video-is-here-in-all-its-sexy-glory/","",post,publish,exclude-legacy-post,no,no
"https://people.utm.my/murtadha/2016/08/06/apple-reportedly-acquires-ai-startup-turi-in-what-may-be-an-effort-to-boost-siri/","",post,publish,exclude-legacy-post,no,no
"https://people.utm.my/murtadha/2016/08/06/umat-islam-dilarang-bermain-pokemon-go-2/","",post,publish,exclude-legacy-post,no,no
"https://people.utm.my/murtadha/2016/08/05/preity-zinta-alec-baldwin-and-connie-britton-join-the-2016-social-good-summit-lineup/","",post,publish,exclude-legacy-post,no,no
"https://people.utm.my/murtadha/2016/08/05/google-celebrates-the-olympics-with-a-bunch-of-cartoon-fruit-games/","",post,publish,exclude-legacy-post,no,no
"https://people.utm.my/murtadha/2016/08/05/umat-islam-dilarang-bermain-pokemon-go/","",post,publish,exclude-legacy-post,no,no
"https://people.utm.my/murtadha/2016/08/05/6-warga-indonesia-rancang-serang-singapura-ditahan-di-batam/","",post,publish,exclude-legacy-post,no,no
"https://people.utm.my/murtadha/2016/08/05/crop-murdering-green-snails-are-now-crossing-the-sea-slowly-via-strawberry-imports/","",post,publish,exclude-legacy-post,no,no
"https://people.utm.my/murtadha/2016/08/05/top-10-movie-villains-of-all-time/","",post,publish,exclude-legacy-post,no,no
"https://people.utm.my/murtadha/2016/08/05/saham-asia-sertai-kenaikan-saham-global/","",post,publish,exclude-legacy-post,no,no
"https://people.utm.my/murtadha/2016/08/05/harga-minyak-rendah-pada-awal-dagangan/","",post,publish,exclude-legacy-post,no,no
"https://people.utm.my/murtadha/2016/08/05/overwatch-hero-spotlight-how-to-suck-less-with-soldier-76/","",post,publish,exclude-legacy-post,no,no
"https://people.utm.my/murtadha/2016/08/05/usa-basketball-star-comes-out-days-before-olympics/","",post,publish,exclude-legacy-post,no,no
"https://people.utm.my/murtadha/2016/08/04/daisy-ridley-leaves-instagram-following-online-abuse-over-gun-violence-post/","",post,publish,exclude-legacy-post,no,no
"https://people.utm.my/murtadha/2016/08/04/nucleus-debuts-first-alexa-enabled-touchscreen-video-device/","",post,publish,exclude-legacy-post,no,no
"https://people.utm.my/murtadha/2016/08/04/muhyiddin-akan-serah-permohonan-daftar-parti-baharu/","",post,publish,exclude-legacy-post,no,no
"https://people.utm.my/murtadha/2016/08/04/twitter-reacts-to-racist-political-cartoon-in-australian-newspaper/","",post,publish,exclude-legacy-post,no,no
"https://people.utm.my/murtadha/2016/08/04/leaked-video-suggests-gopro-hero-5-might-have-a-touchscreen/","",post,publish,exclude-legacy-post,no,no
"https://people.utm.my/murtadha/2016/08/04/1-maut-5-cedera-ditikam-di-london/","",post,publish,exclude-legacy-post,no,no
"https://people.utm.my/murtadha/2016/08/04/a-japanese-olympian-already-won-gold-for-pokmon-go-addiction-in-brazil/","",post,publish,exclude-legacy-post,no,no
"https://people.utm.my/murtadha/2016/08/04/dropboxs-collaboration-tool-opens-up-to-everyone-gets-new-apps/","",post,publish,exclude-legacy-post,no,no
"https://people.utm.my/murtadha/2016/08/03/trampolines-didnt-need-to-be-internet-connected-but-here-we-are/","",post,publish,exclude-legacy-post,no,no
"https://people.utm.my/murtadha/2016/08/03/china-rolls-out-its-massive-elevated-straddling-bus/","",post,publish,exclude-legacy-post,no,no
"https://people.utm.my/murtadha/2016/08/03/suasana-politik-terengganu-stabil-ahmad-razif/","",post,publish,exclude-legacy-post,no,no
"https://people.utm.my/murtadha/2016/08/03/penumpang-sebut-bom-pesawat-airasia-diperiksa/","",post,publish,exclude-legacy-post,no,no
"https://people.utm.my/murtadha/2016/08/03/penumpang-sebut-ada-bom-kot-penerbangan-airasia-ditangguh/","",post,publish,exclude-legacy-post,no,no
"https://people.utm.my/murtadha/2016/08/03/war-veteran-shares-powerful-response-to-donald-trumps-desire-for-a-combat-medal/","",post,publish,exclude-legacy-post,no,no
"https://people.utm.my/murtadha/2016/08/03/why-teens-are-mad-at-cameron-dallas-after-the-teen-choice-awards/","",post,publish,exclude-legacy-post,no,no
"https://people.utm.my/murtadha/2016/08/02/professional-gamers-are-as-done-with-pokmon-go-as-you-are/","",post,publish,exclude-legacy-post,no,no
"https://people.utm.my/murtadha/2016/08/02/kanye-west-is-now-teasing-a-joint-album-with-drake/","",post,publish,exclude-legacy-post,no,no
"https://people.utm.my/murtadha/2016/08/02/apple-releases-its-new-tv-remote-app-for-iphone/","",post,publish,exclude-legacy-post,no,no
"https://people.utm.my/murtadha/2016/08/02/puppy-gets-prosthetic-legs-after-neighbour-cuts-them-off-with-a-sword/","",post,publish,exclude-legacy-post,no,no
"https://people.utm.my/murtadha/2016/08/02/dunia-islam-mesti-tolak-campur-tangan-asing-pm/","",post,publish,exclude-legacy-post,no,no
"https://people.utm.my/murtadha/2016/08/02/channing-tatum-as-the-splash-mermaid-disney-could-make-this-wish-come-true/","",post,publish,exclude-legacy-post,no,no
"https://people.utm.my/murtadha/2016/08/02/stranger-things-as-an-80s-sitcom-is-far-less-strange-than-youd-expect/","",post,publish,exclude-legacy-post,no,no
"https://people.utm.my/murtadha/2016/08/01/designer-mocks-up-stranger-things-as-a-point-and-click-video-game/","",post,publish,exclude-legacy-post,no,no
"https://people.utm.my/murtadha/2016/08/01/badass-pregnant-woman-pole-dances-between-contractions-because-why-not/","",post,publish,exclude-legacy-post,no,no
"https://people.utm.my/murtadha/2016/08/01/levitating-apple-watch-charger-turns-smartwatch-into-futuristic-art/","",post,publish,exclude-legacy-post,no,no
"https://people.utm.my/murtadha/2016/08/01/grand-prix-winner-daniel-ricciardo-celebrates-by-drinking-champagne-from-a-shoe/","",post,publish,exclude-legacy-post,no,no
"https://people.utm.my/murtadha/2016/08/01/steelers-running-back-deangelo-williams-had-a-walking-dead-wedding-photoshoot/","",post,publish,exclude-legacy-post,no,no
"https://people.utm.my/murtadha/2016/08/01/bourne-and-bad-moms-open-big-at-the-box-office-while-trek-flails/","",post,publish,exclude-legacy-post,no,no
"https://people.utm.my/murtadha/2016/07/31/skydiver-becomes-first-person-to-jump-and-land-without-a-parachute/","",post,publish,exclude-legacy-post,no,no
"https://people.utm.my/murtadha/2016/07/31/jk-rowling-dashes-hopes-for-a-ninth-harry-potter-book-harry-is-done-now/","",post,publish,exclude-legacy-post,no,no
"https://people.utm.my/murtadha/2016/07/31/7-cant-miss-apps-zagat-potterize-kubic-and-more/","",post,publish,exclude-legacy-post,no,no
"https://people.utm.my/murtadha/2016/07/31/dap-batal-cadangan-adakan-prn-tergempar/","",post,publish,exclude-legacy-post,no,no
"https://people.utm.my/murtadha/2016/07/31/how-to-watch-netflix-together-without-being-in-the-same-room/","",post,publish,exclude-legacy-post,no,no
"https://people.utm.my/murtadha/2016/07/31/isteri-kedua-adi-putra-ditahan-kes-seludup-warga-asing-4/","",post,publish,exclude-legacy-post,no,no
"https://people.utm.my/murtadha/2016/07/30/healthy-and-unhealthy-things-to-do-in-the-game-of-thrones-off-season/","",post,publish,exclude-legacy-post,no,no
"https://people.utm.my/murtadha/2016/07/30/twitter-took-us-from-stars-hollow-to-outer-space-this-week/","",post,publish,exclude-legacy-post,no,no
"https://people.utm.my/murtadha/2016/07/30/isteri-kedua-adi-putra-ditahan-kes-seludup-warga-asing-3/","",post,publish,exclude-legacy-post,no,no
"https://people.utm.my/murtadha/2016/07/30/abdul-wahid-omar-dilantik-pengerusi-pnb-2/","",post,publish,exclude-legacy-post,no,no
"https://people.utm.my/murtadha/2016/07/30/how-to-stay-calm-while-playing-phone-tag-with-a-recruiter/","",post,publish,exclude-legacy-post,no,no
"https://people.utm.my/murtadha/2016/07/30/best-counter-strike-plays-of-the-eleague-semifinals-virtus-pro-vs-mousesports/","",post,publish,exclude-legacy-post,no,no
"https://people.utm.my/murtadha/2016/07/30/abdul-wahid-omar-dilantik-pengerusi-pnb/","",post,publish,exclude-legacy-post,no,no
"https://people.utm.my/murtadha/2016/07/30/20-rumah-terbakar-di-tawau-3/","",post,publish,exclude-legacy-post,no,no
"https://people.utm.my/murtadha/2016/07/30/clever-cartoon-sums-up-the-difference-between-clinton-and-trump/","",post,publish,exclude-legacy-post,no,no
"https://people.utm.my/murtadha/2016/07/30/justin-bieber-pairs-tour-footage-with-cold-water-to-quench-your-thirst/","",post,publish,exclude-legacy-post,no,no
"https://people.utm.my/murtadha/2016/07/30/20-rumah-terbakar-di-tawau-2/","",post,publish,exclude-legacy-post,no,no
"https://people.utm.my/murtadha/2016/07/30/abam-diganggu-lelaki-gila-seks-di-facebook/","",post,publish,exclude-legacy-post,no,no
"https://people.utm.my/murtadha/2016/07/29/man-hilariously-responds-to-strangers-totally-legit-9-million-inheritance-offer/","",post,publish,exclude-legacy-post,no,no
"https://people.utm.my/murtadha/2016/07/29/these-teeny-tiny-tiger-cubs-will-make-your-heart-swell-with-untamed-joy/","",post,publish,exclude-legacy-post,no,no
"https://people.utm.my/murtadha/2016/07/29/why-qq-music-chinas-spotify-is-profitable-while-other-streaming-music-providers-arent/","",post,publish,exclude-legacy-post,no,no
"https://people.utm.my/murtadha/2016/07/29/20-rumah-terbakar-di-tawau/","",post,publish,exclude-legacy-post,no,no
"https://people.utm.my/murtadha/2016/07/29/khairul-kini-digelar-the-flying-youth-idris/","",post,publish,exclude-legacy-post,no,no
"https://people.utm.my/murtadha/2016/07/29/the-internet-felt-stronger-together-after-hillary-clintons-acceptance-speech/","",post,publish,exclude-legacy-post,no,no
"https://people.utm.my/murtadha/2016/07/29/hillary-clintons-reaction-to-the-fireworks-at-the-democratic-convention-is-everything/","",post,publish,exclude-legacy-post,no,no
"https://people.utm.my/murtadha/2016/07/29/celebrate-10000-days-of-the-world-wide-web-with-a-trip-down-memory-lane/","",post,publish,exclude-legacy-post,no,no
"https://people.utm.my/murtadha/2016/07/29/isteri-kedua-adi-putra-ditahan-kes-seludup-warga-asing-2/","",post,publish,exclude-legacy-post,no,no
"https://people.utm.my/murtadha/2016/07/29/khairul-hafiz-menang-200m-dengan-rekod-baharu/","",post,publish,exclude-legacy-post,no,no
"https://people.utm.my/murtadha/2016/07/29/former-speechwriters-judge-the-republican-and-democratic-convention-speeches/","",post,publish,exclude-legacy-post,no,no
"https://people.utm.my/murtadha/2016/07/29/the-theories-that-fueled-the-hysteria-around-youtuber-marina-joyce/","",post,publish,exclude-legacy-post,no,no
"https://people.utm.my/murtadha/2016/07/29/isteri-kedua-adi-putra-ditahan-kes-seludup-warga-asing/","",post,publish,exclude-legacy-post,no,no
"https://people.utm.my/murtadha/2016/07/28/see-2-exclusive-clips-from-nas-and-erykah-badus-the-land/","",post,publish,exclude-legacy-post,no,no
"https://people.utm.my/murtadha/2016/07/28/matt-damon-once-asked-prince-where-he-lived-got-the-most-prince-answer-imaginable/","",post,publish,exclude-legacy-post,no,no
"https://people.utm.my/murtadha/2016/07/28/pemain-perak-pdrm-digantung-2-tahun-positif-doping/","",post,publish,exclude-legacy-post,no,no
"https://people.utm.my/murtadha/2016/07/28/joe-biden-unleashes-a-glorious-trademark-burn-at-democratic-convention/","",post,publish,exclude-legacy-post,no,no
"https://people.utm.my/murtadha/2016/07/28/expensive-lamborghini-tows-around-some-cute-goats-in-a-trailer/","",post,publish,exclude-legacy-post,no,no
"https://people.utm.my/murtadha/2016/07/28/tim-kaine-does-the-donald-trump-impression-youve-been-waiting-for/","",post,publish,exclude-legacy-post,no,no
"https://people.utm.my/murtadha/2016/07/27/haitian-band-uplifts-stranded-passengers-on-6-hour-delayed-airplane/","",post,publish,exclude-legacy-post,no,no
"https://people.utm.my/murtadha/2016/07/27/morrissey-announces-a-world-tour-that-may-or-may-not-happen/","",post,publish,exclude-legacy-post,no,no
"https://people.utm.my/murtadha/2016/07/27/khairul-hafiz-pecah-rekod-100-meter-kebangsaan/","",post,publish,exclude-legacy-post,no,no
"https://people.utm.my/murtadha/2016/07/27/malaysia-airlines-beli-50-boeing-737-max-bernilai-rm22-4-bilion/","",post,publish,exclude-legacy-post,no,no
"https://people.utm.my/murtadha/2016/07/27/in-an-audacious-move-australias-banks-are-taking-the-fight-to-apple/","",post,publish,exclude-legacy-post,no,no
"https://people.utm.my/murtadha/2016/07/27/pm-suntik-semangat-kontinjen-sukan-olimpik-negara/","",post,publish,exclude-legacy-post,no,no
"https://people.utm.my/murtadha/2016/07/27/this-stunning-photo-exhibition-showcases-the-beauty-of-sikhs-and-turbans/","",post,publish,exclude-legacy-post,no,no
"https://people.utm.my/murtadha/2016/07/27/lordes-uber-driver-tells-her-about-the-joy-of-meeting-celebrities-other-than-lorde/","",post,publish,exclude-legacy-post,no,no
"https://people.utm.my/murtadha/2016/07/27/these-celebs-fired-up-the-democratic-convention-on-its-opening-day/","",post,publish,exclude-legacy-post,no,no
"https://people.utm.my/murtadha/2016/07/27/carpool-karaoke-will-debut-on-apple-music/","",post,publish,exclude-legacy-post,no,no
"https://people.utm.my/murtadha/2016/07/26/revelation-about-fish-and-chip-shops-might-leave-you-feeling-betrayed/","",post,publish,exclude-legacy-post,no,no
"https://people.utm.my/murtadha/2016/07/26/7-things-you-didnt-know-you-agreed-to-in-the-terms-of-service/","",post,publish,exclude-legacy-post,no,no
"https://people.utm.my/murtadha/2016/07/26/doves-new-campaign-challenges-how-the-media-portrays-women-in-sports/","",post,publish,exclude-legacy-post,no,no
"https://people.utm.my/murtadha/2016/07/26/the-changing-face-of-the-yahoo-homepage-1996-2006/","",post,publish,exclude-legacy-post,no,no
"https://people.utm.my/murtadha/2016/07/26/this-naked-dating-show-has-sent-british-people-into-a-meltdown/","",post,publish,exclude-legacy-post,no,no
"https://people.utm.my/murtadha/2016/07/26/singapore-tests-out-petrol-free-future-with-new-all-electric-taxi-company/","",post,publish,exclude-legacy-post,no,no
"https://people.utm.my/murtadha/2016/07/26/how-google-street-view-lets-people-reconnect-with-lost-loved-ones/","",post,publish,exclude-legacy-post,no,no
"https://people.utm.my/murtadha/2016/07/26/home-alones-marv-returns-after-26-years-to-mess-with-a-spider/","",post,publish,exclude-legacy-post,no,no
"https://people.utm.my/murtadha/2016/07/26/michelle-obama-just-poured-her-heart-out-on-stage-at-democratic-convention/","",post,publish,exclude-legacy-post,no,no
"https://people.utm.my/murtadha/2016/07/26/gaming-ceo-slams-singapore-government-over-pokmon-go-comments/","",post,publish,exclude-legacy-post,no,no
"https://people.utm.my/murtadha/2016/07/26/facebook-takes-down-footage-from-child-torture-report/","",post,publish,exclude-legacy-post,no,no
"https://people.utm.my/murtadha/2016/07/26/michelle-obamas-democratic-convention-speech-probably-made-your-mom-text-you/","",post,publish,exclude-legacy-post,no,no
"https://people.utm.my/murtadha/2016/07/26/asean-perlu-bersatu-perangi-keganasan/","",post,publish,exclude-legacy-post,no,no
"https://people.utm.my/murtadha/2016/07/26/telephone-pole-struck-by-lightning-explodes-into-smithereens/","",post,publish,exclude-legacy-post,no,no
"https://people.utm.my/murtadha/2016/07/26/why-michael-jordans-public-stand-on-race-is-such-a-big-big-deal/","",post,publish,exclude-legacy-post,no,no
"https://people.utm.my/murtadha/2016/07/26/china-shuts-down-internet-reporting-takes-greater-control-of-the-media/","",post,publish,exclude-legacy-post,no,no
"https://people.utm.my/murtadha/2016/07/26/student-seeking-pokmon-mistaken-for-bank-robber-surrounded-by-police/","",post,publish,exclude-legacy-post,no,no
"https://people.utm.my/murtadha/2016/07/26/star-wars-dress-made-of-10000-lego-bricks-is-a-sci-fi-couture-dream/","",post,publish,exclude-legacy-post,no,no
"https://people.utm.my/murtadha/2016/07/26/netflix-picks-up-rights-to-the-people-v-o-j-simpson/","",post,publish,exclude-legacy-post,no,no
"https://people.utm.my/murtadha/2016/07/25/man-picks-bride-up-in-helicopter-causes-massive-traffic-jam/","",post,publish,exclude-legacy-post,no,no
"https://people.utm.my/murtadha/2016/07/25/louis-theroux-made-a-film-about-scientology-and-the-trailer-is-wacky/","",post,publish,exclude-legacy-post,no,no
"https://people.utm.my/murtadha/2016/07/25/bollywood-star-salman-khan-acquitted-of-poaching-endangered-animals/","",post,publish,exclude-legacy-post,no,no
"https://people.utm.my/murtadha/2016/07/25/how-the-clinton-campaign-is-slaying-social-media/","",post,publish,exclude-legacy-post,no,no
"https://people.utm.my/murtadha/2016/07/25/1mdb-pastikan-tiada-wang-rakyat-disalah-guna-pm/","",post,publish,exclude-legacy-post,no,no
"https://people.utm.my/murtadha/2016/07/25/science-writer-proposes-a-new-women-of-nasa-lego-set/","",post,publish,exclude-legacy-post,no,no
"https://people.utm.my/murtadha/2016/07/25/rio-mayor-says-a-kangaroo-might-solve-unliveable-olympic-village-issues/","",post,publish,exclude-legacy-post,no,no
"https://people.utm.my/murtadha/2016/07/25/10-biggest-comic-con-scoops-on-walking-dead-got-the-flash-and-more/","",post,publish,exclude-legacy-post,no,no
"https://people.utm.my/murtadha/2016/07/25/magic-leap-demo-in-china-shows-augmented-reality-shopping/","",post,publish,exclude-legacy-post,no,no
"https://people.utm.my/murtadha/2016/07/25/the-night-of-ignites-even-more-conflict-in-its-third-episode/","",post,publish,exclude-legacy-post,no,no
"https://people.utm.my/murtadha/2016/07/25/marvel-mutants-tv-series-legion-debuts-in-comic-con-trailer/","",post,publish,exclude-legacy-post,no,no
"https://people.utm.my/murtadha/2016/07/25/nearly-30-years-of-disney-magic-is-mashed-up-in-this-fan-made-video/","",post,publish,exclude-legacy-post,no,no
"https://people.utm.my/murtadha/2016/07/25/marvel-teases-luke-cage-iron-fist-and-the-defenders-on-netflix/","",post,publish,exclude-legacy-post,no,no
"https://people.utm.my/murtadha/2016/07/25/star-trek-leads-a-light-summer-box-office-during-comic-con-weekend/","",post,publish,exclude-legacy-post,no,no
"https://people.utm.my/murtadha/2016/07/25/raging-sand-fire-casts-apocalyptic-glow-over-los-angeles/","",post,publish,exclude-legacy-post,no,no
"https://people.utm.my/murtadha/2016/07/25/15-office-rules-no-one-tells-you/","",post,publish,exclude-legacy-post,no,no
"https://people.utm.my/murtadha/2016/07/24/watch-beautiful-bursts-of-plasma-shoot-from-the-sun-in-new-nasa-video/","",post,publish,exclude-legacy-post,no,no
"https://people.utm.my/murtadha/2016/07/24/islamic-state-claims-responsibility-for-kabul-suicide-bombing-of-peaceful-protest/","",post,publish,exclude-legacy-post,no,no
"https://people.utm.my/murtadha/2016/07/24/cant-get-enough-baby-groot-guardians-of-the-galaxy-2-is-for-you/","",post,publish,exclude-legacy-post,no,no
"https://people.utm.my/murtadha/2016/07/24/benedict-cumberbatch-is-a-total-jerk-in-doctor-strange-before-hes-magic/","",post,publish,exclude-legacy-post,no,no
"https://people.utm.my/murtadha/2016/07/24/munich-shooter-may-have-used-facebook-post-to-lure-victims-police-say/","",post,publish,exclude-legacy-post,no,no
"https://people.utm.my/murtadha/2016/07/24/first-wonder-woman-trailer-will-kick-your-ass-and-youll-like-it/","",post,publish,exclude-legacy-post,no,no
"https://people.utm.my/murtadha/2016/07/24/report-apple-watch-sales-have-fallen-55-since-launch-but-dont-panic/","",post,publish,exclude-legacy-post,no,no
"https://people.utm.my/murtadha/2016/07/24/king-kong-is-bigger-than-ever-in-the-first-kong-skull-island-trailer/","",post,publish,exclude-legacy-post,no,no
"https://people.utm.my/murtadha/2016/07/24/inhumans-vs-x-men-is-the-next-major-marvel-comics-battle/","",post,publish,exclude-legacy-post,no,no
"https://people.utm.my/murtadha/2016/07/24/star-trek-discovery-will-boldly-launch-with-a-new-ship-new-format/","",post,publish,exclude-legacy-post,no,no
"https://people.utm.my/murtadha/2016/07/24/warner-bros-pours-on-the-dc-comics-charm-offensive-at-comic-con/","",post,publish,exclude-legacy-post,no,no
"https://people.utm.my/murtadha/2016/07/24/listen-to-an-excerpt-from-the-comic-themed-novel-a-hundred-thousand-worlds-audio-book/","",post,publish,exclude-legacy-post,no,no
"https://people.utm.my/murtadha/2016/07/24/this-3d-printed-iphone-case-will-increase-your-pokmon-catching-rate/","",post,publish,exclude-legacy-post,no,no
"https://people.utm.my/murtadha/2016/07/24/comic-con-hosts-unveiling-of-car-that-looks-like-star-wars-fighter-ship/","",post,publish,exclude-legacy-post,no,no
"https://people.utm.my/murtadha/2016/07/24/twitter-was-all-all-about-politics-and-celebrity-spats-this-week/","",post,publish,exclude-legacy-post,no,no
"https://people.utm.my/murtadha/2016/07/24/3d-printers-are-never-going-to-be-a-thing/","",post,publish,exclude-legacy-post,no,no
"https://people.utm.my/murtadha/2016/07/23/sukma-xviii-dirasmi-penuh-gemilang/","",post,publish,exclude-legacy-post,no,no
"https://people.utm.my/murtadha/2016/07/23/everything-we-know-about-whats-next-for-the-walking-dead-and-fear-the-walking-dead/","",post,publish,exclude-legacy-post,no,no
"https://people.utm.my/murtadha/2016/07/23/game-of-thrones-explains-why-you-wont-see-season-7-soon-2/","",post,publish,exclude-legacy-post,no,no
"https://people.utm.my/murtadha/2016/07/23/google-is-giving-away-free-gas-between-la-and-vegas/","",post,publish,exclude-legacy-post,no,no
"https://people.utm.my/murtadha/2016/07/23/redbox-is-testing-a-new-streaming-service-because-thats-the-cool-thing-to-do/","",post,publish,exclude-legacy-post,no,no
"https://people.utm.my/murtadha/2016/07/23/trey-parker-and-matt-stone-explain-why-you-should-be-excited-for-the-south-park-video-game/","",post,publish,exclude-legacy-post,no,no
"https://people.utm.my/murtadha/2016/07/23/a-guide-to-the-baffling-first-30-days-of-post-brexit-vote-britain/","",post,publish,exclude-legacy-post,no,no
"https://people.utm.my/murtadha/2016/07/23/game-of-thrones-explains-why-you-wont-see-season-7-soon/","",post,publish,exclude-legacy-post,no,no
"https://people.utm.my/murtadha/2016/07/23/pokmon-go-is-getting-political-in-japan/","",post,publish,exclude-legacy-post,no,no
"https://people.utm.my/murtadha/2016/07/23/bernie-sanders-celebrates-the-nbas-all-star-statement-with-a-most-baller-gif/","",post,publish,exclude-legacy-post,no,no
"https://people.utm.my/murtadha/2016/07/23/the-game-of-thrones-season-6-outtakes-are-a-battle-of-the-bloopers/","",post,publish,exclude-legacy-post,no,no
"https://people.utm.my/murtadha/2016/07/23/this-harry-potter-nursery-is-so-perfect-the-artist-must-have-used-magic-to-create-it/","",post,publish,exclude-legacy-post,no,no
"https://people.utm.my/murtadha/2016/07/23/trumps-favorite-bands-really-dont-like-trump/","",post,publish,exclude-legacy-post,no,no
"https://people.utm.my/murtadha/2016/07/23/comic-con-got-a-sneak-peek-at-some-hey-arnold-film-artwork/","",post,publish,exclude-legacy-post,no,no
"https://people.utm.my/murtadha/2016/07/23/amazon-founder-jeff-bezos-tops-warren-buffett-becomes-the-third-richest-person-in-the-world/","",post,publish,exclude-legacy-post,no,no
"https://people.utm.my/murtadha/2016/07/23/english-schoolboys-find-brilliant-way-to-get-around-no-shorts-rule/","",post,publish,exclude-legacy-post,no,no
"https://people.utm.my/murtadha/2016/07/23/former-ku-klux-klan-leader-who-supports-donald-trump-now-running-for-u-s-senate/","",post,publish,exclude-legacy-post,no,no
"https://people.utm.my/murtadha/2016/07/23/this-is-how-you-lead-like-a-boss-and-not-a-pretender/","",post,publish,exclude-legacy-post,no,no
"https://people.utm.my/murtadha/2016/07/23/99-superdock-turns-android-phones-into-laptops-but-why/","",post,publish,exclude-legacy-post,no,no
"https://people.utm.my/murtadha/2016/07/22/terap-3-nilai-di-sekolah-jamin-kesejahteraan-negara-pm/","",post,publish,exclude-legacy-post,no,no
"https://people.utm.my/murtadha/2016/07/22/new-yorker-catches-all-142-pokmon-available-in-the-u-s/","",post,publish,exclude-legacy-post,no,no
"https://people.utm.my/murtadha/2016/07/22/hong-kong-umbrella-movement-student-leaders-found-guilty/","",post,publish,exclude-legacy-post,no,no
"https://people.utm.my/murtadha/2016/07/22/edward-snowden-doesnt-just-endorse-snowden-hes-in-it/","",post,publish,exclude-legacy-post,no,no
"https://people.utm.my/murtadha/2016/07/22/apple-has-14-cool-new-olympic-themed-watch-bands-but-you-can-only-get-them-in-rio/","",post,publish,exclude-legacy-post,no,no
"https://people.utm.my/murtadha/2016/07/22/all-the-strange-parts-that-make-up-the-city-with-the-worlds-highest-standard-of-living/","",post,publish,exclude-legacy-post,no,no
"https://people.utm.my/murtadha/2016/07/22/activist-combatted-misogyny-at-the-republican-convention-by-buying-shirts/","",post,publish,exclude-legacy-post,no,no
"https://people.utm.my/murtadha/2016/07/22/the-tick-is-coming-to-amazon-as-part-of-its-fall-comedy-pilot-season/","",post,publish,exclude-legacy-post,no,no
"https://people.utm.my/murtadha/2016/07/22/nasas-curiosity-rover-can-now-fire-its-laser-on-its-own-what-could-possibly-go-wrong/","",post,publish,exclude-legacy-post,no,no
"https://people.utm.my/murtadha/2016/07/22/former-trump-supporter-mark-cuban-now-says-the-candidate-can-wash-his-balls/","",post,publish,exclude-legacy-post,no,no
"https://people.utm.my/murtadha/2016/07/22/veep-actor-has-emmy-nomination-rescinded/","",post,publish,exclude-legacy-post,no,no
"https://people.utm.my/murtadha/2016/07/22/valerian-and-the-city-of-a-thousand-planets-features-comic-cons-nuttiest-aliens-yet/","",post,publish,exclude-legacy-post,no,no
"https://people.utm.my/murtadha/2016/07/22/watch-gary-buseys-bizarre-behavior-in-his-hitman-cameo/","",post,publish,exclude-legacy-post,no,no
"https://people.utm.my/murtadha/2016/07/22/people-are-sharing-the-meanest-backhanded-compliments-theyve-received/","",post,publish,exclude-legacy-post,no,no
"https://people.utm.my/murtadha/2016/07/22/what-does-the-future-hold-for-these-9-internet-kids/","",post,publish,exclude-legacy-post,no,no
"https://people.utm.my/murtadha/2016/07/22/germany-and-china-are-beating-the-u-s-in-energy-efficiency/","",post,publish,exclude-legacy-post,no,no
"https://people.utm.my/murtadha/2016/07/22/innocent-ice-cream-vendor-takes-foul-baseball-to-the-tush/","",post,publish,exclude-legacy-post,no,no
"https://people.utm.my/murtadha/2016/07/22/new-hubble-space-telescope-photos-give-us-a-deep-look-into-a-distant-part-of-the-universe/","",post,publish,exclude-legacy-post,no,no
"https://people.utm.my/murtadha/2016/07/21/1mdb-tiada-bukti-dana-digelapkan-nama-pm-tidak-disebut/","",post,publish,exclude-legacy-post,no,no
"https://people.utm.my/murtadha/2016/07/21/kerajaan-pandang-berat-laporan-doj-beri-kerjasama-penuh-pm/","",post,publish,exclude-legacy-post,no,no
"https://people.utm.my/murtadha/2016/07/21/demam-kabali-syarikat-di-chennai-isytihar-cuti/","",post,publish,exclude-legacy-post,no,no
"https://people.utm.my/murtadha/2016/07/21/line-will-launch-animated-singapore-sticker-set-to-celebrate-the-countrys-51st-birthday/","",post,publish,exclude-legacy-post,no,no
"https://people.utm.my/murtadha/2016/07/21/teenagers-burn-puppies-and-circulate-horrific-video-on-whatsapp/","",post,publish,exclude-legacy-post,no,no
"https://people.utm.my/murtadha/2016/07/21/final-divergent-movie-may-skip-the-big-screen/","",post,publish,exclude-legacy-post,no,no
"https://people.utm.my/murtadha/2016/07/21/now-you-can-draw-your-own-snapchat-facial-filters/","",post,publish,exclude-legacy-post,no,no
"https://people.utm.my/murtadha/2016/07/21/michelle-obamas-carpool-karaoke-is-here-wins-everything/","",post,publish,exclude-legacy-post,no,no
"https://people.utm.my/murtadha/2016/07/21/ekstrak-rambut-manusia-dalam-roti-pizza/","",post,publish,exclude-legacy-post,no,no
"https://people.utm.my/murtadha/2016/07/21/siasatan-1mdb-kerajaan-malaysia-akan-beri-kerjasama-penuh/","",post,publish,exclude-legacy-post,no,no
"https://people.utm.my/murtadha/2016/07/21/1mdb-tidak-miliki-aset-di-as/","",post,publish,exclude-legacy-post,no,no
"https://people.utm.my/murtadha/2016/07/21/kenyataan-media-1mdb-berhubung-saman-sivil-as/","",post,publish,exclude-legacy-post,no,no
"https://people.utm.my/murtadha/2016/07/21/erdogan-isytihar-darurat-3-bulan-di-turki/","",post,publish,exclude-legacy-post,no,no
"https://people.utm.my/murtadha/2016/07/21/the-rock-announces-show-about-80s-bodybuilders/","",post,publish,exclude-legacy-post,no,no
"https://people.utm.my/murtadha/2016/07/21/zoo-wisely-gets-in-on-pokmon-go-craze-with-new-signs/","",post,publish,exclude-legacy-post,no,no
"https://people.utm.my/murtadha/2016/07/21/anyway-heres-tiffany-trumps-pop-song/","",post,publish,exclude-legacy-post,no,no
"https://people.utm.my/murtadha/2016/07/21/all-we-know-about-the-mysterious-meredith-mciver/","",post,publish,exclude-legacy-post,no,no
"https://people.utm.my/murtadha/2016/07/21/this-pill-sized-robot-could-cure-stomach-bugs/","",post,publish,exclude-legacy-post,no,no
"https://people.utm.my/murtadha/2016/07/21/u-s-transportation-head-to-carmakers-focus-on-safety-not-coolness-with-autonomous-tech/","",post,publish,exclude-legacy-post,no,no
"https://people.utm.my/murtadha/2016/07/20/freemilo-prompts-free-speech-debate-after-twitter-ban-on-conservative-pundit/","",post,publish,exclude-legacy-post,no,no
"https://people.utm.my/murtadha/2016/07/20/desperate-man-offers-to-read-books-in-exchange-for-cash/","",post,publish,exclude-legacy-post,no,no
"https://people.utm.my/murtadha/2016/07/20/inevitably-people-are-comparing-theresa-may-to-margaret-thatcher/","",post,publish,exclude-legacy-post,no,no
"https://people.utm.my/murtadha/2016/07/20/wes-anderson-inspired-luxury-hotel-for-bees-has-a-really-good-cause/","",post,publish,exclude-legacy-post,no,no
"https://people.utm.my/murtadha/2016/07/20/french-bulldog-refuses-to-let-lack-of-water-keep-him-from-swimming/","",post,publish,exclude-legacy-post,no,no
"https://people.utm.my/murtadha/2016/07/20/matt-damon-is-totally-chill-about-video-games-now/","",post,publish,exclude-legacy-post,no,no
"https://people.utm.my/murtadha/2016/07/20/mahkamah-khas-siber-dijangka-mula-operasi-september/","",post,publish,exclude-legacy-post,no,no
"https://people.utm.my/murtadha/2016/07/20/sempat-kemaskini-fb-sebelum-ditemui-mati/","",post,publish,exclude-legacy-post,no,no
"https://people.utm.my/murtadha/2016/07/20/video-game-to-help-orangutans-compose-their-own-music/","",post,publish,exclude-legacy-post,no,no
"https://people.utm.my/murtadha/2016/07/20/twitter-permanently-bans-conservative-pundit-milo-yiannopoulos/","",post,publish,exclude-legacy-post,no,no
"https://people.utm.my/murtadha/2016/07/20/hillary-clinton-tweeted-some-sassy-responses-to-republican-convention-speakers/","",post,publish,exclude-legacy-post,no,no
"https://people.utm.my/murtadha/2016/07/20/donald-trump-jr-also-recycled-part-of-his-republican-convention-speech-but-apparently-its-ok/","",post,publish,exclude-legacy-post,no,no
"https://people.utm.my/murtadha/2016/07/20/hollywood-pays-tribute-to-garry-marshall-dead-at-81/","",post,publish,exclude-legacy-post,no,no
"https://people.utm.my/murtadha/2016/07/20/startup-funding-is-still-hard-to-come-by-unless-youre-uber-or-snapchat/","",post,publish,exclude-legacy-post,no,no
"https://people.utm.my/murtadha/2016/07/20/couples-who-get-drunk-together-stay-together-according-to-a-new-study/","",post,publish,exclude-legacy-post,no,no
"https://people.utm.my/murtadha/2016/07/20/you-wont-believe-how-many-couples-got-married-at-electric-daisy-carnival/","",post,publish,exclude-legacy-post,no,no
"https://people.utm.my/murtadha/2016/07/20/kia-offers-free-apple-carplay-and-android-auto-updates-for-8-models/","",post,publish,exclude-legacy-post,no,no
"https://people.utm.my/murtadha/2016/07/20/twitter-just-made-it-a-lot-easier-to-get-verified/","",post,publish,exclude-legacy-post,no,no
"https://people.utm.my/murtadha/2016/07/20/filipina-sahkan-5-rakyat-malaysia-diculik-abu-sayyaf/","",post,publish,exclude-legacy-post,no,no
"https://people.utm.my/murtadha/2016/07/19/sanjeevan-didakwa-di-mahkamah-sesyen-masjistret/","",post,publish,exclude-legacy-post,no,no
"https://people.utm.my/murtadha/2016/07/19/tmj-exco-fam-bakal-bersemuka/","",post,publish,exclude-legacy-post,no,no
"https://people.utm.my/murtadha/2016/07/19/hsr-kuala-lumpur-singapura-beroperasi-2026/","",post,publish,exclude-legacy-post,no,no
"https://people.utm.my/murtadha/2016/07/19/zte-zmax-pro-offers-a-fingerprint-sensor-and-13-megapixel-camera-for-99/","",post,publish,exclude-legacy-post,no,no
"https://people.utm.my/murtadha/2016/07/19/thai-crocodile-farm-slammed-after-pictures-of-tourists-on-precarious-looking-platform-go-viral/","",post,publish,exclude-legacy-post,no,no
"https://people.utm.my/murtadha/2016/07/19/this-must-be-proof-that-melania-trump-is-just-rickrolling-all-of-us/","",post,publish,exclude-legacy-post,no,no
"https://people.utm.my/murtadha/2016/07/19/emotional-marriage-proposal-during-the-national-gig-will-make-your-heart-swell/","",post,publish,exclude-legacy-post,no,no
"https://people.utm.my/murtadha/2016/07/19/new-train-between-singapore-and-kuala-lumpur-will-slice-travel-to-a-blazing-90-minutes/","",post,publish,exclude-legacy-post,no,no
"https://people.utm.my/murtadha/2016/07/19/its-britains-hottest-day-of-the-year-and-people-simply-cant-cope/","",post,publish,exclude-legacy-post,no,no
"https://people.utm.my/murtadha/2016/07/19/old-white-dude-convinced-white-christians-contributed-more-to-civilization-than-anyone-else/","",post,publish,exclude-legacy-post,no,no
"https://people.utm.my/murtadha/2016/07/19/snapchat-wants-to-show-you-ads-based-on-whats-in-your-images/","",post,publish,exclude-legacy-post,no,no
"https://people.utm.my/murtadha/2016/07/19/marlana-vanhooses-national-anthem-is-the-best-part-of-the-republican-convention-so-far/","",post,publish,exclude-legacy-post,no,no
"https://people.utm.my/murtadha/2016/07/19/the-tampon-joke-you-may-have-missed-at-the-rnc/","",post,publish,exclude-legacy-post,no,no
"https://people.utm.my/murtadha/2016/07/19/extreme-weather-tents-for-the-homeless-could-help-save-millions-of-lives/","",post,publish,exclude-legacy-post,no,no
"https://people.utm.my/murtadha/2016/07/19/fourth-star-trek-movie-announced-chris-hemsworth-to-return/","",post,publish,exclude-legacy-post,no,no
"https://people.utm.my/murtadha/2016/07/19/100-nude-women-showed-up-to-protest-at-the-republican-national-convention/","",post,publish,exclude-legacy-post,no,no
"https://people.utm.my/murtadha/2016/07/19/selena-gomez-criticized-after-weighing-in-on-the-taylor-swiftkanye-west-drama/","",post,publish,exclude-legacy-post,no,no
"https://people.utm.my/murtadha/2016/07/19/when-you-get-to-level-30-on-pokmon-go-things-get-intense/","",post,publish,exclude-legacy-post,no,no
"https://people.utm.my/murtadha/2016/07/19/little-baseball-fan-experiences-a-whirlwind-of-emotions-during-18-inning-game/","",post,publish,exclude-legacy-post,no,no
"https://people.utm.my/murtadha/2016/07/19/game-of-thrones-announces-big-changes-for-season-7/","",post,publish,exclude-legacy-post,no,no
"https://people.utm.my/murtadha/2016/07/19/tiada-amaran-tsunami-di-pulau-pinang/","",post,publish,exclude-legacy-post,no,no
"https://people.utm.my/murtadha/2016/07/18/behold-the-most-australian-way-to-recycle-boats-made-of-beer-cans/","",post,publish,exclude-legacy-post,no,no
"https://people.utm.my/murtadha/2016/07/18/a-polar-bear-is-being-kept-in-a-chinese-mall-for-selfies/","",post,publish,exclude-legacy-post,no,no
"https://people.utm.my/murtadha/2016/07/18/asamother-trends-as-australia-decides-motherhood-is-no-excuse-for-bigotry/","",post,publish,exclude-legacy-post,no,no
"https://people.utm.my/murtadha/2016/07/18/panda-gives-birth-to-the-tiniest-little-gem-and-were-in-awe/","",post,publish,exclude-legacy-post,no,no
"https://people.utm.my/murtadha/2016/07/18/mma-fighter-humiliates-opponent-after-knockout-with-pokmon-go-celebration/","",post,publish,exclude-legacy-post,no,no
"https://people.utm.my/murtadha/2016/07/18/billionaire-amazon-founder-jeff-bezos-is-a-star-trek-beyond-alien/","",post,publish,exclude-legacy-post,no,no
"https://people.utm.my/murtadha/2016/07/18/man-finds-adorable-and-deadly-baby-cobra-snake-hiding-in-his-shoe/","",post,publish,exclude-legacy-post,no,no
"https://people.utm.my/murtadha/2016/07/18/this-renaissance-painter-made-insanely-detailed-portraits-out-of-fruit-vegetables-and-fish/","",post,publish,exclude-legacy-post,no,no
"https://people.utm.my/murtadha/2016/07/18/forget-tebow-scott-baio-is-speaking-at-the-republican-national-convention/","",post,publish,exclude-legacy-post,no,no
"https://people.utm.my/murtadha/2016/07/18/henrik-stenson-rangkul-kejuaraan-terbuka-british/","",post,publish,exclude-legacy-post,no,no
"https://people.utm.my/murtadha/2016/07/17/elon-musks-spacex-has-chosen-a-rocket-for-its-first-true-reusability-test/","",post,publish,exclude-legacy-post,no,no
"https://people.utm.my/murtadha/2016/07/17/thousands-of-kate-bush-fans-recreate-wuthering-heights-around-the-world/","",post,publish,exclude-legacy-post,no,no
"https://people.utm.my/murtadha/2016/07/17/twitter-data-shows-the-world-is-making-boring-emoji-choices/","",post,publish,exclude-legacy-post,no,no
"https://people.utm.my/murtadha/2016/07/17/facebook-reportedly-blocked-in-armenia-during-unrest-in-the-capital/","",post,publish,exclude-legacy-post,no,no
"https://people.utm.my/murtadha/2016/07/17/the-entrepreneurial-family-who-recorded-the-eskimos-and-prospectors-of-gold-rush-alaska/","",post,publish,exclude-legacy-post,no,no
"https://people.utm.my/murtadha/2016/07/17/189-rakyat-malaysia-sambung-penerbangan-dari-turki/","",post,publish,exclude-legacy-post,no,no
"https://people.utm.my/murtadha/2016/07/17/moto3-khairul-idham-juarai-gp-jerman/","",post,publish,exclude-legacy-post,no,no
"https://people.utm.my/murtadha/2016/07/17/7-cant-miss-apps-vevo-polaroid-swing-darby-and-more/","",post,publish,exclude-legacy-post,no,no
"https://people.utm.my/murtadha/2016/07/17/spectacular-hand-colored-postcards-of-19th-century-venice/","",post,publish,exclude-legacy-post,no,no
"https://people.utm.my/murtadha/2016/07/17/john-cena-harnesses-his-wwe-fury-to-help-you-become-a-better-worker/","",post,publish,exclude-legacy-post,no,no
"https://people.utm.my/murtadha/2016/07/17/82-year-old-americas-got-talent-star-rocks-out-with-drowning-pool/","",post,publish,exclude-legacy-post,no,no
"https://people.utm.my/murtadha/2016/07/17/the-everyday-app-that-help-erdogan-beat-the-coup/","",post,publish,exclude-legacy-post,no,no
"https://people.utm.my/murtadha/2016/07/16/spunky-seniors-invite-you-to-lunch-in-delightful-meals-on-wheels-campaign/","",post,publish,exclude-legacy-post,no,no
"https://people.utm.my/murtadha/2016/07/16/the-miraculous-quintuplets-that-were-turned-into-a-government-owned-sideshow/","",post,publish,exclude-legacy-post,no,no
"https://people.utm.my/murtadha/2016/07/16/catch-up-on-this-weeks-news-with-our-instagram-roundup/","",post,publish,exclude-legacy-post,no,no
"https://people.utm.my/murtadha/2016/07/16/the-twitter-army-attacking-facebook-gun-sales/","",post,publish,exclude-legacy-post,no,no
"https://people.utm.my/murtadha/2016/07/16/you-shouldnt-be-ashamed-of-playing-pokemon-go-and-loving-it/","",post,publish,exclude-legacy-post,no,no
"https://people.utm.my/murtadha/2016/07/16/ppm-rampas-19000-telur-penyu/","",post,publish,exclude-legacy-post,no,no
"https://people.utm.my/murtadha/2016/07/16/ibu-pejabat-agensi-risikan-turki-diserang/","",post,publish,exclude-legacy-post,no,no
"https://people.utm.my/murtadha/2016/07/16/pakatan-tun-m-terdesak-tidak-berprinsip/","",post,publish,exclude-legacy-post,no,no
"https://people.utm.my/murtadha/2016/07/16/pkr-belum-buat-keputusan-sertai-pakatan-baharu/","",post,publish,exclude-legacy-post,no,no
"https://people.utm.my/murtadha/2016/07/16/interchange-ditayang-di-festival-filem-locarno/","",post,publish,exclude-legacy-post,no,no
"https://people.utm.my/murtadha/2016/07/16/boeing-turns-100-a-look-back-at-aviation-history/","",post,publish,exclude-legacy-post,no,no
"https://people.utm.my/murtadha/2016/07/16/the-sun-looks-like-its-doing-a-somersault-in-this-dizzying-gif-from-nasa/","",post,publish,exclude-legacy-post,no,no
"https://people.utm.my/murtadha/2016/07/16/the-5-best-and-5-worst-olympic-anthems/","",post,publish,exclude-legacy-post,no,no
"https://people.utm.my/murtadha/2016/07/16/cat-catches-a-ride-with-owner-for-quite-the-scooter-adventure/","",post,publish,exclude-legacy-post,no,no
"https://people.utm.my/murtadha/2016/07/16/potential-second-lady-karen-pence-wants-you-to-buy-charms-for-your-beach-towels/","",post,publish,exclude-legacy-post,no,no
"https://people.utm.my/murtadha/2016/07/16/keadaan-di-turki-luar-biasa-rakyat-msia-cerita-detik-cemas/","",post,publish,exclude-legacy-post,no,no
"https://people.utm.my/murtadha/2016/07/16/nasib-panglima-tentera-turki-tidak-diketahui-erdogan/","",post,publish,exclude-legacy-post,no,no
"https://people.utm.my/murtadha/2016/07/16/erdogan-berucap-kepada-warga-turki-menerusi-telefon-bimbit/","",post,publish,exclude-legacy-post,no,no
"https://people.utm.my/murtadha/2016/07/16/unit-tentera-turki-cuba-rampas-kuasa/","",post,publish,exclude-legacy-post,no,no
"https://people.utm.my/murtadha/2016/07/16/tom-brady-finally-throws-in-the-towel-on-deflategate/","",post,publish,exclude-legacy-post,no,no
"https://people.utm.my/murtadha/2016/07/16/these-cringey-news-bloopers-are-the-pick-me-up-everyone-needs/","",post,publish,exclude-legacy-post,no,no
"https://people.utm.my/murtadha/2016/07/16/worlds-most-hated-man-martin-shkreli-just-wants-to-play-pokmon-go-like-the-rest-of-us/","",post,publish,exclude-legacy-post,no,no
"https://people.utm.my/murtadha/2016/07/16/rihanna-cancels-france-concert-after-nice-terror-attacks/","",post,publish,exclude-legacy-post,no,no
"https://people.utm.my/murtadha/2016/07/16/netflix-launches-a-way-to-make-and-share-mixtapes-of-your-favorite-shows/","",post,publish,exclude-legacy-post,no,no
"https://people.utm.my/murtadha/2016/07/16/mh17-ingatan-kepada-mangsa-tidak-pernah-terhakis/","",post,publish,exclude-legacy-post,no,no
"https://people.utm.my/murtadha/2016/07/15/pelajar-sutd-dari-malaysia-antara-mangsa-cedera-di-nice/","",post,publish,exclude-legacy-post,no,no
"https://people.utm.my/murtadha/2016/07/15/pokmon-go-comes-to-spain-italy-and-portugal/","",post,publish,exclude-legacy-post,no,no
"https://people.utm.my/murtadha/2016/07/15/after-nice-attack-jo-coxs-husband-issues-heartfelt-appeal-on-day-of-her-funeral/","",post,publish,exclude-legacy-post,no,no
"https://people.utm.my/murtadha/2016/07/15/cartoonists-are-sharing-emotional-tributes-to-the-people-of-nice/","",post,publish,exclude-legacy-post,no,no
"https://people.utm.my/murtadha/2016/07/15/5-key-tips-for-getting-the-most-out-of-pokmon-go-on-your-commute/","",post,publish,exclude-legacy-post,no,no
"https://people.utm.my/murtadha/2016/07/15/bank-robbery-suspect-wrote-himself-a-note-to-act-normal-and-take-a-taxi/","",post,publish,exclude-legacy-post,no,no
"https://people.utm.my/murtadha/2016/07/15/pemandu-trak-lepaskan-tembakan-beberapa-kali-insiden-nice/","",post,publish,exclude-legacy-post,no,no
"https://people.utm.my/murtadha/2016/07/15/pertahanan-dortmund-sertai-middlesbrough/","",post,publish,exclude-legacy-post,no,no
"https://people.utm.my/murtadha/2016/07/15/masjid-jamek-abdullah-hukum-dibuka-akhir-bulan-ini/","",post,publish,exclude-legacy-post,no,no
"https://people.utm.my/murtadha/2016/07/15/kaji-hanya-penumpang-dibenar-dalam-terminal-tpm/","",post,publish,exclude-legacy-post,no,no
"https://people.utm.my/murtadha/2016/07/15/tiada-sesiapa-pengaruhi-saya-bersara-syafiq/","",post,publish,exclude-legacy-post,no,no
"https://people.utm.my/murtadha/2016/07/15/bn-umno-tak-tergugat-dengan-pakatan-baharu-pembangkang/","",post,publish,exclude-legacy-post,no,no
"https://people.utm.my/murtadha/2016/07/15/malaysia-dukacita-insiden-serangan-di-nice-tpm/","",post,publish,exclude-legacy-post,no,no
"https://people.utm.my/murtadha/2016/07/15/73-terbunuh-dalam-serangan-trak-di-perancis/","",post,publish,exclude-legacy-post,no,no
"https://people.utm.my/murtadha/2016/07/15/call-of-duty-pros-vie-for-championship-spots-this-weekend/","",post,publish,exclude-legacy-post,no,no
"https://people.utm.my/murtadha/2016/07/15/trump-and-clinton-just-jumped-on-the-pokmon-go-bandwagon/","",post,publish,exclude-legacy-post,no,no
"https://people.utm.my/murtadha/2016/07/15/trump-and-cruz-make-out-on-giant-billboard-in-gop-convention-city/","",post,publish,exclude-legacy-post,no,no
"https://people.utm.my/murtadha/2016/07/15/dozens-feared-dead-after-truck-plows-into-bastille-day-crowd-in-nice-france/","",post,publish,exclude-legacy-post,no,no
"https://people.utm.my/murtadha/2016/07/15/spencer-pratt-shares-his-opinions-on-hiddleswift-the-bachelorette-and-healing-crystals/","",post,publish,exclude-legacy-post,no,no
"https://people.utm.my/murtadha/2016/07/14/op-selamat-sempena-aidilfitri-terbaik-dalam-5-tahun/","",post,publish,exclude-legacy-post,no,no
"https://people.utm.my/murtadha/2016/07/14/perodua-bakal-lancar-model-sedan-sulung/","",post,publish,exclude-legacy-post,no,no
"https://people.utm.my/murtadha/2016/07/14/suami-isteri-seludup-pasport-asing-dalam-bas-ekspres/","",post,publish,exclude-legacy-post,no,no
"https://people.utm.my/murtadha/2016/07/14/fam-punca-pemain-bersara-tmj/","",post,publish,exclude-legacy-post,no,no
"https://people.utm.my/murtadha/2016/07/14/dan-harmon-brings-the-hilarious-world-of-fantasy-roleplaying-to-nbcs-seeso/","",post,publish,exclude-legacy-post,no,no
"https://people.utm.my/murtadha/2016/07/14/accio-friends-how-harry-potter-fans-are-building-communities/","",post,publish,exclude-legacy-post,no,no
"https://people.utm.my/murtadha/2016/07/14/jimmy-fallon-and-ariana-grande-put-their-best-filters-forward-in-silly-snapchat-duet/","",post,publish,exclude-legacy-post,no,no
"https://people.utm.my/murtadha/2016/07/14/chance-the-rapper-closes-espys-with-stirring-tribute-to-muhammad-ali/","",post,publish,exclude-legacy-post,no,no
"https://people.utm.my/murtadha/2016/07/14/6-startling-facts-about-child-hunger-in-the-u-s-and-how-you-can-help/","",post,publish,exclude-legacy-post,no,no
"https://people.utm.my/murtadha/2016/07/14/rugby-league-players-epic-face-plant-proves-group-hugs-are-dangerous/","",post,publish,exclude-legacy-post,no,no
"https://people.utm.my/murtadha/2016/07/14/starry-night-photos-will-remind-you-just-how-beautiful-the-world-can-be/","",post,publish,exclude-legacy-post,no,no
"https://people.utm.my/murtadha/2016/07/14/mr-robot-season-2-could-be-as-captivating-thrilling-and-jarring-as-its-first/","",post,publish,exclude-legacy-post,no,no
"https://people.utm.my/murtadha/2016/07/14/the-uk-needed-a-foreign-secretary-and-chose-boris-johnson-for-the-job/","",post,publish,exclude-legacy-post,no,no
"https://people.utm.my/murtadha/2016/07/14/this-may-be-the-worlds-most-beautiful-bike-path/","",post,publish,exclude-legacy-post,no,no
"https://people.utm.my/murtadha/2016/07/14/najib-ucap-tahniah-kepada-pm-baharu-britain-theresa-may/","",post,publish,exclude-legacy-post,no,no
"https://people.utm.my/murtadha/2016/07/14/sorry-notorious-rbg-your-common-sense-was-mia/","",post,publish,exclude-legacy-post,no,no
"https://people.utm.my/murtadha/2016/07/14/inside-kelloggs-nyc-the-fancy-cereal-caf-in-manhattan/","",post,publish,exclude-legacy-post,no,no
"https://people.utm.my/murtadha/2016/07/14/11-jobs-that-you-wouldnt-think-pay-100k/","",post,publish,exclude-legacy-post,no,no
"https://people.utm.my/murtadha/2016/07/14/fbi-closes-the-case-on-one-of-americas-greatest-mysteries/","",post,publish,exclude-legacy-post,no,no
"https://people.utm.my/murtadha/2016/07/14/family-approved-marvin-gaye-documentary-in-the-works/","",post,publish,exclude-legacy-post,no,no
"https://people.utm.my/murtadha/2016/07/14/ratu-elizabeth-ii-terima-peletakan-jawatan-cameron/","",post,publish,exclude-legacy-post,no,no
"https://people.utm.my/murtadha/2016/07/13/britain-has-its-next-prime-minister-to-thank-for-mass-surveillance-bill/","",post,publish,exclude-legacy-post,no,no
"https://people.utm.my/murtadha/2016/07/13/youtube-has-paid-2-billion-to-rights-holders-through-content-id/","",post,publish,exclude-legacy-post,no,no
"https://people.utm.my/murtadha/2016/07/13/auschwitz-asks-visitors-not-to-play-pokmon-go/","",post,publish,exclude-legacy-post,no,no
"https://people.utm.my/murtadha/2016/07/13/the-ethics-of-using-bomb-robots-as-killing-machines/","",post,publish,exclude-legacy-post,no,no
"https://people.utm.my/murtadha/2016/07/13/pokmon-go-arrives-in-germany-global-launch-impending/","",post,publish,exclude-legacy-post,no,no
"https://people.utm.my/murtadha/2016/07/13/the-fbi-has-quietly-gathered-400000-iris-scans/","",post,publish,exclude-legacy-post,no,no
"https://people.utm.my/murtadha/2016/07/13/singers-slammed-for-injecting-all-lives-matter-into-o-canada-at-mlb-all-star-game/","",post,publish,exclude-legacy-post,no,no
"https://people.utm.my/murtadha/2016/07/13/hollywood-director-james-cameron-wants-you-to-check-out-new-zealand/","",post,publish,exclude-legacy-post,no,no
"https://people.utm.my/murtadha/2016/07/13/who-needs-google-street-view-when-you-have-sheep-view-360/","",post,publish,exclude-legacy-post,no,no
"https://people.utm.my/murtadha/2016/07/13/jason-kidd-still-has-nightmares-about-not-teaming-up-with-tim-duncan/","",post,publish,exclude-legacy-post,no,no
"https://people.utm.my/murtadha/2016/07/13/sanders-and-clinton-make-it-snapchat-official/","",post,publish,exclude-legacy-post,no,no
"https://people.utm.my/murtadha/2016/07/13/learn-the-history-and-origins-of-ana-the-newest-overwatch-hero/","",post,publish,exclude-legacy-post,no,no
"https://people.utm.my/murtadha/2016/07/13/the-22nd-overwatch-hero-is-ana-a-long-distance-healer/","",post,publish,exclude-legacy-post,no,no
"https://people.utm.my/murtadha/2016/07/13/oculus-rift-pre-orders-are-finally-all-caught-up/","",post,publish,exclude-legacy-post,no,no
"https://people.utm.my/murtadha/2016/07/13/betty-white-honors-queen-latifah-by-dramatically-reading-her-lyrics/","",post,publish,exclude-legacy-post,no,no
"https://people.utm.my/murtadha/2016/07/12/twitter-increases-gif-size-limit-to-15mb-but-only-for-the-web/","",post,publish,exclude-legacy-post,no,no
"https://people.utm.my/murtadha/2016/07/12/singapore-restaurant-offers-2-million-meal-that-comes-with-a-2-carat-diamond-at-the-end/","",post,publish,exclude-legacy-post,no,no
"https://people.utm.my/murtadha/2016/07/12/asus-zenfone-3-deluxes-specs-will-put-your-phone-to-shame/","",post,publish,exclude-legacy-post,no,no
"https://people.utm.my/murtadha/2016/07/12/indias-post-offices-are-now-selling-bottled-holy-water-from-the-ganges/","",post,publish,exclude-legacy-post,no,no
"https://people.utm.my/murtadha/2016/07/12/this-hedgehog-lying-spread-eagle-to-cool-down-is-all-of-us-during-the-summer-heatwave/","",post,publish,exclude-legacy-post,no,no
"https://people.utm.my/murtadha/2016/07/12/want-a-driver-to-chase-pokmon-these-craigslist-ads-will-help/","",post,publish,exclude-legacy-post,no,no
"https://people.utm.my/murtadha/2016/07/12/star-wars-land-concept-art-reveals-secret-plans-for-disneyland-attraction/","",post,publish,exclude-legacy-post,no,no
"https://people.utm.my/murtadha/2016/07/12/baton-rouge-protestor-in-viral-photo-i-am-a-vessel/","",post,publish,exclude-legacy-post,no,no
"https://people.utm.my/murtadha/2016/07/12/ashley-madison-tries-to-win-back-users-with-first-ever-tv-commercials/","",post,publish,exclude-legacy-post,no,no
"https://people.utm.my/murtadha/2016/07/12/warner-bros-busted-for-paying-youtubers-for-positive-game-reviews/","",post,publish,exclude-legacy-post,no,no
"https://people.utm.my/murtadha/2016/07/12/defying-the-starving-artist-stereotype-real-artists-on-how-to-make-a-living-while-pursuing-your-passion/","",post,publish,exclude-legacy-post,no,no
"https://people.utm.my/murtadha/2016/07/12/challenge-of-the-day-find-the-cell-phone-in-this-picture/","",post,publish,exclude-legacy-post,no,no
"https://people.utm.my/murtadha/2016/07/11/7-sexual-health-issues-facing-teen-girls-globally-and-how-you-can-help/","",post,publish,exclude-legacy-post,no,no
"https://people.utm.my/murtadha/2016/07/11/nintendo-just-grew-by-7-5-billion-thanks-to-pokmon-go/","",post,publish,exclude-legacy-post,no,no
"https://people.utm.my/murtadha/2016/07/11/the-15-weirdest-places-people-have-caught-them-all-in-pokmon-go/","",post,publish,exclude-legacy-post,no,no
"https://people.utm.my/murtadha/2016/07/11/watch-a-pen-that-uses-ink-to-conduct-electricity-bring-drawings-to-life/","",post,publish,exclude-legacy-post,no,no
"https://people.utm.my/murtadha/2016/07/11/singapore-expat-gets-fired-for-raging-on-facebook-about-not-having-pokmon-go-yet/","",post,publish,exclude-legacy-post,no,no
"https://people.utm.my/murtadha/2016/07/11/mums-milestones-cards-celebrate-the-hilarious-downside-of-parenthood/","",post,publish,exclude-legacy-post,no,no
"https://people.utm.my/murtadha/2016/07/11/you-guys-miley-cyrus-may-have-tattooed-a-jar-of-vegemite-on-her-arm/","",post,publish,exclude-legacy-post,no,no
"https://people.utm.my/murtadha/2016/07/11/hiddleswift-is-proof-australian-media-has-zero-chill/","",post,publish,exclude-legacy-post,no,no
"https://people.utm.my/murtadha/2016/07/11/photo-of-police-in-riot-gear-arresting-protester-in-a-dress-strikes-chord-on-social-media/","",post,publish,exclude-legacy-post,no,no
"https://people.utm.my/murtadha/2016/07/11/maybe-dont-try-to-catch-a-baseball-with-a-tray-full-of-drinks/","",post,publish,exclude-legacy-post,no,no
"https://people.utm.my/murtadha/2016/07/11/savage-moth-attacks-cristiano-ronaldo-after-he-suffers-knee-injury/","",post,publish,exclude-legacy-post,no,no
"https://people.utm.my/murtadha/2016/07/11/ghostbusters-reviews-are-in-see-what-critics-say-about-the-all-female-reboot/","",post,publish,exclude-legacy-post,no,no
"https://people.utm.my/murtadha/2016/07/11/dallas-suspect-taunted-police-during-2-hours-of-negotiation/","",post,publish,exclude-legacy-post,no,no
"https://people.utm.my/murtadha/2016/07/10/2-cedera-bas-ekspres-langgar-10-kenderaan/","",post,publish,exclude-legacy-post,no,no
"https://people.utm.my/murtadha/2016/07/10/pokmon-go-fans-take-over-downtown-sydney-in-search-of-pikachu/","",post,publish,exclude-legacy-post,no,no
"https://people.utm.my/murtadha/2016/07/10/prime-minister-malcolm-turnbull-claims-victory-after-close-australian-election/","",post,publish,exclude-legacy-post,no,no
"https://people.utm.my/murtadha/2016/07/10/black-lives-matter-activist-journalists-reportedly-arrested-in-baton-rouge/","",post,publish,exclude-legacy-post,no,no
"https://people.utm.my/murtadha/2016/07/10/barber-keeps-things-interesting-by-cutting-hair-from-a-hot-air-balloon/","",post,publish,exclude-legacy-post,no,no
"https://people.utm.my/murtadha/2016/07/10/this-blind-apple-engineer-is-transforming-the-tech-world-at-only-22/","",post,publish,exclude-legacy-post,no,no
"https://people.utm.my/murtadha/2016/07/10/600-ahli-umno-keluar-parti/","",post,publish,exclude-legacy-post,no,no
"https://people.utm.my/murtadha/2016/07/10/inmates-escape-from-their-cells-rescue-guard-suffering-a-heart-attack/","",post,publish,exclude-legacy-post,no,no
"https://people.utm.my/murtadha/2016/07/10/disney-emojis-are-about-to-become-a-part-of-your-world/","",post,publish,exclude-legacy-post,no,no
"https://people.utm.my/murtadha/2016/07/10/beyonc-cheered-on-a-victorious-serena-williams-at-wimbledon-like-a-true-stan/","",post,publish,exclude-legacy-post,no,no
"https://people.utm.my/murtadha/2016/07/10/david-cameron-was-visibly-emotional-as-he-embraced-obama-at-nato-summit/","",post,publish,exclude-legacy-post,no,no
"https://people.utm.my/murtadha/2016/07/09/floppy-drives-make-beautiful-beeping-music-in-a-galaxy-far-far-away/","",post,publish,exclude-legacy-post,no,no
"https://people.utm.my/murtadha/2016/07/09/office-worker-tells-harrowing-chimichanga-experience-then-offers-them-to-coworkers-2/","",post,publish,exclude-legacy-post,no,no
"https://people.utm.my/murtadha/2016/07/09/police-chief-pens-passionate-letter-to-fellow-officers-after-dallas-shooting/","",post,publish,exclude-legacy-post,no,no
"https://people.utm.my/murtadha/2016/07/09/you-can-buy-celine-dions-885-titanic-sweatshirt-we-assume-anyway/","",post,publish,exclude-legacy-post,no,no
"https://people.utm.my/murtadha/2016/07/09/if-game-of-thrones-characters-had-modern-day-technology/","",post,publish,exclude-legacy-post,no,no
"https://people.utm.my/murtadha/2016/07/09/office-worker-tells-harrowing-chimichanga-experience-then-offers-them-to-coworkers/","",post,publish,exclude-legacy-post,no,no
"https://people.utm.my/murtadha/2016/07/09/real-housewife-ramona-singer-gives-us-another-branded-celebrity-instagram-fail/","",post,publish,exclude-legacy-post,no,no
"https://people.utm.my/murtadha/2016/07/09/man-who-killed-1-opened-fire-on-highway-was-angry-about-police-violence/","",post,publish,exclude-legacy-post,no,no
"https://people.utm.my/murtadha/2016/07/09/10-states-sue-federal-government-over-transgender-bathroom-policies/","",post,publish,exclude-legacy-post,no,no
"https://people.utm.my/murtadha/2016/07/09/how-to-take-care-of-yourself-in-the-wake-of-traumatic-shootings/","",post,publish,exclude-legacy-post,no,no
"https://people.utm.my/murtadha/2016/07/08/this-indian-startup-doesnt-want-you-to-buy-furniture-ever-again/","",post,publish,exclude-legacy-post,no,no
"https://people.utm.my/murtadha/2016/07/08/woman-shares-the-freaking-hilarious-side-of-motherhood/","",post,publish,exclude-legacy-post,no,no
"https://people.utm.my/murtadha/2016/07/08/spend-your-summer-swimming-in-ice-cream-sprinkles-really/","",post,publish,exclude-legacy-post,no,no
"https://people.utm.my/murtadha/2016/07/08/man-replies-to-scam-emails-and-hilarity-ensues/","",post,publish,exclude-legacy-post,no,no
"https://people.utm.my/murtadha/2016/07/08/electric-mountain-bike-eats-hills-for-breakfast/","",post,publish,exclude-legacy-post,no,no
"https://people.utm.my/murtadha/2016/07/08/minnesota-governor-says-racism-played-a-part-in-fatal-police-shooting/","",post,publish,exclude-legacy-post,no,no
"https://people.utm.my/murtadha/2016/07/08/samsungs-new-256gb-microsd-card-is-so-fast-no-devices-support-it-yet/","",post,publish,exclude-legacy-post,no,no
"https://people.utm.my/murtadha/2016/07/08/snapchat-sued-by-14-year-old-over-racy-discover-stories/","",post,publish,exclude-legacy-post,no,no
"https://people.utm.my/murtadha/2016/07/08/can-technology-protect-soft-targets-against-mass-shootings-and-terrorist-attacks/","",post,publish,exclude-legacy-post,no,no
"https://people.utm.my/murtadha/2016/07/08/10-ways-gretchen-carlsons-lawsuit-against-roger-ailes-is-just-a-giant-misunderstanding/","",post,publish,exclude-legacy-post,no,no
"https://people.utm.my/murtadha/2016/07/07/2-weeks-after-launch-live-ly-live-streaming-platform-hits-2-million-downloads/","",post,publish,exclude-legacy-post,no,no
"https://people.utm.my/murtadha/2016/07/07/6-basic-essentials-for-turning-a-side-project-into-a-legit-business/","",post,publish,exclude-legacy-post,no,no
"https://people.utm.my/murtadha/2016/07/07/spending-a-day-on-pokmon-go-is-not-good-for-your-phones-battery-life/","",post,publish,exclude-legacy-post,no,no
"https://people.utm.my/murtadha/2016/07/07/firefighter-shows-off-pancake-flipping-skills-to-a-stirring-bagpipe-soundtrack/","",post,publish,exclude-legacy-post,no,no
"https://people.utm.my/murtadha/2016/07/07/small-child-learns-new-bad-word-gleefully-repeats-it-over-and-over/","",post,publish,exclude-legacy-post,no,no
"https://people.utm.my/murtadha/2016/07/07/young-woman-steals-limelight-from-reporter-says-hi-to-her-parents/","",post,publish,exclude-legacy-post,no,no
"https://people.utm.my/murtadha/2016/07/07/penjenayah-berparang-serang-pusat-hiburan-2-maut-satu-parah/","",post,publish,exclude-legacy-post,no,no
"https://people.utm.my/murtadha/2016/07/07/zakir-naik-sanggah-tuduhan-galak-keganasan-sedia-disiasat/","",post,publish,exclude-legacy-post,no,no
"https://people.utm.my/murtadha/2016/07/07/pelajar-hancur-tiga-jari-kaki-40-mercun-bola-dalam-tin-meletup/","",post,publish,exclude-legacy-post,no,no
"https://people.utm.my/murtadha/2016/07/07/5-of-the-weirdest-things-written-about-australia-in-vanity-fairs-margot-robbie-profile/","",post,publish,exclude-legacy-post,no,no
"https://people.utm.my/murtadha/2016/07/07/police-held-76-year-old-malaysian-for-3-days-for-insulting-prime-minister-over-whatsapp/","",post,publish,exclude-legacy-post,no,no
"https://people.utm.my/murtadha/2016/07/07/singaporean-muslims-looked-amazing-in-their-traditional-outfits-for-eid/","",post,publish,exclude-legacy-post,no,no
"https://people.utm.my/murtadha/2016/07/07/fujifilms-new-weather-sealed-mirrorless-camera-shoots-4k-video/","",post,publish,exclude-legacy-post,no,no
"https://people.utm.my/murtadha/2016/07/07/woman-broadcasts-on-facebook-live-after-boyfriend-apparently-shot-by-police/","",post,publish,exclude-legacy-post,no,no
"https://people.utm.my/murtadha/2016/07/07/bomba-selamatkan-tiga-beranak-dalam-kebakaran-rumah/","",post,publish,exclude-legacy-post,no,no
"https://people.utm.my/murtadha/2016/07/07/potatoes-are-a-beautiful-metaphor-for-diversity-in-one-12-year-olds-snapchat/","",post,publish,exclude-legacy-post,no,no
"https://people.utm.my/murtadha/2016/07/07/penalty-shootout-decides-robot-soccer-world-cup-final/","",post,publish,exclude-legacy-post,no,no
"https://people.utm.my/murtadha/2016/07/07/someone-released-a-bunch-of-live-crabs-on-an-nyc-subway-car-because-this-city-is-fun/","",post,publish,exclude-legacy-post,no,no
"https://people.utm.my/murtadha/2016/07/07/1979-sylvester-stallone-retrieves-his-morning-paper-in-his-skivvies/","",post,publish,exclude-legacy-post,no,no
"https://people.utm.my/murtadha/2016/07/07/6-bizarre-rsums-and-what-you-should-learn-from-them/","",post,publish,exclude-legacy-post,no,no
"https://people.utm.my/murtadha/2016/07/07/what-to-watch-at-summer-games-done-quick-2016/","",post,publish,exclude-legacy-post,no,no
"https://people.utm.my/murtadha/2016/07/06/indias-supreme-court-tells-google-yahoo-and-microsoft-to-stop-hosting-sex-selection-ads/","",post,publish,exclude-legacy-post,no,no
"https://people.utm.my/murtadha/2016/07/06/the-sheer-size-of-the-chilcot-report-prompts-satire-over-its-last-line/","",post,publish,exclude-legacy-post,no,no
"https://people.utm.my/murtadha/2016/07/06/irish-man-uses-drone-to-elaborately-rescue-someone-trapped-in-his-bathroom/","",post,publish,exclude-legacy-post,no,no
"https://people.utm.my/murtadha/2016/07/06/the-chilcot-inquiry-in-numbers-what-you-need-to-know/","",post,publish,exclude-legacy-post,no,no
"https://people.utm.my/murtadha/2016/07/06/this-coffee-shop-prank-perfectly-demonstrates-the-risk-of-sharing-data-online/","",post,publish,exclude-legacy-post,no,no
"https://people.utm.my/murtadha/2016/07/06/ill-be-with-you-whatever-tony-blair-told-george-w-bush-months-before-iraq-invasion/","",post,publish,exclude-legacy-post,no,no
"https://people.utm.my/murtadha/2016/07/06/wanita-ejen-hartanah-mati-ditembak/","",post,publish,exclude-legacy-post,no,no
"https://people.utm.my/murtadha/2016/07/06/sahara-sudah-biasa-beraya-sendirian/","",post,publish,exclude-legacy-post,no,no
"https://people.utm.my/murtadha/2016/07/06/perangi-pengganas-tingkatkan-kefahaman-sebagai-islam-tulen-pm/","",post,publish,exclude-legacy-post,no,no
"https://people.utm.my/murtadha/2016/07/06/hargai-pengorbanan-pihak-bolehkan-syawal-dirai-dengan-aman/","",post,publish,exclude-legacy-post,no,no
"https://people.utm.my/murtadha/2016/07/06/pegawai-kanan-polis-ditahan-sprm/","",post,publish,exclude-legacy-post,no,no
"https://people.utm.my/murtadha/2016/07/06/the-macbook-air-will-likely-never-get-an-update/","",post,publish,exclude-legacy-post,no,no
"https://people.utm.my/murtadha/2016/07/06/kim-kardashian-has-proof-her-waist-in-fergies-video-is-kind-of-real/","",post,publish,exclude-legacy-post,no,no
"https://people.utm.my/murtadha/2016/07/06/yes-your-parents-are-on-snapchat-but-thats-actually-a-good-thing/","",post,publish,exclude-legacy-post,no,no
"https://people.utm.my/murtadha/2016/07/06/witness-unbridled-nasa-nerd-joy-when-juno-probe-successfully-reached-jupiter/","",post,publish,exclude-legacy-post,no,no
"https://people.utm.my/murtadha/2016/07/06/the-lonely-island-is-creating-a-pilot-in-a-box-for-freeform/","",post,publish,exclude-legacy-post,no,no
"https://people.utm.my/murtadha/2016/07/06/this-music-video-lets-you-swap-out-the-actors-in-real-time/","",post,publish,exclude-legacy-post,no,no
"https://people.utm.my/murtadha/2016/07/06/stephen-colbert-takes-on-video-game-speedrunning/","",post,publish,exclude-legacy-post,no,no
"https://people.utm.my/murtadha/2016/07/06/slick-uv-photography-actually-seems-achievable-with-these-tips/","",post,publish,exclude-legacy-post,no,no
"https://people.utm.my/murtadha/2016/07/06/fifth-harmony-defend-security-guards-after-fans-complain/","",post,publish,exclude-legacy-post,no,no
"https://people.utm.my/murtadha/2016/07/06/mumford-and-sons-appalled-at-sexual-violence-reported-at-swedish-festival/","",post,publish,exclude-legacy-post,no,no
"https://people.utm.my/murtadha/2016/07/06/eagle-celebrates-fourth-of-july-by-freeing-itself-and-flying-away/","",post,publish,exclude-legacy-post,no,no
"https://people.utm.my/murtadha/2016/07/05/manhunt-on-for-indian-student-who-threw-a-puppy-from-a-roof-in-viral-video/","",post,publish,exclude-legacy-post,no,no
"https://people.utm.my/murtadha/2016/07/05/the-eastern-bettong-is-an-adorable-aussie-animal-that-just-wants-your-love/","",post,publish,exclude-legacy-post,no,no
"https://people.utm.my/murtadha/2016/07/05/christoph-waltz-has-some-strong-feelings-about-nigel-farages-resignation/","",post,publish,exclude-legacy-post,no,no
"https://people.utm.my/murtadha/2016/07/05/carpooling-with-a-complete-stranger-my-one-way-ticket-to-awkward-silences/","",post,publish,exclude-legacy-post,no,no
"https://people.utm.my/murtadha/2016/07/05/mischievous-hound-steals-mans-phone-gleefully-refuses-to-give-it-back/","",post,publish,exclude-legacy-post,no,no
"https://people.utm.my/murtadha/2016/07/05/4-anggota-keselamatan-maut-dalam-serangan-bom-dekat-masjid-nabawi/","",post,publish,exclude-legacy-post,no,no
"https://people.utm.my/murtadha/2016/07/05/father-accidentally-kills-14-year-old-son-at-florida-gun-range/","",post,publish,exclude-legacy-post,no,no
"https://people.utm.my/murtadha/2016/07/05/mini-hurricane-of-sea-ice-spotted-off-the-canadian-coast/","",post,publish,exclude-legacy-post,no,no
"https://people.utm.my/murtadha/2016/07/05/sweat-science-7-winter-running-tips-that-will-protect-you-from-weird-science/","",post,publish,exclude-legacy-post,no,no
"https://people.utm.my/murtadha/2016/07/05/6-apps-to-help-you-win-summer/","",post,publish,exclude-legacy-post,no,no
"https://people.utm.my/murtadha/2016/07/05/google-is-building-casting-features-right-into-chrome/","",post,publish,exclude-legacy-post,no,no
"https://people.utm.my/murtadha/2016/07/04/16-aggressively-unsatisfying-gifs/","",post,publish,exclude-legacy-post,no,no
"https://people.utm.my/murtadha/2016/07/04/john-cena-reminds-everyone-what-the-average-american-looks-like-in-patriotic-psa/","",post,publish,exclude-legacy-post,no,no
"https://people.utm.my/murtadha/2016/07/04/films-being-renamed-to-sound-more-british-is-as-gloriously-awkward-as-youd-expect/","",post,publish,exclude-legacy-post,no,no
"https://people.utm.my/murtadha/2016/07/04/experience-the-joy-and-terror-of-puppies-discovering-mirrors-for-the-first-time/","",post,publish,exclude-legacy-post,no,no
"https://people.utm.my/murtadha/2016/07/04/calgarys-skaters-are-so-stoked-to-get-their-ramps-back-my-dudes/","",post,publish,exclude-legacy-post,no,no
"https://people.utm.my/murtadha/2016/07/04/serangan-bom-tangan-sah-angkara-is/","",post,publish,exclude-legacy-post,no,no
"https://people.utm.my/murtadha/2016/07/04/shafie-apdal-umum-keluar-umno/","",post,publish,exclude-legacy-post,no,no
"https://people.utm.my/murtadha/2016/07/04/bnm-sangkal-cadangan-penggenapan-lima-sen-ke-bawah/","",post,publish,exclude-legacy-post,no,no
"https://people.utm.my/murtadha/2016/07/04/jurutera-muda-cipta-bas-elektrik-pertama-buatan-malaysia/","",post,publish,exclude-legacy-post,no,no
"https://people.utm.my/murtadha/2016/07/04/tanpa-sebab-pemuda-bakar-rumah-kenderaan/","",post,publish,exclude-legacy-post,no,no
"https://people.utm.my/murtadha/2016/07/04/justin-trudeau-makes-historic-pride-march-in-toronto/","",post,publish,exclude-legacy-post,no,no
"https://people.utm.my/murtadha/2016/07/04/tv-journalist-expertly-trolls-betting-agency-by-constantly-changing-his-tie/","",post,publish,exclude-legacy-post,no,no
"https://people.utm.my/murtadha/2016/07/04/this-company-plans-to-grow-armies-of-drones-in-giant-tubs-of-chemicals/","",post,publish,exclude-legacy-post,no,no
"https://people.utm.my/murtadha/2016/07/04/jumping-shark-caught-on-camera-in-an-almost-sharknado-situation/","",post,publish,exclude-legacy-post,no,no
"https://people.utm.my/murtadha/2016/07/04/as-a-presidential-candidate-donald-trump-makes-a-tasty-doughnut/","",post,publish,exclude-legacy-post,no,no
"https://people.utm.my/murtadha/2016/07/04/hang-out-with-these-rather-charming-dingo-puppies/","",post,publish,exclude-legacy-post,no,no
"https://people.utm.my/murtadha/2016/07/04/lori-rempuh-tiga-kereta-punca-7-sekeluarga-maut/","",post,publish,exclude-legacy-post,no,no
"https://people.utm.my/murtadha/2016/07/04/aidilfitri-bertukar-menjadi-majlis-tahlil/","",post,publish,exclude-legacy-post,no,no
"https://people.utm.my/murtadha/2016/07/04/7-sekeluarga-maut-nahas-dekat-gua-musang/","",post,publish,exclude-legacy-post,no,no
"https://people.utm.my/murtadha/2016/07/04/22-pictures-you-need-to-look-at-twice/","",post,publish,exclude-legacy-post,no,no
"https://people.utm.my/murtadha/2016/07/04/dreamlike-color-photos-capture-english-beaches-at-the-turn-of-the-century/","",post,publish,exclude-legacy-post,no,no
"https://people.utm.my/murtadha/2016/07/04/finding-dory-is-1-but-the-purge-wins-big-at-the-weekend-box-office/","",post,publish,exclude-legacy-post,no,no
"https://people.utm.my/murtadha/2016/07/04/san-diego-comic-con-to-honor-star-trek-and-leonard-nimoy/","",post,publish,exclude-legacy-post,no,no
"https://people.utm.my/murtadha/2016/07/04/video-game-masters-give-back-in-summer-games-done-quick/","",post,publish,exclude-legacy-post,no,no
"https://people.utm.my/murtadha/2016/07/04/baghdad-car-bombings-leave-126-dead-including-25-children/","",post,publish,exclude-legacy-post,no,no
"https://people.utm.my/murtadha/2016/07/03/australian-election-won-by-sausage-outrage-harambe-and-uncertainty/","",post,publish,exclude-legacy-post,no,no
"https://people.utm.my/murtadha/2016/07/03/meet-pillo-the-robot-that-aims-to-be-your-personal-pharmacy/","",post,publish,exclude-legacy-post,no,no
"https://people.utm.my/murtadha/2016/07/03/i-will-alway-love-eu-the-best-signs-from-londons-anti-brexit-march/","",post,publish,exclude-legacy-post,no,no
"https://people.utm.my/murtadha/2016/07/03/7-cant-miss-apps-sportle-cutesy-dungeon-tiles-and-more/","",post,publish,exclude-legacy-post,no,no
"https://people.utm.my/murtadha/2016/07/03/no-vomiting-allowed-on-twitchs-new-social-eating-channel/","",post,publish,exclude-legacy-post,no,no
"https://people.utm.my/murtadha/2016/07/03/lelaki-cuba-curi-kereta-dibelasah-orang-ramai/","",post,publish,exclude-legacy-post,no,no
"https://people.utm.my/murtadha/2016/07/03/sultan-johor-pasang-plat-f1-pada-proton-perdana/","",post,publish,exclude-legacy-post,no,no
"https://people.utm.my/murtadha/2016/07/03/pesara-rugi-rm200000-ditipu-wanita-uk/","",post,publish,exclude-legacy-post,no,no
"https://people.utm.my/murtadha/2016/07/03/adenan-jumpa-najib-esok-bincang-penurunan-kuasa/","",post,publish,exclude-legacy-post,no,no
"https://people.utm.my/murtadha/2016/07/03/artist-reveals-context-of-famous-landmarks-in-wrong-way-photo-series/","",post,publish,exclude-legacy-post,no,no
"https://people.utm.my/murtadha/2016/07/03/lady-gaga-was-pretty-jazzed-to-get-her-drivers-license/","",post,publish,exclude-legacy-post,no,no
"https://people.utm.my/murtadha/2016/07/03/watch-a-very-cute-dog-husk-some-corn-on-the-farm/","",post,publish,exclude-legacy-post,no,no
"https://people.utm.my/murtadha/2016/07/03/elie-wiesel-holocaust-survivor-and-nobel-laureate-dies-at-87/","",post,publish,exclude-legacy-post,no,no
"https://people.utm.my/murtadha/2016/07/03/elie-wiesels-writing-and-influence-remembered-after-his-death/","",post,publish,exclude-legacy-post,no,no
"https://people.utm.my/murtadha/2016/07/03/michael-cimino-oscar-winning-director-of-the-deer-hunter-reportedly-dies-at-77/","",post,publish,exclude-legacy-post,no,no
"https://people.utm.my/murtadha/2016/07/02/dessert-hummus-wants-to-challenge-everything-you-know-about-the-chickpea/","",post,publish,exclude-legacy-post,no,no
"https://people.utm.my/murtadha/2016/07/02/tesla-autopilot-victim-may-have-been-watching-harry-potter-during-crash-2/","",post,publish,exclude-legacy-post,no,no
"https://people.utm.my/murtadha/2016/07/02/kickstarting-a-windows-10-phone-is-a-terrible-idea-yet-someone-is-doing-just-that/","",post,publish,exclude-legacy-post,no,no
"https://people.utm.my/murtadha/2016/07/02/action-packed-commercial-is-the-first-ad-to-be-shot-entirely-in-imax/","",post,publish,exclude-legacy-post,no,no
"https://people.utm.my/murtadha/2016/07/02/1910-magnificent-portraits-of-first-nations-people-of-alberta/","",post,publish,exclude-legacy-post,no,no
"https://people.utm.my/murtadha/2016/07/02/these-are-the-final-text-messages-people-sent-before-being-ghosted/","",post,publish,exclude-legacy-post,no,no
"https://people.utm.my/murtadha/2016/07/02/tesla-autopilot-victim-may-have-been-watching-harry-potter-during-crash/","",post,publish,exclude-legacy-post,no,no
"https://people.utm.my/murtadha/2016/07/02/bmw-intel-and-mobileye-to-bring-fully-autonomous-car-to-the-roads-by-2021/","",post,publish,exclude-legacy-post,no,no
"https://people.utm.my/murtadha/2016/07/02/apple-fires-back-at-spotify-over-app-update-dispute/","",post,publish,exclude-legacy-post,no,no
"https://people.utm.my/murtadha/2016/07/02/apple-buying-tidal-would-be-great-for-tidal/","",post,publish,exclude-legacy-post,no,no
"https://people.utm.my/murtadha/2016/07/02/cultural-revolution-propaganda-posters-encouraged-patriotism-and-hygiene/","",post,publish,exclude-legacy-post,no,no
"https://people.utm.my/murtadha/2016/07/02/amazon-brings-pbs-kids-programming-to-prime-in-push-for-younger-viewers/","",post,publish,exclude-legacy-post,no,no
"https://people.utm.my/murtadha/2016/07/02/2-rentung-kereta-rempuh-tiang-lampu-terbakar/","",post,publish,exclude-legacy-post,no,no
"https://people.utm.my/murtadha/2016/07/01/lions-gate-buys-starz-movie-channel-for-4-4-billion/","",post,publish,exclude-legacy-post,no,no
"https://people.utm.my/murtadha/2016/07/01/kid-loses-his-stuffed-elephant-so-photoshoppers-give-him-a-trip-around-the-world/","",post,publish,exclude-legacy-post,no,no
"https://people.utm.my/murtadha/2016/07/01/poor-justin-bieber-falls-down-again/","",post,publish,exclude-legacy-post,no,no
"https://people.utm.my/murtadha/2016/07/01/the-12-most-impressive-social-good-innovations-from-june/","",post,publish,exclude-legacy-post,no,no
"https://people.utm.my/murtadha/2016/07/01/meet-drone-ovic-the-drone-thats-trying-to-improve-your-tennis-game/","",post,publish,exclude-legacy-post,no,no
"https://people.utm.my/murtadha/2016/07/01/mashreads-podcast-how-game-of-thrones-made-high-fantasy-cool/","",post,publish,exclude-legacy-post,no,no
"https://people.utm.my/murtadha/2016/07/01/sultan-johor-menang-bidaan-nombor-plat-f1/","",post,publish,exclude-legacy-post,no,no
"https://people.utm.my/murtadha/2016/07/01/spire-smart-pebble-watches-your-breathing-and-mental-health/","",post,publish,exclude-legacy-post,no,no
"https://people.utm.my/murtadha/2016/07/01/gopro-captures-terrifying-moment-skydiver-loses-parachute-mid-flight/","",post,publish,exclude-legacy-post,no,no
"https://people.utm.my/murtadha/2016/07/01/turns-out-making-a-youtube-prank-show-can-be-toxic-to-a-relationship/","",post,publish,exclude-legacy-post,no,no
"https://people.utm.my/murtadha/2016/07/01/8-of-the-biggest-beauty-trends-so-far-in-2016/","",post,publish,exclude-legacy-post,no,no
"https://people.utm.my/murtadha/2016/07/01/how-change-org-became-a-legitimate-force-in-australian-politics/","",post,publish,exclude-legacy-post,no,no
"https://people.utm.my/murtadha/2016/07/01/this-is-why-daniel-radcliffe-only-uses-google/","",post,publish,exclude-legacy-post,no,no
"https://people.utm.my/murtadha/2016/07/01/chicago-gun-store-raffles-a-semi-automatic-weapon-for-orlando-attack-victims/","",post,publish,exclude-legacy-post,no,no
"https://people.utm.my/murtadha/2016/07/01/the-fda-wants-you-to-stop-eating-raw-cookie-dough/","",post,publish,exclude-legacy-post,no,no
"https://people.utm.my/murtadha/2016/07/01/harry-potter-star-tom-felton-joins-the-flash/","",post,publish,exclude-legacy-post,no,no
"https://people.utm.my/murtadha/2016/07/01/we-all-need-to-work-together-to-democratically-water-this-plant-named-jeff/","",post,publish,exclude-legacy-post,no,no
"https://people.utm.my/murtadha/2016/07/01/is-toyota-planning-flying-cars-they-just-patented-an-aero-car-fuselage/","",post,publish,exclude-legacy-post,no,no
"https://people.utm.my/murtadha/2016/06/30/harga-minyak-naik-5-sen-mulai-1-julai/","",post,publish,exclude-legacy-post,no,no
"https://people.utm.my/murtadha/2016/06/30/angkara-cemburu-suami-maut-ditikam-isteri/","",post,publish,exclude-legacy-post,no,no
"https://people.utm.my/murtadha/2016/06/30/peter-bellew-dilantik-pengarah-urusan-ceo-baharu-malaysia-airlines/","",post,publish,exclude-legacy-post,no,no
"https://people.utm.my/murtadha/2016/06/30/25-people-who-will-never-forget-to-properly-apply-sunscreen-ever-again/","",post,publish,exclude-legacy-post,no,no
"https://people.utm.my/murtadha/2016/06/30/this-1-tweet-reveals-the-tragic-side-effect-brexit-is-having-on-dogs/","",post,publish,exclude-legacy-post,no,no
"https://people.utm.my/murtadha/2016/06/30/air-asia-starts-special-flights-to-take-indian-superstar-rajinikanths-fans-to-his-films-premiere/","",post,publish,exclude-legacy-post,no,no
"https://people.utm.my/murtadha/2016/06/30/boris-johnson-wont-be-the-next-uk-prime-minister/","",post,publish,exclude-legacy-post,no,no
"https://people.utm.my/murtadha/2016/06/30/mcdonalds-continues-gourmet-march-in-singapore-with-salad-and-dessert-bars/","",post,publish,exclude-legacy-post,no,no
"https://people.utm.my/murtadha/2016/06/30/the-app-that-matches-surplus-food-with-the-hungry/","",post,publish,exclude-legacy-post,no,no
"https://people.utm.my/murtadha/2016/06/30/chevrolet-cuts-4g-lte-data-plan-pricing-for-its-vehicles-in-half/","",post,publish,exclude-legacy-post,no,no
"https://people.utm.my/murtadha/2016/06/30/still-dont-know-which-australian-party-to-vote-for-this-tool-can-help/","",post,publish,exclude-legacy-post,no,no
"https://people.utm.my/murtadha/2016/06/30/this-1952-buick-land-speed-record-holder-can-be-yours-for-195000/","",post,publish,exclude-legacy-post,no,no
"https://people.utm.my/murtadha/2016/06/30/pelepasan-khas-bertugas-pada-8-julai-jika-aidilfitri-6-julai/","",post,publish,exclude-legacy-post,no,no
"https://people.utm.my/murtadha/2016/06/30/victorious-hedgehog-had-to-be-honored-by-a-photoshop-battle/","",post,publish,exclude-legacy-post,no,no
"https://people.utm.my/murtadha/2016/06/30/jessica-williams-is-leaving-the-daily-show-to-do-her-own-thing/","",post,publish,exclude-legacy-post,no,no
"https://people.utm.my/murtadha/2016/06/30/6-important-lessons-from-childrens-books-worth-rediscovering-as-an-adult/","",post,publish,exclude-legacy-post,no,no
"https://people.utm.my/murtadha/2016/06/30/thank-a-friend-for-your-chance-to-win-in-our-community-challenge/","",post,publish,exclude-legacy-post,no,no
"https://people.utm.my/murtadha/2016/06/30/hamilton-star-leslie-odom-jr-shares-very-classy-video-for-autumn-leaves/","",post,publish,exclude-legacy-post,no,no
"https://people.utm.my/murtadha/2016/06/29/google-doodle-features-eminent-australian-indigenous-rights-leader/","",post,publish,exclude-legacy-post,no,no
"https://people.utm.my/murtadha/2016/06/29/people-slam-cher-for-bomb-emoji-tweet-on-istanbul-airport-attack/","",post,publish,exclude-legacy-post,no,no
"https://people.utm.my/murtadha/2016/06/29/these-kids-chair-flipping-compilation-is-strangely-satisfying/","",post,publish,exclude-legacy-post,no,no
"https://people.utm.my/murtadha/2016/06/29/reworked-game-of-thrones-title-sequence-livens-up-canberra-by-turning-it-into-westeros/","",post,publish,exclude-legacy-post,no,no
"https://people.utm.my/murtadha/2016/06/29/game-of-thrones-creators-drop-more-big-hints-about-how-many-episodes-are-left/","",post,publish,exclude-legacy-post,no,no
"https://people.utm.my/murtadha/2016/06/29/eksekutif-parah-kena-lima-das-tembakan/","",post,publish,exclude-legacy-post,no,no
"https://people.utm.my/murtadha/2016/06/29/remaja-kerat-kaki-mek-som-kena-penjara-11-tahun/","",post,publish,exclude-legacy-post,no,no
"https://people.utm.my/murtadha/2016/06/29/lip-reading-game-of-thrones-theorist-claims-to-know-jon-snows-real-first-name/","",post,publish,exclude-legacy-post,no,no
"https://people.utm.my/murtadha/2016/06/29/time-lapse-of-huge-rainbow-flag-unfurled-in-mexico-city-pride-parade/","",post,publish,exclude-legacy-post,no,no
"https://people.utm.my/murtadha/2016/06/29/volunteers-swing-sledgehammers-at-glass-bridge-in-china-to-prove-its-safe/","",post,publish,exclude-legacy-post,no,no
"https://people.utm.my/murtadha/2016/06/29/this-glass-slide-1000-feet-above-l-a-is-a-daredevils-dream/","",post,publish,exclude-legacy-post,no,no
"https://people.utm.my/murtadha/2016/06/29/suicide-attack-kills-at-least-28-people-at-istanbul-airport/","",post,publish,exclude-legacy-post,no,no
"https://people.utm.my/murtadha/2016/06/29/thousands-protest-brexit-in-central-london/","",post,publish,exclude-legacy-post,no,no
"https://people.utm.my/murtadha/2016/06/29/31-maut-dalam-serangan-di-lapangan-terbang-istanbul/","",post,publish,exclude-legacy-post,no,no
"https://people.utm.my/murtadha/2016/06/29/bbc-presenter-caught-messing-with-her-phone-on-live-television/","",post,publish,exclude-legacy-post,no,no
"https://people.utm.my/murtadha/2016/06/29/drake-has-trouble-learning-the-lingo-of-kinkos-in-never-seen-snl-sketch/","",post,publish,exclude-legacy-post,no,no
"https://people.utm.my/murtadha/2016/06/29/eric-prydz-epic-4-0-an-exclusive-look-inside-the-live-show/","",post,publish,exclude-legacy-post,no,no
"https://people.utm.my/murtadha/2016/06/29/what-to-do-when-youre-totally-overworked/","",post,publish,exclude-legacy-post,no,no
"https://people.utm.my/murtadha/2016/06/29/here-one-earbuds-combine-augmented-hearing-with-wireless-earbuds/","",post,publish,exclude-legacy-post,no,no
"https://people.utm.my/murtadha/2016/06/29/cormac-mccarthy-is-still-alive-despite-usa-todays-best-attempts-to-tell-you-otherwise/","",post,publish,exclude-legacy-post,no,no
"https://people.utm.my/murtadha/2016/06/28/syor-wajibkan-kanak-kanak-diberi-suntikan-vaksin-rohani/","",post,publish,exclude-legacy-post,no,no
"https://people.utm.my/murtadha/2016/06/28/australian-ad-showing-cyclist-wearing-a-helmet-in-amsterdam-amuses-the-dutch/","",post,publish,exclude-legacy-post,no,no
"https://people.utm.my/murtadha/2016/06/28/icelandic-commentator-disses-england-in-most-enthusiastic-way-possible/","",post,publish,exclude-legacy-post,no,no
"https://people.utm.my/murtadha/2016/06/28/22-million-worth-of-bitcoin-sold-in-australian-first-auction/","",post,publish,exclude-legacy-post,no,no
"https://people.utm.my/murtadha/2016/06/28/chinese-fans-are-really-upset-that-lady-gaga-hung-out-with-the-dalai-lama/","",post,publish,exclude-legacy-post,no,no
"https://people.utm.my/murtadha/2016/06/28/china-keeps-trying-to-prove-its-glass-bridge-is-safe-so-it-drove-a-2-tonne-suv-over-it/","",post,publish,exclude-legacy-post,no,no
"https://people.utm.my/murtadha/2016/06/28/indian-man-harasses-flight-attendant-for-a-selfie-then-smokes-in-the-plane/","",post,publish,exclude-legacy-post,no,no
"https://people.utm.my/murtadha/2016/06/28/premis-hiburan-dibaling-bahan-letupan-pengunjung-cedera/","",post,publish,exclude-legacy-post,no,no
"https://people.utm.my/murtadha/2016/06/28/devious-clump-of-dirt-delays-mlb-game-for-5-minutes/","",post,publish,exclude-legacy-post,no,no
"https://people.utm.my/murtadha/2016/06/28/vw-to-pay-15-billion-to-settle-dieselgate-in-the-u-s-report-says/","",post,publish,exclude-legacy-post,no,no
"https://people.utm.my/murtadha/2016/06/28/get-the-last-bit-of-shampoo-out-of-the-bottle-with-this-relieving-invention/","",post,publish,exclude-legacy-post,no,no
"https://people.utm.my/murtadha/2016/06/28/google-earth-gets-a-fancy-new-look-thanks-to-nasa-satellite-data/","",post,publish,exclude-legacy-post,no,no
"https://people.utm.my/murtadha/2016/06/28/ludacris-will-perform-at-guantanamo-bay-on-july-4th-but-not-the-prison/","",post,publish,exclude-legacy-post,no,no
"https://people.utm.my/murtadha/2016/06/28/that-chilling-song-from-the-game-of-thrones-finale-is-on-spotify/","",post,publish,exclude-legacy-post,no,no
"https://people.utm.my/murtadha/2016/06/27/girl-running-away-from-a-peacock-is-so-glorious-she-needed-a-photoshop-battle/","",post,publish,exclude-legacy-post,no,no
"https://people.utm.my/murtadha/2016/06/27/boy-at-a-baseball-game-will-stare-into-your-soul/","",post,publish,exclude-legacy-post,no,no
"https://people.utm.my/murtadha/2016/06/27/starbucks-plans-to-introduce-indian-coffee-in-the-us/","",post,publish,exclude-legacy-post,no,no
"https://people.utm.my/murtadha/2016/06/27/twitter-introduces-stickers-giving-your-timeline-a-taste-of-snapchat/","",post,publish,exclude-legacy-post,no,no
"https://people.utm.my/murtadha/2016/06/27/watch-dj-khaleds-i-got-the-keys-featuring-jay-z-and-future/","",post,publish,exclude-legacy-post,no,no
"https://people.utm.my/murtadha/2016/06/27/supreme-court-strikes-down-controversial-texas-abortion-laws/","",post,publish,exclude-legacy-post,no,no
"https://people.utm.my/murtadha/2016/06/27/ahmad-husni-lepas-semua-jawatan-umno-bn/","",post,publish,exclude-legacy-post,no,no
"https://people.utm.my/murtadha/2016/06/27/pm-umum-rombakan-kabinet/","",post,publish,exclude-legacy-post,no,no
"https://people.utm.my/murtadha/2016/06/27/formasi-awan-luar-biasa-gemparkan-penduduk/","",post,publish,exclude-legacy-post,no,no
"https://people.utm.my/murtadha/2016/06/27/did-you-notice-the-tiny-significant-change-to-the-game-of-thrones-opening-credits/","",post,publish,exclude-legacy-post,no,no
"https://people.utm.my/murtadha/2016/06/27/5-times-the-game-of-thrones-season-finale-raised-our-blood-pressure/","",post,publish,exclude-legacy-post,no,no
"https://people.utm.my/murtadha/2016/06/27/ford-gave-its-450000-gt-supercar-a-limited-edition-60s-race-car-makeover/","",post,publish,exclude-legacy-post,no,no
"https://people.utm.my/murtadha/2016/06/27/prince-tributes-take-center-stage-at-the-bet-awards/","",post,publish,exclude-legacy-post,no,no
"https://people.utm.my/murtadha/2016/06/27/messi-becomes-a-meme-after-critical-copa-miss/","",post,publish,exclude-legacy-post,no,no
"https://people.utm.my/murtadha/2016/06/27/print-your-digital-photos-on-instant-film-with-this-tiny-device/","",post,publish,exclude-legacy-post,no,no
"https://people.utm.my/murtadha/2016/06/27/independence-day-box-office-points-to-biggest-bust-of-the-summer/","",post,publish,exclude-legacy-post,no,no
"https://people.utm.my/murtadha/2016/06/27/this-bouncing-dog-literally-cannot-believe-how-lucky-it-is-to-play-in-a-field/","",post,publish,exclude-legacy-post,no,no
"https://people.utm.my/murtadha/2016/06/27/torbjrn-the-most-controversial-overwatch-hero-is-getting-fixed/","",post,publish,exclude-legacy-post,no,no
"https://people.utm.my/murtadha/2016/06/27/5-things-wed-love-to-see-on-the-game-of-thrones-season-6-finale/","",post,publish,exclude-legacy-post,no,no
"https://people.utm.my/murtadha/2016/06/27/president-obama-shares-loveislove-pride-message-on-twitter/","",post,publish,exclude-legacy-post,no,no
"https://people.utm.my/murtadha/2016/06/27/50-cent-gets-arrested-for-dropping-f-bomb-at-concert-in-saint-kitts/","",post,publish,exclude-legacy-post,no,no
"https://people.utm.my/murtadha/2016/06/26/watching-paint-cans-explode-in-slow-motion-is-oddly-magnificent/","",post,publish,exclude-legacy-post,no,no
"https://people.utm.my/murtadha/2016/06/26/beautiful-time-lapse-captures-volcano-erupting-under-a-starry-sky/","",post,publish,exclude-legacy-post,no,no
"https://people.utm.my/murtadha/2016/06/26/150-homes-burned-in-deadly-california-wildfire/","",post,publish,exclude-legacy-post,no,no
"https://people.utm.my/murtadha/2016/06/26/aziz-ansari-slams-trump-in-op-ed-it-makes-me-afraid-for-my-family/","",post,publish,exclude-legacy-post,no,no
"https://people.utm.my/murtadha/2016/06/26/2500-scientists-implore-australia-to-protect-the-great-barrier-reef/","",post,publish,exclude-legacy-post,no,no
"https://people.utm.my/murtadha/2016/06/26/boston-bombing-survivors-to-orlando-survivors-we-are-family-now/","",post,publish,exclude-legacy-post,no,no
"https://people.utm.my/murtadha/2016/06/26/adorable-1-year-old-drummer-has-some-serious-chops/","",post,publish,exclude-legacy-post,no,no
"https://people.utm.my/murtadha/2016/06/26/bill-cunningham-celebrated-new-york-times-fashion-photographer-dead-at-87/","",post,publish,exclude-legacy-post,no,no
"https://people.utm.my/murtadha/2016/06/26/film-captures-life-of-nycs-hardest-working-fashion-photog-bill-cunningham/","",post,publish,exclude-legacy-post,no,no
"https://people.utm.my/murtadha/2016/06/26/picturing-your-commute/","",post,publish,exclude-legacy-post,no,no
"https://people.utm.my/murtadha/2016/06/26/smartphone-addicts-get-street-warning-signs-in-south-korea/","",post,publish,exclude-legacy-post,no,no
"https://people.utm.my/murtadha/2016/06/26/man-plays-peek-a-boo-with-a-hippo/","",post,publish,exclude-legacy-post,no,no
"https://people.utm.my/murtadha/2016/06/25/new-hubble-telescope-photo-shows-brilliant-star-cluster-within-a-nearby-galaxy/","",post,publish,exclude-legacy-post,no,no
"https://people.utm.my/murtadha/2016/06/25/over-1-million-people-sign-petition-calling-for-a-second-eu-referendum/","",post,publish,exclude-legacy-post,no,no
"https://people.utm.my/murtadha/2016/06/25/ultra-big-ass-phones-need-to-die-in-a-fire/","",post,publish,exclude-legacy-post,no,no
"https://people.utm.my/murtadha/2016/06/25/the-7-things-to-delete-first-when-your-iphone-storage-is-full/","",post,publish,exclude-legacy-post,no,no
"https://people.utm.my/murtadha/2016/06/25/vidcons-gone-hollywood-movie-studios-tv-networks-go-where-the-teens-are/","",post,publish,exclude-legacy-post,no,no
"https://people.utm.my/murtadha/2016/06/25/15-stylish-cat-beds-for-the-fancy-feline-in-your-life/","",post,publish,exclude-legacy-post,no,no
"https://people.utm.my/murtadha/2016/06/25/wanita-cuba-terjun-bangunan-ipd-selepas-buat-laporan/","",post,publish,exclude-legacy-post,no,no
"https://people.utm.my/murtadha/2016/06/25/anak-kambing-bermata-satu-tiada-hidung/","",post,publish,exclude-legacy-post,no,no
"https://people.utm.my/murtadha/2016/06/25/rightfully-paranoid-man-discovers-atm-scam-in-vienna/","",post,publish,exclude-legacy-post,no,no
"https://people.utm.my/murtadha/2016/06/25/kylie-and-tygas-latest-instagram-madness-will-make-you-question-everything/","",post,publish,exclude-legacy-post,no,no
"https://people.utm.my/murtadha/2016/06/25/twitter-now-lets-you-see-all-the-tweets-sent-from-a-specific-location/","",post,publish,exclude-legacy-post,no,no
"https://people.utm.my/murtadha/2016/06/25/johnny-manziels-lawyer-accidentally-texted-details-of-his-case-to-the-ap/","",post,publish,exclude-legacy-post,no,no
"https://people.utm.my/murtadha/2016/06/25/when-britain-happily-accepted-250000-desperate-refugees/","",post,publish,exclude-legacy-post,no,no
"https://people.utm.my/murtadha/2016/06/25/lionsgates-dirty-30-and-netflixs-miranda-sings-show-announce-release-dates-at-vidcon/","",post,publish,exclude-legacy-post,no,no
"https://people.utm.my/murtadha/2016/06/25/life-is-tough-for-this-kid-with-his-finger-stuck-in-a-bench/","",post,publish,exclude-legacy-post,no,no
"https://people.utm.my/murtadha/2016/06/25/this-kfc-meal-box-will-charge-your-phone-while-you-eat/","",post,publish,exclude-legacy-post,no,no
"https://people.utm.my/murtadha/2016/06/25/obama-makes-stonewall-inn-the-nations-first-lgbt-rights-monument/","",post,publish,exclude-legacy-post,no,no
"https://people.utm.my/murtadha/2016/06/25/this-teenage-monkey-is-all-about-her-makeup/","",post,publish,exclude-legacy-post,no,no
"https://people.utm.my/murtadha/2016/06/25/teenager-gets-stuck-in-giant-barney-mask/","",post,publish,exclude-legacy-post,no,no
"https://people.utm.my/murtadha/2016/06/25/its-always-sunny-outside-of-the-confines-of-the-european-union/","",post,publish,exclude-legacy-post,no,no
"https://people.utm.my/murtadha/2016/06/24/brexit-tidak-beri-impak-besar-kepada-malaysia/","",post,publish,exclude-legacy-post,no,no
"https://people.utm.my/murtadha/2016/06/24/mt-umno-pecat-muhyiddin-mukhriz-gantung-shafie/","",post,publish,exclude-legacy-post,no,no
"https://people.utm.my/murtadha/2016/06/24/david-cameron-to-resign-as-prime-minister-in-october-as-britain-votes-brexit/","",post,publish,exclude-legacy-post,no,no
"https://people.utm.my/murtadha/2016/06/24/indian-judge-tells-women-to-be-careful-about-their-whatsapp-profile-pictures/","",post,publish,exclude-legacy-post,no,no
"https://people.utm.my/murtadha/2016/06/24/this-playlist-is-here-to-bring-some-sunshine-into-the-british-summer/","",post,publish,exclude-legacy-post,no,no
"https://people.utm.my/murtadha/2016/06/24/uber-removes-the-surprises-from-ride-pricing/","",post,publish,exclude-legacy-post,no,no
"https://people.utm.my/murtadha/2016/06/24/horrified-brits-want-to-leave-the-country-after-the-uk-voted-to-brexit/","",post,publish,exclude-legacy-post,no,no
"https://people.utm.my/murtadha/2016/06/24/dramatic-footage-shows-indian-climber-being-rescued-from-a-deep-crevice-in-the-himalayas/","",post,publish,exclude-legacy-post,no,no
"https://people.utm.my/murtadha/2016/06/24/rip-apple-thunderbolt-display/","",post,publish,exclude-legacy-post,no,no
"https://people.utm.my/murtadha/2016/06/24/youtube-doubles-down-on-original-series-creator-outreach/","",post,publish,exclude-legacy-post,no,no
"https://people.utm.my/murtadha/2016/06/24/why-jaylen-brown-is-the-most-interesting-pick-in-the-nba-draft/","",post,publish,exclude-legacy-post,no,no
"https://people.utm.my/murtadha/2016/06/24/australias-favorite-treats-get-totally-crushed-by-the-hydraulic-press-guy/","",post,publish,exclude-legacy-post,no,no
"https://people.utm.my/murtadha/2016/06/24/step-up-series-is-coming-to-youtube-red-and-channing-tatums-on-board/","",post,publish,exclude-legacy-post,no,no
"https://people.utm.my/murtadha/2016/06/24/lindsay-lohan-blesses-twitter-with-her-opinions-about-brexit/","",post,publish,exclude-legacy-post,no,no
"https://people.utm.my/murtadha/2016/06/24/rakyat-malaysia-dalam-video-is-ancam-pdrm/","",post,publish,exclude-legacy-post,no,no
"https://people.utm.my/murtadha/2016/06/23/hundreds-of-cheeky-swimmers-jumped-into-a-freezing-river-for-the-winter-solstice/","",post,publish,exclude-legacy-post,no,no
"https://people.utm.my/murtadha/2016/06/23/cockatoo-cant-resist-the-charm-of-soda-boxes/","",post,publish,exclude-legacy-post,no,no
"https://people.utm.my/murtadha/2016/06/23/officer-charged-with-murder-in-freddie-gray-case-found-not-guilty/","",post,publish,exclude-legacy-post,no,no
"https://people.utm.my/murtadha/2016/06/23/listen-to-the-ghostbusters-theme-from-fall-out-boy-missy-elliott/","",post,publish,exclude-legacy-post,no,no
"https://people.utm.my/murtadha/2016/06/23/tbt-this-1990s-watch-tried-to-change-time-but-failed/","",post,publish,exclude-legacy-post,no,no
"https://people.utm.my/murtadha/2016/06/23/dogs-are-helping-their-owners-vote-in-the-brexit-referendum/","",post,publish,exclude-legacy-post,no,no
"https://people.utm.my/murtadha/2016/06/23/penyerang-bersenjata-ditembak-mati-di-jerman/","",post,publish,exclude-legacy-post,no,no
"https://people.utm.my/murtadha/2016/06/23/25-cedera-ditembak-di-pawagam-di-jerman/","",post,publish,exclude-legacy-post,no,no
"https://people.utm.my/murtadha/2016/06/23/berdosa-tak-ambil-vaksin-dalam-darurat-tanpa-alasan/","",post,publish,exclude-legacy-post,no,no
"https://people.utm.my/murtadha/2016/06/23/bubur-lambuk-dalca-lembu-teruna-tarikan-program-semarak-ramadan-mpob-bh/","",post,publish,exclude-legacy-post,no,no
"https://people.utm.my/murtadha/2016/06/23/imam-muda-ammar-dihentam-netizen-kerana-status-anti-vaksin/","",post,publish,exclude-legacy-post,no,no
"https://people.utm.my/murtadha/2016/06/23/this-massive-luxurious-flying-boat-could-barely-get-off-the-ground/","",post,publish,exclude-legacy-post,no,no
"https://people.utm.my/murtadha/2016/06/23/drone-delivers-abortion-pills-to-northern-irish-women/","",post,publish,exclude-legacy-post,no,no
"https://people.utm.my/murtadha/2016/06/23/legojacking-hijacks-real-life-with-lego-to-create-amazing-art-works/","",post,publish,exclude-legacy-post,no,no
"https://people.utm.my/murtadha/2016/06/23/in-a-remote-corner-of-outback-australia-dinosaur-bones-are-being-unearthed/","",post,publish,exclude-legacy-post,no,no
"https://people.utm.my/murtadha/2016/06/23/chaos-erupts-as-house-sit-in-over-gun-control-lasts-past-midnight/","",post,publish,exclude-legacy-post,no,no
"https://people.utm.my/murtadha/2016/06/23/rogol-anak-tiri-sejak-2-tahun-lalu/","",post,publish,exclude-legacy-post,no,no
"https://people.utm.my/murtadha/2016/06/23/honda-malaysia-panggil-semula-147894-kereta/","",post,publish,exclude-legacy-post,no,no
"https://people.utm.my/murtadha/2016/06/23/ada-laporan-pengerusi-ngo-peras-ugut-kpn/","",post,publish,exclude-legacy-post,no,no
"https://people.utm.my/murtadha/2016/06/23/bayi-18-bulan-maut-5-cedera-nahas/","",post,publish,exclude-legacy-post,no,no
"https://people.utm.my/murtadha/2016/06/23/sarah-jessica-parker-is-looking-for-a-fresh-start-in-hbos-divorce/","",post,publish,exclude-legacy-post,no,no
"https://people.utm.my/murtadha/2016/06/23/why-the-house-democrats-gun-control-sit-in-is-only-playing-out-on-social-media/","",post,publish,exclude-legacy-post,no,no
"https://people.utm.my/murtadha/2016/06/23/forever-21-is-selling-a-shirt-that-looks-just-like-kanyes-life-of-pablo-merch/","",post,publish,exclude-legacy-post,no,no
"https://people.utm.my/murtadha/2016/06/23/softbank-ceo-says-he-must-stay-on-to-prepare-for-the-robot-revolt/","",post,publish,exclude-legacy-post,no,no
"https://people.utm.my/murtadha/2016/06/23/vidcon-is-going-global-adds-2017-dates-in-amsterdam-melbourne/","",post,publish,exclude-legacy-post,no,no
"https://people.utm.my/murtadha/2016/06/23/little-girl-learns-about-water-pressure-the-hard-way/","",post,publish,exclude-legacy-post,no,no
"https://people.utm.my/murtadha/2016/06/22/difteria-pastikan-anak-dapat-imunisasi-vaksin-5-serangkai/","",post,publish,exclude-legacy-post,no,no
"https://people.utm.my/murtadha/2016/06/22/11-tan-mercun-dirampas-sejak-2-bulan-lalu/","",post,publish,exclude-legacy-post,no,no
"https://people.utm.my/murtadha/2016/06/22/serpihan-di-pulau-kangaroo-bukan-daripada-mh370-atsb/","",post,publish,exclude-legacy-post,no,no
"https://people.utm.my/murtadha/2016/06/22/nama-klia2-tidak-akan-ditukar-liow/","",post,publish,exclude-legacy-post,no,no
"https://people.utm.my/murtadha/2016/06/22/suami-isteri-nafi-viral-tinggal-di-kandang-kambing/","",post,publish,exclude-legacy-post,no,no
"https://people.utm.my/murtadha/2016/06/22/chinese-man-has-been-walking-with-a-40kg-rock-on-his-head-for-four-years-to-lose-weight/","",post,publish,exclude-legacy-post,no,no
"https://people.utm.my/murtadha/2016/06/22/man-frees-1000-dogs-from-chinas-dog-meat-festival/","",post,publish,exclude-legacy-post,no,no
"https://people.utm.my/murtadha/2016/06/22/beyond-bb-8-how-the-sphero-is-helping-students-with-autism-learn/","",post,publish,exclude-legacy-post,no,no
"https://people.utm.my/murtadha/2016/06/22/disabled-man-in-china-is-moving-across-cities-on-hands-and-feet-searching-for-his-missing-son/","",post,publish,exclude-legacy-post,no,no
"https://people.utm.my/murtadha/2016/06/22/new-zealanders-find-new-use-for-your-rotten-caravan/","",post,publish,exclude-legacy-post,no,no
"https://people.utm.my/murtadha/2016/06/22/ssm-sumbang-kaki-palsu-kepada-mek-som/","",post,publish,exclude-legacy-post,no,no
"https://people.utm.my/murtadha/2016/06/22/orange-is-the-new-black-season-4s-most-tragic-moment-was-hard-to-watch/","",post,publish,exclude-legacy-post,no,no
"https://people.utm.my/murtadha/2016/06/22/segway-minipro-is-the-personal-transportation-device-youve-been-waiting-for/","",post,publish,exclude-legacy-post,no,no
"https://people.utm.my/murtadha/2016/06/22/sassy-little-girl-keeps-it-honest-for-preschool-yearbook-shoot/","",post,publish,exclude-legacy-post,no,no
"https://people.utm.my/murtadha/2016/06/22/photo-reveals-that-even-mark-zuckerberg-puts-tape-over-his-webcam/","",post,publish,exclude-legacy-post,no,no
"https://people.utm.my/murtadha/2016/06/22/dog-meat-festival-continues-in-china-despite-widespread-criticism/","",post,publish,exclude-legacy-post,no,no
"https://people.utm.my/murtadha/2016/06/22/watch-this-famous-pianist-perform-while-on-a-floating-platform-in-the-arctic-ocean/","",post,publish,exclude-legacy-post,no,no
"https://people.utm.my/murtadha/2016/06/21/that-time-when-princess-leia-used-the-force-on-her-unborn-son/","",post,publish,exclude-legacy-post,no,no
"https://people.utm.my/murtadha/2016/06/21/justice-league-15-things-we-learned-on-the-london-set-of-dcs-next-film/","",post,publish,exclude-legacy-post,no,no
"https://people.utm.my/murtadha/2016/06/21/instagram-now-has-more-than-a-half-a-billion-users/","",post,publish,exclude-legacy-post,no,no
"https://people.utm.my/murtadha/2016/06/21/navigating-the-digital-wild-west-more-2016-mashies-judges-announced/","",post,publish,exclude-legacy-post,no,no
"https://people.utm.my/murtadha/2016/06/21/this-students-app-puts-everything-you-need-to-know-about-hiv-at-your-fingertips/","",post,publish,exclude-legacy-post,no,no
"https://people.utm.my/murtadha/2016/06/21/the-queen-cordially-tweeted-her-thanks-to-everyone-who-wished-her-a-happy-birthday/","",post,publish,exclude-legacy-post,no,no
"https://people.utm.my/murtadha/2016/06/21/app-that-claimed-to-help-refugees-at-sea-removed-from-app-store-over-reports-its-fake/","",post,publish,exclude-legacy-post,no,no
"https://people.utm.my/murtadha/2016/06/21/you-can-now-use-apple-pay-at-some-bank-of-america-atms/","",post,publish,exclude-legacy-post,no,no
"https://people.utm.my/murtadha/2016/06/21/a-week-after-orlando-shooting-four-gun-control-bills-fail-in-u-s-senate/","",post,publish,exclude-legacy-post,no,no
"https://people.utm.my/murtadha/2016/06/21/this-dudes-trick-shots-with-an-aussie-rules-football-are-pretty-rad/","",post,publish,exclude-legacy-post,no,no
"https://people.utm.my/murtadha/2016/06/21/game-of-thrones-just-took-us-to-school-on-historys-biggest-battles/","",post,publish,exclude-legacy-post,no,no
"https://people.utm.my/murtadha/2016/06/21/beyond-netflix-heres-the-entire-alphabet-in-corporate-logos/","",post,publish,exclude-legacy-post,no,no
"https://people.utm.my/murtadha/2016/06/21/vr-is-the-future-of-porn-and-its-a-creepy-future-indeed/","",post,publish,exclude-legacy-post,no,no
"https://people.utm.my/murtadha/2016/06/21/running-down-memory-lane-with-trumps-just-fired-campaign-manager/","",post,publish,exclude-legacy-post,no,no
"https://people.utm.my/murtadha/2016/06/21/daring-antarctic-rescue-mission-underway-to-evacuate-sick-south-pole-crew-member/","",post,publish,exclude-legacy-post,no,no
"https://people.utm.my/murtadha/2016/06/21/just-one-thing-keeping-an-open-mind/","",post,publish,exclude-legacy-post,no,no
"https://people.utm.my/murtadha/2016/06/21/just-one-thing-expanding-your-skill-set/","",post,publish,exclude-legacy-post,no,no
"https://people.utm.my/murtadha/2016/06/21/the-10-best-independent-games-at-e3-2016/","",post,publish,exclude-legacy-post,no,no
"https://people.utm.my/murtadha/2016/06/21/just-one-thing-knowing-when-to-partner/","",post,publish,exclude-legacy-post,no,no
"https://people.utm.my/murtadha/2016/06/20/people-lost-it-over-this-game-of-thrones-characters-super-frustrating-death/","",post,publish,exclude-legacy-post,no,no
"https://people.utm.my/murtadha/2016/06/20/lyanna-mormont-is-basically-everyones-new-favourite-game-of-thrones-character/","",post,publish,exclude-legacy-post,no,no
"https://people.utm.my/murtadha/2016/06/20/researchers-create-low-energy-1000-core-processor/","",post,publish,exclude-legacy-post,no,no
"https://people.utm.my/murtadha/2016/06/20/the-game-of-thrones-season-6-finale-looks-set-to-be-an-epic-one/","",post,publish,exclude-legacy-post,no,no
"https://people.utm.my/murtadha/2016/06/20/after-fbi-delhi-police-is-trying-to-crack-apples-code/","",post,publish,exclude-legacy-post,no,no
"https://people.utm.my/murtadha/2016/06/20/objek-bergerak-tiada-kaitan-dengan-makhluk-halus/","",post,publish,exclude-legacy-post,no,no
"https://people.utm.my/murtadha/2016/06/20/stop-what-youre-doing-and-check-your-ticketmaster-account/","",post,publish,exclude-legacy-post,no,no
"https://people.utm.my/murtadha/2016/06/20/laverne-cox-explores-trans-inmate-struggles-in-orange-is-the-new-black-season-4/","",post,publish,exclude-legacy-post,no,no
"https://people.utm.my/murtadha/2016/06/20/riley-curry-vs-demi-smith-the-underrated-match-up-of-the-nbas-fathers-day-game-7/","",post,publish,exclude-legacy-post,no,no
"https://people.utm.my/murtadha/2016/06/20/vintage-photo-ops-from-tennessees-precarious-umbrella-rock/","",post,publish,exclude-legacy-post,no,no
"https://people.utm.my/murtadha/2016/06/20/record-heat-bakes-southwest-u-s-fuels-wildfires/","",post,publish,exclude-legacy-post,no,no
"https://people.utm.my/murtadha/2016/06/20/obvious-actor-is-obvious-in-fake-tradie-political-campaign-in-australia/","",post,publish,exclude-legacy-post,no,no
"https://people.utm.my/murtadha/2016/06/19/you-guys-please-stop-making-such-morbid-mindy-kaling-t-shirts/","",post,publish,exclude-legacy-post,no,no
"https://people.utm.my/murtadha/2016/06/19/touching-chalk-messages-spread-support-for-refugees/","",post,publish,exclude-legacy-post,no,no
"https://people.utm.my/murtadha/2016/06/19/buff-aussies-wanted-as-ninja-warrior-arrives-down-under/","",post,publish,exclude-legacy-post,no,no
"https://people.utm.my/murtadha/2016/06/19/fathers-day-gifts-for-celebrities-who-the-internet-calls-daddy/","",post,publish,exclude-legacy-post,no,no
"https://people.utm.my/murtadha/2016/06/19/hollywood-is-finally-opening-up-to-asian-americans/","",post,publish,exclude-legacy-post,no,no
"https://people.utm.my/murtadha/2016/06/19/kids-make-healthy-well-balanced-breakfast-for-dad-on-fathers-day/","",post,publish,exclude-legacy-post,no,no
"https://people.utm.my/murtadha/2016/06/19/warga-emas-mati-ketika-solat-tarawih/","",post,publish,exclude-legacy-post,no,no
"https://people.utm.my/murtadha/2016/06/19/status-halal-marshmallow-diragui-jakim/","",post,publish,exclude-legacy-post,no,no
"https://people.utm.my/murtadha/2016/06/19/yb-mastura-mula-berkhidmat-dari-rumah/","",post,publish,exclude-legacy-post,no,no
"https://people.utm.my/murtadha/2016/06/19/just-a-quick-reminder-that-you-cannot-sneak-your-iguana-into-court/","",post,publish,exclude-legacy-post,no,no
"https://people.utm.my/murtadha/2016/06/19/apple-wont-be-funding-gop-convention-due-to-trump-report-says/","",post,publish,exclude-legacy-post,no,no
"https://people.utm.my/murtadha/2016/06/19/artificial-coloring-gives-these-20th-century-postcards-of-new-york-a-dreamy-look/","",post,publish,exclude-legacy-post,no,no
"https://people.utm.my/murtadha/2016/06/19/watch-jeff-bezos-blue-origin-perform-a-risky-rocket-test-during-the-companys-first-live-webcast-sunday/","",post,publish,exclude-legacy-post,no,no
"https://people.utm.my/murtadha/2016/06/19/angels-guard-orlando-victims-funeral-from-westboro-protesters/","",post,publish,exclude-legacy-post,no,no
"https://people.utm.my/murtadha/2016/06/19/the-great-depression-dance-marathons-that-lasted-months-at-a-time/","",post,publish,exclude-legacy-post,no,no
"https://people.utm.my/murtadha/2016/06/19/how-this-31-year-old-parlayed-a-spine-injury-into-a-500-million-company/","",post,publish,exclude-legacy-post,no,no
"https://people.utm.my/murtadha/2016/06/19/radiohead-condemns-violent-intolerance-after-fans-are-attacked-at-turkish-release-party/","",post,publish,exclude-legacy-post,no,no
"https://people.utm.my/murtadha/2016/06/19/concept-mini-cooper-looks-like-a-space-shuttle-on-wheels/","",post,publish,exclude-legacy-post,no,no
"https://people.utm.my/murtadha/2016/06/19/25-fathers-day-gifts-your-dad-actually-wants/","",post,publish,exclude-legacy-post,no,no
"https://people.utm.my/murtadha/2016/06/19/electric-blue-wine-might-be-coming-to-a-glass-near-you/","",post,publish,exclude-legacy-post,no,no
"https://people.utm.my/murtadha/2016/06/19/wed-all-stay-healthy-if-we-just-listened-to-this-germaphobic-birthday-dad/","",post,publish,exclude-legacy-post,no,no
"https://people.utm.my/murtadha/2016/06/18/fleeting-firenado-caught-on-camera-in-california-wildfire/","",post,publish,exclude-legacy-post,no,no
"https://people.utm.my/murtadha/2016/06/18/make-your-old-tesla-model-s-look-like-the-new-one-with-this-aftermarket-fascia/","",post,publish,exclude-legacy-post,no,no
"https://people.utm.my/murtadha/2016/06/18/all-of-germanys-new-cars-could-be-emissions-free-by-2030-report-says/","",post,publish,exclude-legacy-post,no,no
"https://people.utm.my/murtadha/2016/06/18/you-can-now-use-siri-to-search-youtube-on-your-apple-tv/","",post,publish,exclude-legacy-post,no,no
"https://people.utm.my/murtadha/2016/06/18/building-ships-playing-with-legos-same-thing-science-channel-series-says/","",post,publish,exclude-legacy-post,no,no
"https://people.utm.my/murtadha/2016/06/18/battle-of-the-procrastinators-game-of-thrones-is-really-about-how-we-waste-time/","",post,publish,exclude-legacy-post,no,no
"https://people.utm.my/murtadha/2016/06/18/lelaki-bunuh-jo-cox-didakwa/","",post,publish,exclude-legacy-post,no,no
"https://people.utm.my/murtadha/2016/06/18/this-driverless-car-can-harness-the-power-of-ibm-watson/","",post,publish,exclude-legacy-post,no,no
"https://people.utm.my/murtadha/2016/06/18/why-apples-biggest-new-bets-havent-paid-off-yet/","",post,publish,exclude-legacy-post,no,no
"https://people.utm.my/murtadha/2016/06/18/super-relatable-dwayne-johnson-tastes-candy-for-the-first-time-since-1989/","",post,publish,exclude-legacy-post,no,no
"https://people.utm.my/murtadha/2016/06/18/supernatural-actor-misha-collins-wants-you-to-join-the-worlds-biggest-scavenger-hunt/","",post,publish,exclude-legacy-post,no,no
"https://people.utm.my/murtadha/2016/06/18/leak-suggests-well-get-more-than-bastards-on-the-next-game-of-thrones/","",post,publish,exclude-legacy-post,no,no
"https://people.utm.my/murtadha/2016/06/18/6-counterfeit-iphones-from-chinese-manufacturers/","",post,publish,exclude-legacy-post,no,no
"https://people.utm.my/murtadha/2016/06/17/slain-british-politician-jo-cox-mourned-by-hundreds-of-her-constituents/","",post,publish,exclude-legacy-post,no,no
"https://people.utm.my/murtadha/2016/06/17/theres-a-competition-in-south-korea-that-rewards-doing-absolutely-nothing/","",post,publish,exclude-legacy-post,no,no
"https://people.utm.my/murtadha/2016/06/17/injured-indian-star-tortoise-picks-up-speed-after-getting-new-wheels/","",post,publish,exclude-legacy-post,no,no
"https://people.utm.my/murtadha/2016/06/17/heavy-metal-emoji-keyboard-lets-you-add-horns-hair-and-blood-to-your-messages/","",post,publish,exclude-legacy-post,no,no
"https://people.utm.my/murtadha/2016/06/17/australias-first-facebook-live-leadership-debate-marred-by-buffering-complaints/","",post,publish,exclude-legacy-post,no,no
"https://people.utm.my/murtadha/2016/06/17/aide-who-saved-gabrielle-giffords-life-speaks-out-about-jo-coxs-murder/","",post,publish,exclude-legacy-post,no,no
"https://people.utm.my/murtadha/2016/06/17/these-sneakers-were-inspired-by-a-lobster-roll/","",post,publish,exclude-legacy-post,no,no
"https://people.utm.my/murtadha/2016/06/17/wilmer-valderrama-is-joining-ncis/","",post,publish,exclude-legacy-post,no,no
"https://people.utm.my/murtadha/2016/06/17/vine-star-matt-espinosa-is-making-his-hollywood-dreams-come-true/","",post,publish,exclude-legacy-post,no,no
"https://people.utm.my/murtadha/2016/06/17/resident-evil-vii-is-scary-in-first-person-and-scarier-in-vr/","",post,publish,exclude-legacy-post,no,no
"https://people.utm.my/murtadha/2016/06/17/jimmy-page-rewrites-led-zeppelin-history-at-stairway-to-heaven-trial/","",post,publish,exclude-legacy-post,no,no
"https://people.utm.my/murtadha/2016/06/17/googles-new-iphone-keyboard-gboard-launches-in-australia/","",post,publish,exclude-legacy-post,no,no
"https://people.utm.my/murtadha/2016/06/17/9-key-predictions-for-how-game-of-thrones-season-6-will-end/","",post,publish,exclude-legacy-post,no,no
"https://people.utm.my/murtadha/2016/06/17/orphan-black-is-coming-to-an-end-after-season-5/","",post,publish,exclude-legacy-post,no,no
"https://people.utm.my/murtadha/2016/06/17/senator-ends-gun-control-filibuster-with-heart-wrenching-story/","",post,publish,exclude-legacy-post,no,no
"https://people.utm.my/murtadha/2016/06/17/artist-recreates-dazzling-van-gogh-masterpieces-with-water-and-paint/","",post,publish,exclude-legacy-post,no,no
"https://people.utm.my/murtadha/2016/06/17/murdered-british-politician-jo-cox-celebrated-immigration-and-diversity-in-first-speech/","",post,publish,exclude-legacy-post,no,no
"https://people.utm.my/murtadha/2016/06/17/kim-kardashian-gives-a-truly-excellent-update-on-the-kanye-taylor-feud/","",post,publish,exclude-legacy-post,no,no
"https://people.utm.my/murtadha/2016/06/16/kotak-hitam-egyptair-ditemui/","",post,publish,exclude-legacy-post,no,no
"https://people.utm.my/murtadha/2016/06/16/th-optimis-tambahan-10000-kuota-haji/","",post,publish,exclude-legacy-post,no,no
"https://people.utm.my/murtadha/2016/06/16/polite-british-grandma-gets-a-rather-lovely-reply-from-google/","",post,publish,exclude-legacy-post,no,no
"https://people.utm.my/murtadha/2016/06/16/thai-man-almost-loses-home-to-monster-monitor-lizard/","",post,publish,exclude-legacy-post,no,no
"https://people.utm.my/murtadha/2016/06/16/the-worlds-most-expensive-tyres-just-sold-for-600000/","",post,publish,exclude-legacy-post,no,no
"https://people.utm.my/murtadha/2016/06/16/krispy-kreme-japan-releases-glazed-watermelon-and-lemon-doughnuts-for-summer/","",post,publish,exclude-legacy-post,no,no
"https://people.utm.my/murtadha/2016/06/16/android-n-to-be-called-namey-mcnameface-google-jokingly-confirms/","",post,publish,exclude-legacy-post,no,no
"https://people.utm.my/murtadha/2016/06/16/5-seconds-of-summer-paint-questionable-portraits-with-vegemite/","",post,publish,exclude-legacy-post,no,no
"https://people.utm.my/murtadha/2016/06/16/taylor-swift-and-tom-hiddleston-are-k-i-s-s-i-n-g/","",post,publish,exclude-legacy-post,no,no
"https://people.utm.my/murtadha/2016/06/16/lin-manuel-miranda-shares-how-we-can-help-orlando-victims-at-ham4orlando/","",post,publish,exclude-legacy-post,no,no
"https://people.utm.my/murtadha/2016/06/16/young-comedian-makes-americas-got-talent-great-again-with-trump-joke/","",post,publish,exclude-legacy-post,no,no
"https://people.utm.my/murtadha/2016/06/16/this-new-condom-is-so-strong-we-couldnt-break-it-with-a-needle/","",post,publish,exclude-legacy-post,no,no
"https://people.utm.my/murtadha/2016/06/16/binge-watch-hulu-in-virtual-reality-thanks-to-new-oculus-rift-support/","",post,publish,exclude-legacy-post,no,no
"https://people.utm.my/murtadha/2016/06/16/germany-coach-joachim-lw-apologizes-for-public-scratch-and-sniff-at-euro-2016/","",post,publish,exclude-legacy-post,no,no
"https://people.utm.my/murtadha/2016/06/15/this-is-the-first-indian-city-to-install-sanitary-pad-vending-machines-on-a-large-scale/","",post,publish,exclude-legacy-post,no,no
"https://people.utm.my/murtadha/2016/06/15/safari-will-start-blocking-all-flash-content-in-macos-sierra/","",post,publish,exclude-legacy-post,no,no
"https://people.utm.my/murtadha/2016/06/15/13-year-old-comedian-got-a-standing-ovation-for-her-trump-joke/","",post,publish,exclude-legacy-post,no,no
"https://people.utm.my/murtadha/2016/06/15/watch-live-as-spacex-attempts-to-land-another-rocket-on-a-drone-ship-wednesday/","",post,publish,exclude-legacy-post,no,no
"https://people.utm.my/murtadha/2016/06/15/breaking-its-still-terrible-out-there-for-newspapers/","",post,publish,exclude-legacy-post,no,no
"https://people.utm.my/murtadha/2016/06/15/classic-disney-characters-if-they-were-bitten-by-zombies-and-joined-the-undead-horde/","",post,publish,exclude-legacy-post,no,no
"https://people.utm.my/murtadha/2016/06/15/rm12-juta-untuk-bebaskan-4-mangsa-culik/","",post,publish,exclude-legacy-post,no,no
"https://people.utm.my/murtadha/2016/06/15/bayaran-haji-kekal-rm9980/","",post,publish,exclude-legacy-post,no,no
"https://people.utm.my/murtadha/2016/06/15/sedar-selepas-koma-3-tahun/","",post,publish,exclude-legacy-post,no,no
"https://people.utm.my/murtadha/2016/06/15/kangaroo-makes-an-unexpected-breakfast-visit-to-a-caf/","",post,publish,exclude-legacy-post,no,no
"https://people.utm.my/murtadha/2016/06/15/why-doesnt-anyone-listen-to-jeff-goldblum-a-new-song-explores-this-important-issue/","",post,publish,exclude-legacy-post,no,no
"https://people.utm.my/murtadha/2016/06/15/this-adorable-gorilla-is-really-good-at-sign-language/","",post,publish,exclude-legacy-post,no,no
"https://people.utm.my/murtadha/2016/06/15/internet-falls-in-love-with-british-grandmas-polite-google-search/","",post,publish,exclude-legacy-post,no,no
"https://people.utm.my/murtadha/2016/06/15/samsung-pay-arrives-in-australia-to-try-and-eat-apples-lunch/","",post,publish,exclude-legacy-post,no,no
"https://people.utm.my/murtadha/2016/06/15/budak-6-tahun-sah-dijangkiti-virus-je/","",post,publish,exclude-legacy-post,no,no
"https://people.utm.my/murtadha/2016/06/15/chinas-fake-goods-are-so-sharp-that-alibaba-is-struggling-to-tell-the-difference/","",post,publish,exclude-legacy-post,no,no
"https://people.utm.my/murtadha/2016/06/15/where-does-this-stop-obama-blasts-proposed-muslim-ban-following-orlando-attack/","",post,publish,exclude-legacy-post,no,no
"https://people.utm.my/murtadha/2016/06/15/how-to-get-macos-sierra-and-ios-10/","",post,publish,exclude-legacy-post,no,no
"https://people.utm.my/murtadha/2016/06/15/new-petes-dragon-trailer-is-packed-with-perfectly-nostalgic-whimsy/","",post,publish,exclude-legacy-post,no,no
"https://people.utm.my/murtadha/2016/06/15/freeform-exploration-in-the-new-zelda-game-is-an-nes-throwback/","",post,publish,exclude-legacy-post,no,no
"https://people.utm.my/murtadha/2016/06/15/latest-curiosity-rover-selfies-show-off-mars-red-surface/","",post,publish,exclude-legacy-post,no,no
"https://people.utm.my/murtadha/2016/06/14/era-campur-tangan-mahathir-dalam-proton-sudah-berakhir-pm/","",post,publish,exclude-legacy-post,no,no
"https://people.utm.my/murtadha/2016/06/14/perdana-baharu-titik-perubahan-kepada-proton-najib/","",post,publish,exclude-legacy-post,no,no
"https://people.utm.my/murtadha/2016/06/14/ameng-keluar-dari-penjara-kluang/","",post,publish,exclude-legacy-post,no,no
"https://people.utm.my/murtadha/2016/06/14/star-wars-battlefront-goes-vr-with-x-wing-vr-mission/","",post,publish,exclude-legacy-post,no,no
"https://people.utm.my/murtadha/2016/06/14/the-revamped-god-of-war-will-be-filled-with-vikings/","",post,publish,exclude-legacy-post,no,no
"https://people.utm.my/murtadha/2016/06/14/batman-arkham-creators-challenge-you-to-wearthecowl-in-vr/","",post,publish,exclude-legacy-post,no,no
"https://people.utm.my/murtadha/2016/06/14/kojimas-death-stranding-had-the-most-disturbing-e3-trailer-ever/","",post,publish,exclude-legacy-post,no,no
"https://people.utm.my/murtadha/2016/06/14/sony-hopes-you-wet-yourself-with-fear-from-resident-evil-vii-in-vr/","",post,publish,exclude-legacy-post,no,no
"https://people.utm.my/murtadha/2016/06/14/spider-man-swings-into-sonys-e3-with-an-action-packed-trailer/","",post,publish,exclude-legacy-post,no,no
"https://people.utm.my/murtadha/2016/06/14/proton-lancar-perdana-baharu-harga-dari-rm113438/","",post,publish,exclude-legacy-post,no,no
"https://people.utm.my/murtadha/2016/06/14/apple-turbocharges-messages-in-ios-10-with-smart-emoji-and-more/","",post,publish,exclude-legacy-post,no,no
"https://people.utm.my/murtadha/2016/06/14/walgreens-ends-partnership-with-theranos-dealing-blow-to-once-hyped-startup/","",post,publish,exclude-legacy-post,no,no
"https://people.utm.my/murtadha/2016/06/14/cartoon-networks-digital-series-mighty-magiswords-gets-greenlight-for-linear-tv/","",post,publish,exclude-legacy-post,no,no
"https://people.utm.my/murtadha/2016/06/14/anonymous-person-bids-3456789-for-lunch-with-warren-buffett/","",post,publish,exclude-legacy-post,no,no
"https://people.utm.my/murtadha/2016/06/14/apple-introducing-home-app-in-ios-10-for-managing-smart-home-devices/","",post,publish,exclude-legacy-post,no,no
"https://people.utm.my/murtadha/2016/06/14/world-mourns-after-attack-on-orlando-lgbtq-nightclub/","",post,publish,exclude-legacy-post,no,no
"https://people.utm.my/murtadha/2016/06/13/watch-j-lo-cristiano-ronaldo-and-priyanka-chopra-groove-together-in-new-music-video/","",post,publish,exclude-legacy-post,no,no
"https://people.utm.my/murtadha/2016/06/13/star-trek-bridge-crew-is-the-vr-space-fantasy-every-nerd-will-love/","",post,publish,exclude-legacy-post,no,no
"https://people.utm.my/murtadha/2016/06/13/hundreds-of-ghouls-descend-on-ghostbusters-red-carpet-to-set-new-world-record/","",post,publish,exclude-legacy-post,no,no
"https://people.utm.my/murtadha/2016/06/13/singapore-pulverises-8-tonnes-of-illegal-ivory/","",post,publish,exclude-legacy-post,no,no
"https://people.utm.my/murtadha/2016/06/13/delhi-restaurant-allegedly-refuses-to-serve-underprivileged-children/","",post,publish,exclude-legacy-post,no,no
"https://people.utm.my/murtadha/2016/06/13/obituary-acknowledging-gay-son-goes-viral-for-all-the-right-reasons/","",post,publish,exclude-legacy-post,no,no
"https://people.utm.my/murtadha/2016/06/13/isma-aliff-mahu-peminat-beri-ruang-kepada-acappan/","",post,publish,exclude-legacy-post,no,no
"https://people.utm.my/murtadha/2016/06/13/terrified-family-captures-footage-of-tornado-escape-with-nsfw-narration/","",post,publish,exclude-legacy-post,no,no
"https://people.utm.my/murtadha/2016/06/13/gigi-hadid-shares-sweet-note-supporting-zayn-as-he-struggles-with-anxiety/","",post,publish,exclude-legacy-post,no,no
"https://people.utm.my/murtadha/2016/06/13/moment-of-silence-vigils-held-nationwide-in-honor-of-orlando-victims/","",post,publish,exclude-legacy-post,no,no
"https://people.utm.my/murtadha/2016/06/13/man-arrested-in-california-told-police-he-wanted-to-harm-west-hollywood-pride-event/","",post,publish,exclude-legacy-post,no,no
"https://people.utm.my/murtadha/2016/06/13/this-fake-ted-talk-about-nothing-might-be-the-best-youve-ever-seen/","",post,publish,exclude-legacy-post,no,no
"https://people.utm.my/murtadha/2016/06/13/james-corden-opens-tony-awards-with-moving-words-about-orlando-shooting/","",post,publish,exclude-legacy-post,no,no
"https://people.utm.my/murtadha/2016/06/12/5-things-we-learned-at-the-ugly-betty-cast-reunion/","",post,publish,exclude-legacy-post,no,no
"https://people.utm.my/murtadha/2016/06/12/we-asked-strangers-to-guess-90s-movies-and-tv-shows-from-just-the-outfits/","",post,publish,exclude-legacy-post,no,no
"https://people.utm.my/murtadha/2016/06/12/gunman-kills-50-in-orlando-nightclub/","",post,publish,exclude-legacy-post,no,no
"https://people.utm.my/murtadha/2016/06/12/7-ways-to-be-a-better-ally-to-transgender-women-of-color/","",post,publish,exclude-legacy-post,no,no
"https://people.utm.my/murtadha/2016/06/12/christina-grimmies-brother-remembers-his-sister-in-touching-facebook-post/","",post,publish,exclude-legacy-post,no,no
"https://people.utm.my/murtadha/2016/06/12/jhen-aiko-will-kick-off-ubers-summer-concert-series-on-monday-and-you-can-go-for-free/","",post,publish,exclude-legacy-post,no,no
"https://people.utm.my/murtadha/2016/06/12/driver-attempts-to-evade-police-chase-using-smoke-screen-and-spikes/","",post,publish,exclude-legacy-post,no,no
"https://people.utm.my/murtadha/2016/06/12/photo-of-venus-reveals-the-mysterious-clouds-of-the-planet-by-night/","",post,publish,exclude-legacy-post,no,no
"https://people.utm.my/murtadha/2016/06/12/a-tourists-glimpse-of-pyongyang-everything-was-spotless/","",post,publish,exclude-legacy-post,no,no
"https://people.utm.my/murtadha/2016/06/12/extremely-happy-dog-doesnt-need-a-human-to-play-fetch/","",post,publish,exclude-legacy-post,no,no
"https://people.utm.my/murtadha/2016/06/12/1865-haunting-portraits-of-the-lincoln-assassination-conspirators/","",post,publish,exclude-legacy-post,no,no
"https://people.utm.my/murtadha/2016/06/12/sports-reporter-fired-for-anti-semitic-and-racist-remarks-on-facebook-live/","",post,publish,exclude-legacy-post,no,no
"https://people.utm.my/murtadha/2016/06/12/princess-charlotte-makes-chill-first-appearance-on-buckingham-palace-balcony/","",post,publish,exclude-legacy-post,no,no
"https://people.utm.my/murtadha/2016/06/12/pablo-escobars-former-hitman-has-turned-into-a-repentant-youtube-star/","",post,publish,exclude-legacy-post,no,no
"https://people.utm.my/murtadha/2016/06/12/7-cant-miss-apps-bitcam-dashlane-tank-io-and-more/","",post,publish,exclude-legacy-post,no,no
"https://people.utm.my/murtadha/2016/06/12/parody-ad-for-steph-currys-sneakers-embraces-their-dad-chic-design/","",post,publish,exclude-legacy-post,no,no
"https://people.utm.my/murtadha/2016/06/12/youtube-ceo-susan-wojcicki-shares-heartfelt-thoughts-on-christina-grimmie/","",post,publish,exclude-legacy-post,no,no
"https://people.utm.my/murtadha/2016/06/11/light-pollution-blots-out-the-milky-way-for-one-third-of-humanity-2/","",post,publish,exclude-legacy-post,no,no
"https://people.utm.my/murtadha/2016/06/11/the-cast-of-friday-night-lights-returned-to-panther-field-with-clear-eyes-and-full-hearts/","",post,publish,exclude-legacy-post,no,no
"https://people.utm.my/murtadha/2016/06/11/if-the-british-royal-family-members-were-game-of-thrones-characters/","",post,publish,exclude-legacy-post,no,no
"https://people.utm.my/murtadha/2016/06/11/youtube-and-the-voice-star-christina-grimmie-shot-and-killed-in-florida/","",post,publish,exclude-legacy-post,no,no
"https://people.utm.my/murtadha/2016/06/11/we-asked-total-strangers-to-tell-us-what-to-wear-on-a-tinder-date/","",post,publish,exclude-legacy-post,no,no
"https://people.utm.my/murtadha/2016/06/11/the-period-as-we-know-it-is-dying-thats-really-not-so-bad/","",post,publish,exclude-legacy-post,no,no
"https://people.utm.my/murtadha/2016/06/11/kanak-kanak-6-tahun-mungkin-dijangkiti-je/","",post,publish,exclude-legacy-post,no,no
"https://people.utm.my/murtadha/2016/06/11/penyanyi-christina-grimmie-mati-ditembak/","",post,publish,exclude-legacy-post,no,no
"https://people.utm.my/murtadha/2016/06/11/light-pollution-blots-out-the-milky-way-for-one-third-of-humanity/","",post,publish,exclude-legacy-post,no,no
"https://people.utm.my/murtadha/2016/06/11/will-smith-and-mike-tyson-carry-muhammad-alis-coffin/","",post,publish,exclude-legacy-post,no,no
"https://people.utm.my/murtadha/2016/06/11/legendary-digital-networks-launch-brings-nerdist-geek-sundry-to-ott/","",post,publish,exclude-legacy-post,no,no
"https://people.utm.my/murtadha/2016/06/11/warcraft-smashes-chinese-box-office-records-brings-in-46-million-on-opening-day/","",post,publish,exclude-legacy-post,no,no
"https://people.utm.my/murtadha/2016/06/11/late-1800s-workers-pose-with-the-tools-of-their-trades/","",post,publish,exclude-legacy-post,no,no
"https://people.utm.my/murtadha/2016/06/11/blind-cat-and-her-human-climb-irelands-tallest-mountain-for-charity/","",post,publish,exclude-legacy-post,no,no
"https://people.utm.my/murtadha/2016/06/11/majlis-penghormatan-terakhir-buat-muhammad-ali-di-louisville/","",post,publish,exclude-legacy-post,no,no
"https://people.utm.my/murtadha/2016/06/10/germanys-axel-springer-continues-u-s-spending-spree-drops-242-million-on-emarketer/","",post,publish,exclude-legacy-post,no,no
"https://people.utm.my/murtadha/2016/06/10/game-of-thrones-fans-think-this-shadowy-photo-signals-a-long-lost-characters-return/","",post,publish,exclude-legacy-post,no,no
"https://people.utm.my/murtadha/2016/06/10/father-and-son-sing-a-sweet-frank-sinatra-duet/","",post,publish,exclude-legacy-post,no,no
"https://people.utm.my/murtadha/2016/06/10/japans-messaging-app-line-plans-ipo-at-5-5-billion-valuation/","",post,publish,exclude-legacy-post,no,no
"https://people.utm.my/murtadha/2016/06/10/what-i-learned-from-a-snapchat-affair-with-an-old-flame/","",post,publish,exclude-legacy-post,no,no
"https://people.utm.my/murtadha/2016/06/10/can-you-find-the-photoshop-fail-in-this-pretty-little-liars-promo-poster/","",post,publish,exclude-legacy-post,no,no
"https://people.utm.my/murtadha/2016/06/10/pakatan-harapan-dakwa-spr-sabotaj-buat-prk-pada-ramadan/","",post,publish,exclude-legacy-post,no,no
"https://people.utm.my/murtadha/2016/06/10/character-witnesses-for-brock-turner-apologize-after-intense-backlash/","",post,publish,exclude-legacy-post,no,no
"https://people.utm.my/murtadha/2016/06/10/key-and-peele-fans-can-now-watch-every-single-sketch-online/","",post,publish,exclude-legacy-post,no,no
"https://people.utm.my/murtadha/2016/06/10/miranda-kerr-tries-her-best-to-teach-americans-the-australian-accent/","",post,publish,exclude-legacy-post,no,no
"https://people.utm.my/murtadha/2016/06/10/steph-curry-has-released-the-ultimate-shoe-for-dads-with-bad-arches/","",post,publish,exclude-legacy-post,no,no
"https://people.utm.my/murtadha/2016/06/10/philips-new-smart-toothbrush-brings-a-lot-of-bells-and-whistles-to-your-bathroom/","",post,publish,exclude-legacy-post,no,no
"https://people.utm.my/murtadha/2016/06/10/motorolas-aiming-big-with-its-ambitious-modular-smartphones/","",post,publish,exclude-legacy-post,no,no
"https://people.utm.my/murtadha/2016/06/10/tapak-tangan-terbelah-putus-3-jari-main-mercun/","",post,publish,exclude-legacy-post,no,no
"https://people.utm.my/murtadha/2016/06/10/facebook-just-became-a-much-better-place-to-share-360-photos/","",post,publish,exclude-legacy-post,no,no
"https://people.utm.my/murtadha/2016/06/10/french-city-halls-steps-are-covered-in-2-glorious-tons-of-protest-fries/","",post,publish,exclude-legacy-post,no,no
"https://people.utm.my/murtadha/2016/06/10/uber-begins-letting-passengers-schedule-rides-up-to-30-days-in-advance/","",post,publish,exclude-legacy-post,no,no
"https://people.utm.my/murtadha/2016/06/10/lenovo-just-showed-off-bendable-smartphones-and-tablets/","",post,publish,exclude-legacy-post,no,no
"https://people.utm.my/murtadha/2016/06/10/ex-stanford-student-will-likely-serve-only-half-of-sexual-assault-sentence/","",post,publish,exclude-legacy-post,no,no
"https://people.utm.my/murtadha/2016/06/10/president-obama-officially-endorses-hillary-clinton-for-president/","",post,publish,exclude-legacy-post,no,no
"https://people.utm.my/murtadha/2016/06/09/tiada-cuti-tambahan-aidilfitri-kementerian-pendidikan/","",post,publish,exclude-legacy-post,no,no
"https://people.utm.my/murtadha/2016/06/09/why-you-shouldnt-stop-traveling-just-because-you-have-a-baby/","",post,publish,exclude-legacy-post,no,no
"https://people.utm.my/murtadha/2016/06/09/elon-musk-drops-more-hints-that-he-is-in-fact-iron-man/","",post,publish,exclude-legacy-post,no,no
"https://people.utm.my/murtadha/2016/06/09/son-fires-nerf-gun-at-dad-every-day-creates-hilarious-reaction-montage/","",post,publish,exclude-legacy-post,no,no
"https://people.utm.my/murtadha/2016/06/09/daredevil-skateboarder-takes-on-edinburgh-castles-sky-high-walls/","",post,publish,exclude-legacy-post,no,no
"https://people.utm.my/murtadha/2016/06/09/captain-america-rice-dumplings-are-here-to-save-the-dragon-boat-festival/","",post,publish,exclude-legacy-post,no,no
"https://people.utm.my/murtadha/2016/06/09/this-wacky-german-advert-features-cats-pushing-trolleys-around-a-supermarket/","",post,publish,exclude-legacy-post,no,no
"https://people.utm.my/murtadha/2016/06/09/twitter-cofounder-gets-his-twitter-account-hacked/","",post,publish,exclude-legacy-post,no,no
"https://people.utm.my/murtadha/2016/06/09/how-did-j-k-simmons-get-so-swoll-hes-a-beast-in-a-whole-nother-category/","",post,publish,exclude-legacy-post,no,no
"https://people.utm.my/murtadha/2016/06/09/chewbacca-mom-has-made-over-400k-and-now-charges-for-autographs/","",post,publish,exclude-legacy-post,no,no
"https://people.utm.my/murtadha/2016/06/09/ed-sheeran-faces-20-million-photograph-suit-led-by-blurred-lines-lawyers/","",post,publish,exclude-legacy-post,no,no
"https://people.utm.my/murtadha/2016/06/09/21-million-driverless-cars-could-be-on-the-road-by-2035-report-says/","",post,publish,exclude-legacy-post,no,no
"https://people.utm.my/murtadha/2016/06/09/heres-everything-we-know-about-watch-dogs-2-heading-into-e3/","",post,publish,exclude-legacy-post,no,no
"https://people.utm.my/murtadha/2016/06/09/sharapova-digantung-dua-tahun/","",post,publish,exclude-legacy-post,no,no
"https://people.utm.my/murtadha/2016/06/08/uber-ties-up-with-spotify-like-streaming-service-gaana-in-india/","",post,publish,exclude-legacy-post,no,no
"https://people.utm.my/murtadha/2016/06/08/this-pocket-sized-camera-makes-it-much-easier-to-take-photos-of-stars/","",post,publish,exclude-legacy-post,no,no
"https://people.utm.my/murtadha/2016/06/08/3d-printed-spock-hand-lets-young-amputee-play-basketball-again/","",post,publish,exclude-legacy-post,no,no
"https://people.utm.my/murtadha/2016/06/08/minecraft-irl-is-both-funny-and-deeply-unsettling/","",post,publish,exclude-legacy-post,no,no
"https://people.utm.my/murtadha/2016/06/08/68-year-old-scottish-woman-covers-drake-is-a-motherfcking-legend/","",post,publish,exclude-legacy-post,no,no
"https://people.utm.my/murtadha/2016/06/08/turkey-sinks-a-47-ton-93000-airbus-jet-to-boost-tourism/","",post,publish,exclude-legacy-post,no,no
"https://people.utm.my/murtadha/2016/06/08/bros-set-basketball-on-fire-for-sizzling-dunk-fest/","",post,publish,exclude-legacy-post,no,no
"https://people.utm.my/murtadha/2016/06/08/van-meletup-pekerja-jeti-nelayan-cedera-parah/","",post,publish,exclude-legacy-post,no,no
"https://people.utm.my/murtadha/2016/06/08/bantuan-khas-rm500-untuk-penjawat-awam-sempena-aidilfitri/","",post,publish,exclude-legacy-post,no,no
"https://people.utm.my/murtadha/2016/06/08/nenek-2-cucu-maut-kereta-bertembung-lori/","",post,publish,exclude-legacy-post,no,no
"https://people.utm.my/murtadha/2016/06/08/pesawat-egyptair-mendarat-cemas-di-uzbekistan/","",post,publish,exclude-legacy-post,no,no
"https://people.utm.my/murtadha/2016/06/08/how-to-properly-ghost-from-a-group-text/","",post,publish,exclude-legacy-post,no,no
"https://people.utm.my/murtadha/2016/06/08/canada-embroiled-in-debate-to-make-national-anthem-gender-neutral/","",post,publish,exclude-legacy-post,no,no
"https://people.utm.my/murtadha/2016/06/08/this-cute-little-seal-made-a-cameo-appearance-on-bondi-beach/","",post,publish,exclude-legacy-post,no,no
"https://people.utm.my/murtadha/2016/06/08/student-protesters-shot-by-police-in-papua-new-guinea-reports-say/","",post,publish,exclude-legacy-post,no,no
"https://people.utm.my/murtadha/2016/06/08/stanford-rape-case-shines-new-light-on-schools-startling-history/","",post,publish,exclude-legacy-post,no,no
"https://people.utm.my/murtadha/2016/06/08/the-vagina-video-game-that-was-too-racy-for-apple/","",post,publish,exclude-legacy-post,no,no
"https://people.utm.my/murtadha/2016/06/08/iskandar-jing-yi-mara-pusingan-kedua-terbuka-australia/","",post,publish,exclude-legacy-post,no,no
"https://people.utm.my/murtadha/2016/06/08/tempahan-batu-nisan-naik-3-kali-ganda-pada-ramadan/","",post,publish,exclude-legacy-post,no,no
"https://people.utm.my/murtadha/2016/06/08/san-francisco-barista-might-be-the-worlds-best-latte-artist/","",post,publish,exclude-legacy-post,no,no
"https://people.utm.my/murtadha/2016/06/08/exhausted-chicken-just-trying-to-catch-some-upside-down-shut-eye/","",post,publish,exclude-legacy-post,no,no
"https://people.utm.my/murtadha/2016/06/08/serena-williams-takes-down-hecklers-for-all-of-womankind/","",post,publish,exclude-legacy-post,no,no
"https://people.utm.my/murtadha/2016/06/08/elephant-runs-down-cyclist-so-its-family-can-cross-the-street/","",post,publish,exclude-legacy-post,no,no
"https://people.utm.my/murtadha/2016/06/08/weird-husky-decides-blowing-bubbles-is-more-fun-than-drinking/","",post,publish,exclude-legacy-post,no,no
"https://people.utm.my/murtadha/2016/06/08/kesha-played-fairy-godmother-for-a-couples-magical-disney-world-engagement/","",post,publish,exclude-legacy-post,no,no
"https://people.utm.my/murtadha/2016/06/07/carpool-karaoke-with-hamilton-creator-is-the-sing-along-broadway-dreams-are-made-of/","",post,publish,exclude-legacy-post,no,no
"https://people.utm.my/murtadha/2016/06/07/rush-hour-car-bomb-attack-targeting-police-kills-11-in-istanbul/","",post,publish,exclude-legacy-post,no,no
"https://people.utm.my/murtadha/2016/06/07/facebook-appoints-adobe-executive-as-its-new-india-head/","",post,publish,exclude-legacy-post,no,no
"https://people.utm.my/murtadha/2016/06/07/mma-fighter-kimbo-slice-dies-aged-42/","",post,publish,exclude-legacy-post,no,no
"https://people.utm.my/murtadha/2016/06/07/malaysias-banksy-charged-for-his-drawing-of-the-prime-minister-as-a-clown/","",post,publish,exclude-legacy-post,no,no
"https://people.utm.my/murtadha/2016/06/07/11-termasuk-7-polis-terbunuh-serangan-bom-di-turki/","",post,publish,exclude-legacy-post,no,no
"https://people.utm.my/murtadha/2016/06/07/tiga-didakwa-paksa-kanak-kanak-bekerja/","",post,publish,exclude-legacy-post,no,no
"https://people.utm.my/murtadha/2016/06/07/buruh-hina-kerabat-johor-dihukum-penjara-setahun/","",post,publish,exclude-legacy-post,no,no
"https://people.utm.my/murtadha/2016/06/07/bayi-8-bulan-derita-empat-penyakit/","",post,publish,exclude-legacy-post,no,no
"https://people.utm.my/murtadha/2016/06/07/hp-uses-star-trek-universe-to-hype-its-next-gen-technologies-in-new-ad/","",post,publish,exclude-legacy-post,no,no
"https://people.utm.my/murtadha/2016/06/07/apple-rounded-up-iphone-users-best-videos-for-new-ad-campaign/","",post,publish,exclude-legacy-post,no,no
"https://people.utm.my/murtadha/2016/06/07/knife-wielding-monkey-gets-even-more-dangerous-in-photoshop-battle/","",post,publish,exclude-legacy-post,no,no
"https://people.utm.my/murtadha/2016/06/07/abba-performed-for-the-first-time-in-30-years-and-no-one-recorded-it/","",post,publish,exclude-legacy-post,no,no
"https://people.utm.my/murtadha/2016/06/07/kim-kardashian-challenges-you-to-avoid-seeing-her-nude-selfies/","",post,publish,exclude-legacy-post,no,no
"https://people.utm.my/murtadha/2016/06/07/15-years-after-allen-iverson-stepped-over-him-tyronn-lues-nightmare-continues/","",post,publish,exclude-legacy-post,no,no
"https://people.utm.my/murtadha/2016/06/07/richard-huckle-dipenjara-seumur-hidup/","",post,publish,exclude-legacy-post,no,no
"https://people.utm.my/murtadha/2016/06/07/ukraine-tahan-pengganas-euro-2016/","",post,publish,exclude-legacy-post,no,no
"https://people.utm.my/murtadha/2016/06/07/this-university-just-made-one-simple-change-to-close-its-gender-pay-gap/","",post,publish,exclude-legacy-post,no,no
"https://people.utm.my/murtadha/2016/06/07/dont-be-like-mark-how-to-protect-your-social-accounts-from-being-hacked/","",post,publish,exclude-legacy-post,no,no
"https://people.utm.my/murtadha/2016/06/07/french-bulldogs-playing-with-balloons-is-the-ultimate-mood-booster/","",post,publish,exclude-legacy-post,no,no
"https://people.utm.my/murtadha/2016/06/07/london-street-artists-are-painting-beautiful-tributes-to-muhammad-ali/","",post,publish,exclude-legacy-post,no,no
"https://people.utm.my/murtadha/2016/06/07/is-agents-of-mayhem-a-stealth-saints-row-game-with-superhumans/","",post,publish,exclude-legacy-post,no,no
"https://people.utm.my/murtadha/2016/06/07/the-best-ipad-app-for-taking-notes-on-documents-just-got-a-huge-upgrade/","",post,publish,exclude-legacy-post,no,no
"https://people.utm.my/murtadha/2016/06/06/one-mans-quest-to-pay-for-lunch-with-a-chip-implanted-in-his-thumb/","",post,publish,exclude-legacy-post,no,no
"https://people.utm.my/murtadha/2016/06/06/these-compassionate-portraits-of-newsies-helped-reform-child-labor/","",post,publish,exclude-legacy-post,no,no
"https://people.utm.my/murtadha/2016/06/06/uber-sacks-driver-after-passenger-records-vile-homophobic-rant/","",post,publish,exclude-legacy-post,no,no
"https://people.utm.my/murtadha/2016/06/06/tens-of-thousands-of-singaporeans-blanket-a-field-in-pink-for-pride/","",post,publish,exclude-legacy-post,no,no
"https://people.utm.my/murtadha/2016/06/06/australias-best-buildings-of-2016-will-make-you-want-to-move-in/","",post,publish,exclude-legacy-post,no,no
"https://people.utm.my/murtadha/2016/06/06/the-100-hot-dog-is-for-the-sausage-connoisseur-with-plenty-of-extra-change/","",post,publish,exclude-legacy-post,no,no
"https://people.utm.my/murtadha/2016/06/06/adorable-4-year-old-girl-is-a-seasoned-backpacker-who-has-travelled-half-of-china/","",post,publish,exclude-legacy-post,no,no
"https://people.utm.my/murtadha/2016/06/06/10-virtual-realities-to-look-forward-to/","",post,publish,exclude-legacy-post,no,no
"https://people.utm.my/murtadha/2016/06/06/characters-from-the-ring-and-the-grudge-throw-terrifying-first-pitch-at-japanese-baseball-game/","",post,publish,exclude-legacy-post,no,no
"https://people.utm.my/murtadha/2016/06/06/jk-rowling-calls-critics-of-black-hermione-a-bunch-of-racists/","",post,publish,exclude-legacy-post,no,no
"https://people.utm.my/murtadha/2016/06/06/heres-why-teens-are-mad-at-vineyoutube-star-jacob-sartorius/","",post,publish,exclude-legacy-post,no,no
"https://people.utm.my/murtadha/2016/06/06/listen-to-justin-biebers-remix-of-drakes-one-dance/","",post,publish,exclude-legacy-post,no,no
"https://people.utm.my/murtadha/2016/06/06/7-fallout-4-mods-that-unlock-new-reasons-to-play-on-xbox-one/","",post,publish,exclude-legacy-post,no,no
"https://people.utm.my/murtadha/2016/06/05/these-anonymous-family-photos-are-like-secret-works-of-art/","",post,publish,exclude-legacy-post,no,no
"https://people.utm.my/murtadha/2016/06/05/crews-work-to-contain-oil-sheen-in-columbia-river-after-fiery-train-derailment/","",post,publish,exclude-legacy-post,no,no
"https://people.utm.my/murtadha/2016/06/05/photos-of-australias-east-coast-after-weekend-of-wild-weather-and-flooding/","",post,publish,exclude-legacy-post,no,no
"https://people.utm.my/murtadha/2016/06/05/fast-moving-brush-fire-near-los-angeles-forces-evacuations/","",post,publish,exclude-legacy-post,no,no
"https://people.utm.my/murtadha/2016/06/05/aussie-streaming-and-food-delivery-sites-knocked-offline-by-amazon-web-services/","",post,publish,exclude-legacy-post,no,no
"https://people.utm.my/murtadha/2016/06/05/this-woman-is-flying-4500-miles-with-swans-to-save-them/","",post,publish,exclude-legacy-post,no,no
"https://people.utm.my/murtadha/2016/06/05/matt-damon-uses-tech-sci-fi-to-deliver-powerful-message-to-mit-grads/","",post,publish,exclude-legacy-post,no,no
"https://people.utm.my/murtadha/2016/06/05/kesha-to-haters-im-not-perfect-but-im-pretty-fcking-magical/","",post,publish,exclude-legacy-post,no,no
"https://people.utm.my/murtadha/2016/06/05/fox-apologizes-for-x-men-ads-showing-a-strangled-jennifer-lawrence-4-months-later/","",post,publish,exclude-legacy-post,no,no
"https://people.utm.my/murtadha/2016/06/05/muhammad-ali-once-trolled-a-public-speaker-with-an-electric-pencil-sharpener/","",post,publish,exclude-legacy-post,no,no
"https://people.utm.my/murtadha/2016/06/05/muhammad-ali-had-a-thought-provoking-response-when-asked-about-his-retirement-plans/","",post,publish,exclude-legacy-post,no,no
"https://people.utm.my/murtadha/2016/06/05/muhammad-ali-was-one-of-parkinsons-strongest-fighters/","",post,publish,exclude-legacy-post,no,no
"https://people.utm.my/murtadha/2016/06/04/mb-kedah-rebah-kini-dirawat-di-kmc/","",post,publish,exclude-legacy-post,no,no
"https://people.utm.my/murtadha/2016/06/04/muhammad-alis-greatest-moments-in-photos/","",post,publish,exclude-legacy-post,no,no
"https://people.utm.my/murtadha/2016/06/04/muhammad-ali-when-a-legend-is-real/","",post,publish,exclude-legacy-post,no,no
"https://people.utm.my/murtadha/2016/06/04/muhammad-ali-had-a-lifelong-mission-to-help-those-in-need/","",post,publish,exclude-legacy-post,no,no
"https://people.utm.my/murtadha/2016/06/04/16-videos-of-muhammad-alis-life-outside-of-the-ring/","",post,publish,exclude-legacy-post,no,no
"https://people.utm.my/murtadha/2016/06/04/what-search-data-can-tell-us-about-the-next-james-bond/","",post,publish,exclude-legacy-post,no,no
"https://people.utm.my/murtadha/2016/06/04/67-ways-your-life-may-change-if-the-uk-brexits/","",post,publish,exclude-legacy-post,no,no
"https://people.utm.my/murtadha/2016/06/04/german-graduation-ball-invitation-recreates-game-of-thrones-intro/","",post,publish,exclude-legacy-post,no,no
"https://people.utm.my/murtadha/2016/06/04/channing-tatum-attends-harvard-business-school-intelligence-gets-even-sexier/","",post,publish,exclude-legacy-post,no,no
"https://people.utm.my/murtadha/2016/06/04/no-jail-time-for-woman-found-guilty-of-taping-her-dogs-mouth-shut/","",post,publish,exclude-legacy-post,no,no
"https://people.utm.my/murtadha/2016/06/04/the-tech-bracelet-that-knows-when-youre-happy-or-stressed/","",post,publish,exclude-legacy-post,no,no
"https://people.utm.my/murtadha/2016/06/04/oil-trains-fire-sparks-massive-plume-of-black-smoke/","",post,publish,exclude-legacy-post,no,no
"https://people.utm.my/murtadha/2016/06/04/reports-of-grave-condition-prompt-outpouring-of-support-for-muhammad-ali/","",post,publish,exclude-legacy-post,no,no
"https://people.utm.my/murtadha/2016/06/04/unboxing-the-sleek-batman-samsung-galaxy-s7-edge-and-gear-vr/","",post,publish,exclude-legacy-post,no,no
"https://people.utm.my/murtadha/2016/06/03/twitter-plays-catch-up-with-instagram-will-let-brands-advertise-multiple-tweets-at-once/","",post,publish,exclude-legacy-post,no,no
"https://people.utm.my/murtadha/2016/06/03/how-an-indian-home-remedy-became-the-newest-alternative-to-coffee/","",post,publish,exclude-legacy-post,no,no
"https://people.utm.my/murtadha/2016/06/03/rejoice-this-is-where-you-can-get-free-donuts-on-national-donut-day/","",post,publish,exclude-legacy-post,no,no
"https://people.utm.my/murtadha/2016/06/03/little-girl-receives-a-doll-with-a-prosthetic-leg-like-hers-cries-tears-of-joy/","",post,publish,exclude-legacy-post,no,no
"https://people.utm.my/murtadha/2016/06/03/daughters-home-from-school-and-dad-has-already-reached-his-limit/","",post,publish,exclude-legacy-post,no,no
"https://people.utm.my/murtadha/2016/06/03/linkedins-new-tools-let-you-peek-behind-the-curtain-at-companies/","",post,publish,exclude-legacy-post,no,no
"https://people.utm.my/murtadha/2016/06/03/five-soldiers-dead-others-missing-amid-record-flooding-in-texas/","",post,publish,exclude-legacy-post,no,no
"https://people.utm.my/murtadha/2016/06/03/hold-up-beyonc-complimented-two-fans-afros-during-her-show/","",post,publish,exclude-legacy-post,no,no
"https://people.utm.my/murtadha/2016/06/03/hey-guys-its-apparently-not-okay-to-say-hey-guys-anymore/","",post,publish,exclude-legacy-post,no,no
"https://people.utm.my/murtadha/2016/06/03/you-can-now-have-an-iphone-tombstone/","",post,publish,exclude-legacy-post,no,no
"https://people.utm.my/murtadha/2016/06/03/taylor-swift-and-calvin-harris-make-their-breakup-twitter-official/","",post,publish,exclude-legacy-post,no,no
"https://people.utm.my/murtadha/2016/06/03/this-dog-is-a-pomeranian-husky-mix-and-it-looks-like-a-magical-fox/","",post,publish,exclude-legacy-post,no,no
"https://people.utm.my/murtadha/2016/06/03/company-scraps-dress-code-so-that-its-employees-can-be-more-creative/","",post,publish,exclude-legacy-post,no,no
"https://people.utm.my/murtadha/2016/06/03/bb-8-warbles-and-wobbles-through-a-new-lego-star-wars-trailer/","",post,publish,exclude-legacy-post,no,no
"https://people.utm.my/murtadha/2016/06/03/silly-string-gets-smashed-silly-by-hydraulic-press/","",post,publish,exclude-legacy-post,no,no
"https://people.utm.my/murtadha/2016/06/03/hey-girl-ryan-gosling-thinks-women-are-better-than-men/","",post,publish,exclude-legacy-post,no,no
"https://people.utm.my/murtadha/2016/06/03/as-floodwaters-rise-paris-closes-the-louvre-to-protect-valuable-artwork/","",post,publish,exclude-legacy-post,no,no
"https://people.utm.my/murtadha/2016/06/03/ebay-does-not-want-to-be-a-lesser-version-of-amazon/","",post,publish,exclude-legacy-post,no,no
"https://people.utm.my/murtadha/2016/06/03/brand-new-may-have-announced-plans-to-break-up-in-2018-with-t-shirts/","",post,publish,exclude-legacy-post,no,no
"https://people.utm.my/murtadha/2016/06/03/your-hero-rihanna-fell-off-a-swan-float-to-save-her-glass-of-wine/","",post,publish,exclude-legacy-post,no,no
"https://people.utm.my/murtadha/2016/06/02/huckle-sasar-cabul-kanak-kanak-komuniti-miskin/","",post,publish,exclude-legacy-post,no,no
"https://people.utm.my/murtadha/2016/06/02/wife-draws-cartoons-on-cigarettes-urging-her-husband-to-quit-smoking/","",post,publish,exclude-legacy-post,no,no
"https://people.utm.my/murtadha/2016/06/02/torrential-downpours-cause-severe-flooding-across-europe/","",post,publish,exclude-legacy-post,no,no
"https://people.utm.my/murtadha/2016/06/02/mob-boss-dramatic-release-party-lands-him-back-in-jail-3-days-later/","",post,publish,exclude-legacy-post,no,no
"https://people.utm.my/murtadha/2016/06/02/indian-minister-starts-twitter-debate-on-racism-after-asking-people-to-say-india-loves-you-to-africans/","",post,publish,exclude-legacy-post,no,no
"https://people.utm.my/murtadha/2016/06/02/handwritten-documents-from-2000-years-ago-found-in-london/","",post,publish,exclude-legacy-post,no,no
"https://people.utm.my/murtadha/2016/06/02/cold-pressed-raw-cows-milk-to-be-sold-legally-in-australia/","",post,publish,exclude-legacy-post,no,no
"https://people.utm.my/murtadha/2016/06/02/bitcoin-to-be-sold-in-australian-newsstands-over-the-counter/","",post,publish,exclude-legacy-post,no,no
"https://people.utm.my/murtadha/2016/06/02/jaga-dituduh-rogol-budak-8-tahun-buat-seks-luar-tabii/","",post,publish,exclude-legacy-post,no,no
"https://people.utm.my/murtadha/2016/06/02/polis-kesan-kanak-kanak-mangsa-pedofil-warga-britain/","",post,publish,exclude-legacy-post,no,no
"https://people.utm.my/murtadha/2016/06/02/pedofil-warga-britain-cabul-200-kanak-kanak-malaysia/","",post,publish,exclude-legacy-post,no,no
"https://people.utm.my/murtadha/2016/06/02/jack-dorsey-and-deray-mckesson-the-story-of-an-unexpected-friendship/","",post,publish,exclude-legacy-post,no,no
"https://people.utm.my/murtadha/2016/06/02/5-year-old-kid-calls-911-on-his-dad-for-running-a-red-light/","",post,publish,exclude-legacy-post,no,no
"https://people.utm.my/murtadha/2016/06/02/nba-launches-fitness-app-that-links-you-to-your-favorite-stars/","",post,publish,exclude-legacy-post,no,no
"https://people.utm.my/murtadha/2016/06/02/taylor-swift-and-calvin-harris-love-story-is-over-baby-just-say-no/","",post,publish,exclude-legacy-post,no,no
"https://people.utm.my/murtadha/2016/06/02/jailed-man-didnt-know-bail-was-set-at-2-so-he-spent-months-in-prison/","",post,publish,exclude-legacy-post,no,no
"https://people.utm.my/murtadha/2016/06/02/bachelorette-villain-chad-may-be-squatting-on-domains-for-porn-and-jojos-name/","",post,publish,exclude-legacy-post,no,no
"https://people.utm.my/murtadha/2016/06/02/justin-trudeau-raises-pride-flag-at-canadian-parliament-for-the-first-time/","",post,publish,exclude-legacy-post,no,no
"https://people.utm.my/murtadha/2016/06/02/geek-book-of-the-week-enter-the-messy-mind-of-neil-gaiman/","",post,publish,exclude-legacy-post,no,no
"https://people.utm.my/murtadha/2016/06/02/just-try-and-keep-up-with-the-reps-this-kid-hits-in-his-workout/","",post,publish,exclude-legacy-post,no,no
"https://people.utm.my/murtadha/2016/06/02/watch-nick-jonas-talk-about-his-diabetes-and-love-of-nature-in-new-docu-series/","",post,publish,exclude-legacy-post,no,no
"https://people.utm.my/murtadha/2016/06/02/the-mysterious-identity-of-ugly-naked-guy-on-friends-is-finally-solved-finally/","",post,publish,exclude-legacy-post,no,no
"https://people.utm.my/murtadha/2016/06/02/this-palm-sized-selfie-drone-fits-in-your-pocket-and-has-foldable-blades/","",post,publish,exclude-legacy-post,no,no
"https://people.utm.my/murtadha/2016/06/02/the-cast-of-popstar-take-the-ultimate-beyonc-pop-quiz/","",post,publish,exclude-legacy-post,no,no
"https://people.utm.my/murtadha/2016/06/02/samsung-packed-512gb-of-storage-into-a-drive-the-size-of-a-stamp/","",post,publish,exclude-legacy-post,no,no
"https://people.utm.my/murtadha/2016/06/01/kdn-keluar-perintah-larangan-terhadap-3-penerbitan/","",post,publish,exclude-legacy-post,no,no
"https://people.utm.my/murtadha/2016/06/01/gadis-pakistan-diseksa-dibakar-kerana-tolak-lamaran/","",post,publish,exclude-legacy-post,no,no
"https://people.utm.my/murtadha/2016/06/01/born-just-like-you-ad-campaign-fights-for-acceptance-of-diversity/","",post,publish,exclude-legacy-post,no,no
"https://people.utm.my/murtadha/2016/06/01/bears-attempt-to-break-into-parked-cars-at-school-twitter-responds-with-glee/","",post,publish,exclude-legacy-post,no,no
"https://people.utm.my/murtadha/2016/06/01/microsoft-wants-a-piece-of-the-vr-pie-and-its-using-hololens-to-get-it/","",post,publish,exclude-legacy-post,no,no
"https://people.utm.my/murtadha/2016/06/01/kid-destroys-15000-lego-sculpture-an-hour-after-new-exhibit-opens/","",post,publish,exclude-legacy-post,no,no
"https://people.utm.my/murtadha/2016/06/01/hand-in-blender-prank-is-hilarious-but-cruel-joke/","",post,publish,exclude-legacy-post,no,no
"https://people.utm.my/murtadha/2016/06/01/hacked-construction-signs-alert-motorists-to-breaking-news-trump-is-a-lizard/","",post,publish,exclude-legacy-post,no,no
"https://people.utm.my/murtadha/2016/06/01/north-korea-made-a-facebook-clone-and-it-was-immediately-hacked/","",post,publish,exclude-legacy-post,no,no
"https://people.utm.my/murtadha/2016/06/01/mobile-ad-blocking-doubled-worldwide-last-year-thanks-in-part-to-alibaba/","",post,publish,exclude-legacy-post,no,no
"https://people.utm.my/murtadha/2016/06/01/stellar-photo-shows-space-station-mercury-simultaneously-passing-the-sun/","",post,publish,exclude-legacy-post,no,no
"https://people.utm.my/murtadha/2016/06/01/teen-casually-wears-gina-rodriguez-golden-globes-dress-to-her-prom/","",post,publish,exclude-legacy-post,no,no
"https://people.utm.my/murtadha/2016/06/01/yes-beyoncs-mom-also-listens-to-beyonc-when-she-has-a-tough-day/","",post,publish,exclude-legacy-post,no,no
"https://people.utm.my/murtadha/2016/06/01/inside-disneys-digital-newsroom-our-goal-is-to-win-the-internet-every-day/","",post,publish,exclude-legacy-post,no,no
"https://people.utm.my/murtadha/2016/06/01/more-failed-star-wars-auditions-from-matthew-mcconaughey-to-jon-hamm/","",post,publish,exclude-legacy-post,no,no
"https://people.utm.my/murtadha/2016/06/01/ferrari-just-built-a-one-off-supercar-for-a-very-lucky-and-rich-british-buyer/","",post,publish,exclude-legacy-post,no,no
"https://people.utm.my/murtadha/2016/05/31/najib-gesa-syarikat-tempatan-cari-peluang-perniagaan-baharu/","",post,publish,exclude-legacy-post,no,no
"https://people.utm.my/murtadha/2016/05/31/confused-and-adorable-puppy-meets-bb-8-for-the-first-time/","",post,publish,exclude-legacy-post,no,no
"https://people.utm.my/murtadha/2016/05/31/dont-try-to-rescue-baby-animals-in-the-wild-youll-probably-kill-them/","",post,publish,exclude-legacy-post,no,no
"https://people.utm.my/murtadha/2016/05/31/tech-giants-to-crack-down-on-hate-speech-under-new-eu-rules/","",post,publish,exclude-legacy-post,no,no
"https://people.utm.my/murtadha/2016/05/31/this-is-why-you-shouldnt-bring-world-war-ii-relics-to-a-train-station/","",post,publish,exclude-legacy-post,no,no
"https://people.utm.my/murtadha/2016/05/31/rolling-stones-guitarist-ronnie-wood-68-becomes-father-to-twins/","",post,publish,exclude-legacy-post,no,no
"https://people.utm.my/murtadha/2016/05/31/newly-formed-incubator-bachmanity-had-a-launch-party-and-it-was-absolute-insanity/","",post,publish,exclude-legacy-post,no,no
"https://people.utm.my/murtadha/2016/05/31/whats-the-best-ya-series-of-all-time-round-4-of-onetrueya-bracket/","",post,publish,exclude-legacy-post,no,no
"https://people.utm.my/murtadha/2016/05/31/harga-runcit-petrol-diesel-kekal-2/","",post,publish,exclude-legacy-post,no,no
"https://people.utm.my/murtadha/2016/05/31/abang-pukul-adik-kencing-dalam-seluar-sehingga-mati/","",post,publish,exclude-legacy-post,no,no
"https://people.utm.my/murtadha/2016/05/31/the-original-roots-cast-on-the-series-magic-and-why-they-might-not-watch-the-reboot/","",post,publish,exclude-legacy-post,no,no
"https://people.utm.my/murtadha/2016/05/31/facebooks-director-of-product-design-on-why-websites-may-be-a-dying-business/","",post,publish,exclude-legacy-post,no,no
"https://people.utm.my/murtadha/2016/05/31/jodie-foster-on-the-advancement-of-women-in-hollywood-but-its-not-all-good-news/","",post,publish,exclude-legacy-post,no,no
"https://people.utm.my/murtadha/2016/05/31/a-man-named-george-received-ridiculously-long-jeans-from-asos-and-the-internet-died/","",post,publish,exclude-legacy-post,no,no
"https://people.utm.my/murtadha/2016/05/31/bernie-sanders-watches-warriors-win-game-7-like-its-nbd/","",post,publish,exclude-legacy-post,no,no
"https://people.utm.my/murtadha/2016/05/31/cambodian-propaganda-video-confuses-singapore-skyline-for-libya/","",post,publish,exclude-legacy-post,no,no
"https://people.utm.my/murtadha/2016/05/31/the-golden-state-warriors-just-made-nba-history-with-western-conference-finals-win/","",post,publish,exclude-legacy-post,no,no
"https://people.utm.my/murtadha/2016/05/31/listen-to-an-entire-rap-verse-dedicated-to-the-damn-daniel-meme/","",post,publish,exclude-legacy-post,no,no
"https://people.utm.my/murtadha/2016/05/31/americans-honor-the-fallen-in-memorial-day-tributes/","",post,publish,exclude-legacy-post,no,no
"https://people.utm.my/murtadha/2016/05/31/adele-wants-you-to-put-down-your-damn-camera-concert-goers/","",post,publish,exclude-legacy-post,no,no
"https://people.utm.my/murtadha/2016/05/31/jon-snow-thinks-men-also-face-sexism-in-hollywood/","",post,publish,exclude-legacy-post,no,no
"https://people.utm.my/murtadha/2016/05/31/snoop-dogg-says-he-is-boycotting-the-roots-miniseries-in-expletive-laced-video/","",post,publish,exclude-legacy-post,no,no
"https://people.utm.my/murtadha/2016/05/31/16-hostels-that-are-way-nicer-than-youd-expect-a-hostel-to-be/","",post,publish,exclude-legacy-post,no,no
"https://people.utm.my/murtadha/2016/05/31/watch-the-space-stations-first-inflatable-habitat-grow-in-new-time-lapse-from-nasa/","",post,publish,exclude-legacy-post,no,no
"https://people.utm.my/murtadha/2016/05/30/honest-australian-tourism-ad-looks-beyond-the-beaches-to-reveal-whats-really-going-on/","",post,publish,exclude-legacy-post,no,no
"https://people.utm.my/murtadha/2016/05/30/this-realistic-food-stationery-will-induce-serious-hunger-pangs/","",post,publish,exclude-legacy-post,no,no
"https://people.utm.my/murtadha/2016/05/30/these-two-stubborn-kookaburras-fighting-for-a-piece-of-food-is-a-battle-for-the-ages/","",post,publish,exclude-legacy-post,no,no
"https://people.utm.my/murtadha/2016/05/30/photo-of-hostage-japanese-journalist-released-nearly-a-year-after-he-entered-syria/","",post,publish,exclude-legacy-post,no,no
"https://people.utm.my/murtadha/2016/05/30/asus-new-zenfone-3-smartphones-go-from-big-to-gargantuan/","",post,publish,exclude-legacy-post,no,no
"https://people.utm.my/murtadha/2016/05/30/boy-with-dwarfism-becomes-best-friends-with-dog-with-dwarfism/","",post,publish,exclude-legacy-post,no,no
"https://people.utm.my/murtadha/2016/05/30/this-artist-turns-indian-tinder-experiences-into-beautiful-drawings/","",post,publish,exclude-legacy-post,no,no
"https://people.utm.my/murtadha/2016/05/30/little-fox-cub-rescued-from-drain/","",post,publish,exclude-legacy-post,no,no
"https://people.utm.my/murtadha/2016/05/30/the-stages-of-grief-after-youve-been-ghosted/","",post,publish,exclude-legacy-post,no,no
"https://people.utm.my/murtadha/2016/05/30/rookie-alexander-rossi-wins-the-100th-indy-500/","",post,publish,exclude-legacy-post,no,no
"https://people.utm.my/murtadha/2016/05/30/rubio-apologized-to-trump-for-implying-he-had-a-small-penis/","",post,publish,exclude-legacy-post,no,no
"https://people.utm.my/murtadha/2016/05/30/prince-william-flawlessly-does-yoga-in-white-jeans-because-he-can/","",post,publish,exclude-legacy-post,no,no
"https://people.utm.my/murtadha/2016/05/30/alice-through-the-looking-glass-bombs-worldwide-as-shadow-looms-over-johnny-depp/","",post,publish,exclude-legacy-post,no,no
"https://people.utm.my/murtadha/2016/05/30/tinder-for-insurance-lets-you-insure-your-electronics-by-swiping-right/","",post,publish,exclude-legacy-post,no,no
"https://people.utm.my/murtadha/2016/05/30/kedai-emas-berhampiran-balai-polis-disamun/","",post,publish,exclude-legacy-post,no,no
"https://people.utm.my/murtadha/2016/05/30/f1-lewis-hamilton-juarai-gp-monaco/","",post,publish,exclude-legacy-post,no,no
"https://people.utm.my/murtadha/2016/05/29/michael-jackson-lobbied-to-be-professor-x-and-13-other-fun-x-men-facts/","",post,publish,exclude-legacy-post,no,no
"https://people.utm.my/murtadha/2016/05/29/office-macgyvers-paper-bowl-hack-is-perfect-for-people-who-hate-dishes/","",post,publish,exclude-legacy-post,no,no
"https://people.utm.my/murtadha/2016/05/29/what-the-the-bible-and-game-of-thrones-have-in-common/","",post,publish,exclude-legacy-post,no,no
"https://people.utm.my/murtadha/2016/05/29/jarring-campaign-tackles-disability-stigma-with-offensive-statements/","",post,publish,exclude-legacy-post,no,no
"https://people.utm.my/murtadha/2016/05/29/10-game-of-thrones-fan-theories-ranked-least-to-most-likely-2/","",post,publish,exclude-legacy-post,no,no
"https://people.utm.my/murtadha/2016/05/29/an-astronaut-just-deployed-the-space-stations-first-inflatable-habitat-2/","",post,publish,exclude-legacy-post,no,no
"https://people.utm.my/murtadha/2016/05/29/18-things-t-rex-have-knocked-off-their-bucket-list-since-returning-from-extinction/","",post,publish,exclude-legacy-post,no,no
"https://people.utm.my/murtadha/2016/05/29/44-kereta-terbakar-perbuatan-khianat-polis/","",post,publish,exclude-legacy-post,no,no
"https://people.utm.my/murtadha/2016/05/29/an-astronaut-just-deployed-the-space-stations-first-inflatable-habitat/","",post,publish,exclude-legacy-post,no,no
"https://people.utm.my/murtadha/2016/05/29/merriam-webster-said-the-hot-dog-is-a-sandwich-and-people-are-furious/","",post,publish,exclude-legacy-post,no,no
"https://people.utm.my/murtadha/2016/05/29/deleted-silicon-valley-scene-delivers-extended-tech-inspired-insult-comedy-reel/","",post,publish,exclude-legacy-post,no,no
"https://people.utm.my/murtadha/2016/05/29/robot-jumping-roach-will-chase-you-into-your-terminator-nightmares/","",post,publish,exclude-legacy-post,no,no
"https://people.utm.my/murtadha/2016/05/29/secret-tape-sheds-light-on-why-australia-is-losing-vital-climate-science-jobs/","",post,publish,exclude-legacy-post,no,no
"https://people.utm.my/murtadha/2016/05/29/7-cant-miss-apps-musecam-summit-yammo-and-more/","",post,publish,exclude-legacy-post,no,no
"https://people.utm.my/murtadha/2016/05/29/3-women-hailed-as-heroes-after-thwarting-alleged-date-rape-attempt/","",post,publish,exclude-legacy-post,no,no
"https://people.utm.my/murtadha/2016/05/29/zika-who-tolak-pemindahan-lokasi-olimpik-rio/","",post,publish,exclude-legacy-post,no,no
"https://people.utm.my/murtadha/2016/05/29/real-madrid-juara-liga-juara-juara/","",post,publish,exclude-legacy-post,no,no
"https://people.utm.my/murtadha/2016/05/29/10-game-of-thrones-fan-theories-ranked-least-to-most-likely/","",post,publish,exclude-legacy-post,no,no
"https://people.utm.my/murtadha/2016/05/29/alarm-clock-makes-you-fresh-coffee-for-when-your-morning-sucks/","",post,publish,exclude-legacy-post,no,no
"https://people.utm.my/murtadha/2016/05/29/the-business-of-periods-a-history-of-hits-and-misses/","",post,publish,exclude-legacy-post,no,no
"https://people.utm.my/murtadha/2016/05/29/now-you-can-try-amazon-echo-and-alexa-in-your-web-browser/","",post,publish,exclude-legacy-post,no,no
"https://people.utm.my/murtadha/2016/05/29/justin-biebers-latest-selfie-could-be-a-tinder-profile-pic/","",post,publish,exclude-legacy-post,no,no
"https://people.utm.my/murtadha/2016/05/29/attention-people-the-full-house-house-is-for-sale-and-its-extravagant-af/","",post,publish,exclude-legacy-post,no,no
"https://people.utm.my/murtadha/2016/05/29/dad-cheers-up-his-teen-son-with-an-pun-derful-and-inspiring-card/","",post,publish,exclude-legacy-post,no,no
"https://people.utm.my/murtadha/2016/05/28/rise-of-mechagodzilla-nissans-600-horsepower-2017-gt-r-nismo/","",post,publish,exclude-legacy-post,no,no
"https://people.utm.my/murtadha/2016/05/28/protesters-burn-make-america-great-again-hat-at-trump-rally/","",post,publish,exclude-legacy-post,no,no
"https://people.utm.my/murtadha/2016/05/28/stunning-onboard-view-follows-spacexs-rocket-from-space-to-ocean-landing/","",post,publish,exclude-legacy-post,no,no
"https://people.utm.my/murtadha/2016/05/28/theres-a-real-life-giant-tabletop-version-of-pong/","",post,publish,exclude-legacy-post,no,no
"https://people.utm.my/murtadha/2016/05/28/the-basic-ingredients-for-life-have-been-found-in-a-comets-atmosphere/","",post,publish,exclude-legacy-post,no,no
"https://people.utm.my/murtadha/2016/05/28/emilia-clarke-watched-game-of-thrones-nude-scene-with-her-parents-and-it-sounded-delightful/","",post,publish,exclude-legacy-post,no,no
"https://people.utm.my/murtadha/2016/05/28/this-text-line-is-helping-teens-talk-about-mental-health-without-saying-a-word/","",post,publish,exclude-legacy-post,no,no
"https://people.utm.my/murtadha/2016/05/28/96-year-old-dr-henry-heimlich-saves-womans-life-using-heimlich-maneuver/","",post,publish,exclude-legacy-post,no,no
"https://people.utm.my/murtadha/2016/05/28/this-is-the-best-view-of-pluto-most-of-us-will-see-in-our-lifetime/","",post,publish,exclude-legacy-post,no,no
"https://people.utm.my/murtadha/2016/05/28/cellphone-radiation-is-still-safer-than-viral-science-stories/","",post,publish,exclude-legacy-post,no,no
"https://people.utm.my/murtadha/2016/05/28/spacex-does-it-again-company-lands-third-rocket-on-drone-ship-in-the-ocean/","",post,publish,exclude-legacy-post,no,no
"https://people.utm.my/murtadha/2016/05/28/prisonbae-mugshot-locks-up-the-internets-heart/","",post,publish,exclude-legacy-post,no,no
"https://people.utm.my/murtadha/2016/05/28/samsungs-next-galaxy-phone-may-have-a-4k-screen-designed-for-vr/","",post,publish,exclude-legacy-post,no,no
"https://people.utm.my/murtadha/2016/05/28/americas-most-hated-man-endorses-its-most-hated-presidential-candidate/","",post,publish,exclude-legacy-post,no,no
"https://people.utm.my/murtadha/2016/05/28/rashford-cipta-nama-aksi-sulung-bersama-england/","",post,publish,exclude-legacy-post,no,no
"https://people.utm.my/murtadha/2016/05/28/superbug-resistant-to-last-resort-antibiotic-found-in-the-united-states/","",post,publish,exclude-legacy-post,no,no
"https://people.utm.my/murtadha/2016/05/28/10-british-producers-that-are-killing-the-music-game-right-now/","",post,publish,exclude-legacy-post,no,no
"https://people.utm.my/murtadha/2016/05/28/somebody-bid-15k-on-a-bottle-signed-by-water-bottle-flip-kid/","",post,publish,exclude-legacy-post,no,no
"https://people.utm.my/murtadha/2016/05/28/the-national-spelling-bees-twitter-account-takes-no-damn-prisoners/","",post,publish,exclude-legacy-post,no,no
"https://people.utm.my/murtadha/2016/05/28/study-ties-cellphone-radiation-to-brain-heart-tumors-in-male-rats/","",post,publish,exclude-legacy-post,no,no
"https://people.utm.my/murtadha/2016/05/28/flume-walks-us-through-his-weird-new-album-skin/","",post,publish,exclude-legacy-post,no,no
"https://people.utm.my/murtadha/2016/05/28/ibu-berang-kejar-anak-berlumba-haram-dengan-selipar/","",post,publish,exclude-legacy-post,no,no
"https://people.utm.my/murtadha/2016/05/27/adun-meru-dr-abdul-rani-calon-pas-di-sungai-besar/","",post,publish,exclude-legacy-post,no,no
"https://people.utm.my/murtadha/2016/05/27/adun-sungai-panjang-budiman-zohdi-calon-bn-di-sungai-besar/","",post,publish,exclude-legacy-post,no,no
"https://people.utm.my/murtadha/2016/05/27/obama-tiba-di-taman-peringatan-keamanan-hiroshima/","",post,publish,exclude-legacy-post,no,no
"https://people.utm.my/murtadha/2016/05/27/australian-town-taken-over-by-100000-bats-residents-feel-like-prisoners/","",post,publish,exclude-legacy-post,no,no
"https://people.utm.my/murtadha/2016/05/27/indonesia-will-now-chemically-castrate-child-sex-offenders/","",post,publish,exclude-legacy-post,no,no
"https://people.utm.my/murtadha/2016/05/27/fifth-harmony-is-giving-fans-the-gift-of-emoji-with-their-new-album/","",post,publish,exclude-legacy-post,no,no
"https://people.utm.my/murtadha/2016/05/27/school-offers-refunds-for-yearbooks-with-quotes-from-stalin-hitler-and-isis-leader/","",post,publish,exclude-legacy-post,no,no
"https://people.utm.my/murtadha/2016/05/27/facebook-tests-news-feed-sorted-by-topics-in-australia/","",post,publish,exclude-legacy-post,no,no
"https://people.utm.my/murtadha/2016/05/27/thai-fashionista-recreates-designer-gown-with-bags-of-prawn-crackers/","",post,publish,exclude-legacy-post,no,no
"https://people.utm.my/murtadha/2016/05/27/microsoft-and-facebook-to-build-a-high-speed-underwater-cable-connecting-the-u-s-to-europe/","",post,publish,exclude-legacy-post,no,no
"https://people.utm.my/murtadha/2016/05/27/9-anggota-sindiket-pemalsuan-sijil-cuti-sakit-ditahan/","",post,publish,exclude-legacy-post,no,no
"https://people.utm.my/murtadha/2016/05/27/remaja-militan-dipenjara-12-tahun/","",post,publish,exclude-legacy-post,no,no
"https://people.utm.my/murtadha/2016/05/27/khir-toyo-akhiri-hukuman-parol-hari-ini/","",post,publish,exclude-legacy-post,no,no
"https://people.utm.my/murtadha/2016/05/27/trump-on-climate-hes-even-worse-than-we-thought/","",post,publish,exclude-legacy-post,no,no
"https://people.utm.my/murtadha/2016/05/27/justin-bieber-skrillex-sued-by-artist-who-says-sorry-ripped-her-off/","",post,publish,exclude-legacy-post,no,no
"https://people.utm.my/murtadha/2016/05/27/this-is-how-you-snapchat-while-climbing-mount-everest/","",post,publish,exclude-legacy-post,no,no
"https://people.utm.my/murtadha/2016/05/27/former-coal-executive-murdered-while-visiting-wifes-grave/","",post,publish,exclude-legacy-post,no,no
"https://people.utm.my/murtadha/2016/05/27/this-photo-of-a-hug-is-also-a-very-confusing-optical-illusion/","",post,publish,exclude-legacy-post,no,no
"https://people.utm.my/murtadha/2016/05/27/everyone-at-the-spelling-bee-is-d-a-b-b-i-n-g/","",post,publish,exclude-legacy-post,no,no
"https://people.utm.my/murtadha/2016/05/27/hairy-bodybuilder-shaves-entire-chest-and-back-in-weirdly-transfixing-video/","",post,publish,exclude-legacy-post,no,no
"https://people.utm.my/murtadha/2016/05/27/united-sah-lantik-mourinho-pengurus-baharu/","",post,publish,exclude-legacy-post,no,no
"https://people.utm.my/murtadha/2016/05/26/snapchat-has-raised-another-1-8-billion/","",post,publish,exclude-legacy-post,no,no
"https://people.utm.my/murtadha/2016/05/26/4-overwatch-hero-strategies-for-beginners-to-master/","",post,publish,exclude-legacy-post,no,no
"https://people.utm.my/murtadha/2016/05/26/this-is-why-you-dont-test-vibrators-on-live-tv/","",post,publish,exclude-legacy-post,no,no
"https://people.utm.my/murtadha/2016/05/26/electrician-finds-dead-snake-in-ps4/","",post,publish,exclude-legacy-post,no,no
"https://people.utm.my/murtadha/2016/05/26/baby-is-deeply-unimpressed-with-her-fathers-silly-faces/","",post,publish,exclude-legacy-post,no,no
"https://people.utm.my/murtadha/2016/05/26/this-is-the-best-beach-in-america/","",post,publish,exclude-legacy-post,no,no
"https://people.utm.my/murtadha/2016/05/26/american-girl-dolls-as-fully-grown-human-adults/","",post,publish,exclude-legacy-post,no,no
"https://people.utm.my/murtadha/2016/05/26/manchester-united-wants-to-sign-jose-mourinho-but-chelsea-owns-his-name/","",post,publish,exclude-legacy-post,no,no
"https://people.utm.my/murtadha/2016/05/26/famous-actress-amber-heard-files-for-divorce-from-famous-actor-johnny-depp/","",post,publish,exclude-legacy-post,no,no
"https://people.utm.my/murtadha/2016/05/26/ancient-floppy-disks-are-still-used-in-u-s-nuclear-computer-system/","",post,publish,exclude-legacy-post,no,no
"https://people.utm.my/murtadha/2016/05/26/teachers-facebook-experiment-on-how-to-go-viral-goes-viral/","",post,publish,exclude-legacy-post,no,no
"https://people.utm.my/murtadha/2016/05/26/google-may-shame-carriers-and-manufacturers-into-updating-android-faster/","",post,publish,exclude-legacy-post,no,no
"https://people.utm.my/murtadha/2016/05/26/1-dead-3-wounded-after-shooting-at-t-i-concert-in-new-york/","",post,publish,exclude-legacy-post,no,no
"https://people.utm.my/murtadha/2016/05/26/a-rewarding-end-to-supernatural-season-11-proves-it-can-be-worth-it-to-stick-with-a-show/","",post,publish,exclude-legacy-post,no,no
"https://people.utm.my/murtadha/2016/05/26/polis-tembak-4-penjenayah-geng-samun/","",post,publish,exclude-legacy-post,no,no
"https://people.utm.my/murtadha/2016/05/26/chewbacca-mom-continues-her-best-week-ever-at-lucasfilm-hq/","",post,publish,exclude-legacy-post,no,no
"https://people.utm.my/murtadha/2016/05/26/some-evil-mastermind-figured-out-how-to-deep-fry-water/","",post,publish,exclude-legacy-post,no,no
"https://people.utm.my/murtadha/2016/05/26/the-space-between-us-trailer-shows-us-why-teens-dont-belong-on-mars/","",post,publish,exclude-legacy-post,no,no
"https://people.utm.my/murtadha/2016/05/26/heres-the-truth-about-justin-bieber-throwing-a-fans-gift-in-her-face/","",post,publish,exclude-legacy-post,no,no
"https://people.utm.my/murtadha/2016/05/26/this-police-chief-shot-his-friend-then-lied-about-it/","",post,publish,exclude-legacy-post,no,no
"https://people.utm.my/murtadha/2016/05/26/baby-sneezes-then-sighs-like-she-just-put-in-a-full-days-work/","",post,publish,exclude-legacy-post,no,no
"https://people.utm.my/murtadha/2016/05/25/bataclan-survivor-tells-eagles-of-death-metal-singer-to-stop-spreading-fear/","",post,publish,exclude-legacy-post,no,no
"https://people.utm.my/murtadha/2016/05/25/vietnamese-rapper-delivers-powerful-freestyle-on-money-and-stereotypes-for-obama/","",post,publish,exclude-legacy-post,no,no
"https://people.utm.my/murtadha/2016/05/25/bionic-suit-helps-dad-fulfil-dream-of-walking-daughter-down-the-aisle/","",post,publish,exclude-legacy-post,no,no
"https://people.utm.my/murtadha/2016/05/25/new-top-gear-trailer-promises-an-adrenaline-rush-of-a-first-episode/","",post,publish,exclude-legacy-post,no,no
"https://people.utm.my/murtadha/2016/05/25/first-female-black-designer-in-103-years-of-chelsea-flower-show-wins-gold/","",post,publish,exclude-legacy-post,no,no
"https://people.utm.my/murtadha/2016/05/25/one-direction-singer-calls-out-trolls-with-this-empowering-message/","",post,publish,exclude-legacy-post,no,no
"https://people.utm.my/murtadha/2016/05/25/steve-rogers-is-back-in-the-captain-america-comics-fighting-for-hydra/","",post,publish,exclude-legacy-post,no,no
"https://people.utm.my/murtadha/2016/05/25/billionaire-investor-peter-thiel-reportedly-funded-hulk-hogans-lawsuit-against-gawker/","",post,publish,exclude-legacy-post,no,no
"https://people.utm.my/murtadha/2016/05/25/kangaroo-relaxing-and-stretching-in-the-sun-is-where-you-want-to-be/","",post,publish,exclude-legacy-post,no,no
"https://people.utm.my/murtadha/2016/05/25/chewbacca-mask-lady-lives-her-best-life-with-irl-chewbacca-at-facebook-hq/","",post,publish,exclude-legacy-post,no,no
"https://people.utm.my/murtadha/2016/05/25/chromebooks-are-beating-macs-but-which-chromebooks-for-you/","",post,publish,exclude-legacy-post,no,no
"https://people.utm.my/murtadha/2016/05/25/the-flash-finale-remembered-the-one-thing-many-dc-comics-properties-forget/","",post,publish,exclude-legacy-post,no,no
"https://people.utm.my/murtadha/2016/05/25/amy-schumer-fires-back-at-swimsuit-body-shaming-trolls-i-feel-happy/","",post,publish,exclude-legacy-post,no,no
"https://people.utm.my/murtadha/2016/05/25/foursquares-new-bot-feeds-you-restaurant-recommendations/","",post,publish,exclude-legacy-post,no,no
"https://people.utm.my/murtadha/2016/05/25/conan-obrien-played-the-video-game-of-thrones-with-two-lannisters/","",post,publish,exclude-legacy-post,no,no
"https://people.utm.my/murtadha/2016/05/25/i-met-a-bunch-of-strangers-from-the-internet-for-tea-and-it-wasnt-weird/","",post,publish,exclude-legacy-post,no,no
"https://people.utm.my/murtadha/2016/05/25/college-prep-algebra-textbook-will-convince-you-that-the-matrix-is-real/","",post,publish,exclude-legacy-post,no,no
"https://people.utm.my/murtadha/2016/05/25/uk-court-using-vr-to-transport-jurors-to-the-scene-of-the-crime/","",post,publish,exclude-legacy-post,no,no
"https://people.utm.my/murtadha/2016/05/25/vuze-vr-camera-aims-to-give-you-high-end-360-video-for-only-800/","",post,publish,exclude-legacy-post,no,no
"https://people.utm.my/murtadha/2016/05/25/a-new-finding-dory-trailer-just-keeps-swimming-straight-into-your-heart/","",post,publish,exclude-legacy-post,no,no
"https://people.utm.my/murtadha/2016/05/25/dangerous-woman-is-an-irresistable-trip-through-ariana-grandes-latex-rabbit-hole/","",post,publish,exclude-legacy-post,no,no
"https://people.utm.my/murtadha/2016/05/24/the-10-awesome-malapropisms-from-the-bachelorette-season-premiere/","",post,publish,exclude-legacy-post,no,no
"https://people.utm.my/murtadha/2016/05/24/we-can-spend-all-day-watching-this-guy-make-miniature-fake-food/","",post,publish,exclude-legacy-post,no,no
"https://people.utm.my/murtadha/2016/05/24/greece-starts-removing-8000-refugees-from-idomeni-camp/","",post,publish,exclude-legacy-post,no,no
"https://people.utm.my/murtadha/2016/05/24/new-macbook-pro-might-have-an-oled-touch-bar-instead-of-function-keys/","",post,publish,exclude-legacy-post,no,no
"https://people.utm.my/murtadha/2016/05/24/mans-account-accidentally-overdrawn-by-2-million/","",post,publish,exclude-legacy-post,no,no
"https://people.utm.my/murtadha/2016/05/24/game-of-thrones-fans-are-putting-tiny-hodor-stickers-to-very-good-use/","",post,publish,exclude-legacy-post,no,no
"https://people.utm.my/murtadha/2016/05/24/nine-indian-comedians-come-together-to-release-web-shows-as-part-of-the-laughter-games-campaign/","",post,publish,exclude-legacy-post,no,no
"https://people.utm.my/murtadha/2016/05/24/bakar-isteri-penganggur-dihukum-mati/","",post,publish,exclude-legacy-post,no,no
"https://people.utm.my/murtadha/2016/05/24/pengawal-keselamatan-maut-dihempap-papan-tanda/","",post,publish,exclude-legacy-post,no,no
"https://people.utm.my/murtadha/2016/05/24/consume-responsible-amounts-of-marijuana-with-a-keurig-for-weed/","",post,publish,exclude-legacy-post,no,no
"https://people.utm.my/murtadha/2016/05/24/good-news-spotify-lost-194-million-in-2015/","",post,publish,exclude-legacy-post,no,no
"https://people.utm.my/murtadha/2016/05/24/little-girl-gets-stuck-on-spinning-hoverboard-of-doom/","",post,publish,exclude-legacy-post,no,no
"https://people.utm.my/murtadha/2016/05/24/facebook-changes-trending-topics-in-wake-of-controversy/","",post,publish,exclude-legacy-post,no,no
"https://people.utm.my/murtadha/2016/05/24/facebook-slammed-for-rejecting-ad-featuring-a-plus-sized-model/","",post,publish,exclude-legacy-post,no,no
"https://people.utm.my/murtadha/2016/05/24/hodor-tweeted-a-message-for-you-and-its-more-than-one-word/","",post,publish,exclude-legacy-post,no,no
"https://people.utm.my/murtadha/2016/05/24/how-game-of-thrones-just-changed-forever-in-the-books-and-the-show/","",post,publish,exclude-legacy-post,no,no
"https://people.utm.my/murtadha/2016/05/24/utah-representatives-want-to-install-porn-blockers-on-all-cell-phones/","",post,publish,exclude-legacy-post,no,no
"https://people.utm.my/murtadha/2016/05/24/united-pecat-van-gaal/","",post,publish,exclude-legacy-post,no,no
"https://people.utm.my/murtadha/2016/05/23/the-watergate-hotels-125-million-renovation-means-a-new-legacy-for-an-old-story/","",post,publish,exclude-legacy-post,no,no
"https://people.utm.my/murtadha/2016/05/23/choir-performance-is-like-watching-1000-angels-whip-and-nae-nae/","",post,publish,exclude-legacy-post,no,no
"https://people.utm.my/murtadha/2016/05/23/the-hot-new-game-of-thrones-couple-have-entered-a-turbulent-phase/","",post,publish,exclude-legacy-post,no,no
"https://people.utm.my/murtadha/2016/05/23/this-is-what-xiaomis-first-drone-looks-like/","",post,publish,exclude-legacy-post,no,no
"https://people.utm.my/murtadha/2016/05/23/hey-hodor-whats-in-a-name/","",post,publish,exclude-legacy-post,no,no
"https://people.utm.my/murtadha/2016/05/23/john-oliver-proves-primaries-and-caucuses-are-the-worst-part-of-voting/","",post,publish,exclude-legacy-post,no,no
"https://people.utm.my/murtadha/2016/05/23/puppy-dressed-in-bunny-costume-forgets-how-to-function/","",post,publish,exclude-legacy-post,no,no
"https://people.utm.my/murtadha/2016/05/23/proton-panggil-balik-inspira-exora-cps/","",post,publish,exclude-legacy-post,no,no
"https://people.utm.my/murtadha/2016/05/23/sentuhan-misbun-bantu-denmark-julang-piala-thomas/","",post,publish,exclude-legacy-post,no,no
"https://people.utm.my/murtadha/2016/05/23/pm-britain-beli-kereta-terpakai-stg1500-untuk-isteri/","",post,publish,exclude-legacy-post,no,no
"https://people.utm.my/murtadha/2016/05/23/watch-britney-spears-hump-a-guitar-in-her-killer-billboard-music-awards-performance/","",post,publish,exclude-legacy-post,no,no
"https://people.utm.my/murtadha/2016/05/23/the-weeknd-dedicates-his-billboard-music-award-to-the-late-great-prince/","",post,publish,exclude-legacy-post,no,no
"https://people.utm.my/murtadha/2016/05/23/vin-diesel-explains-how-paul-walker-lives-on-in-furious-8/","",post,publish,exclude-legacy-post,no,no
"https://people.utm.my/murtadha/2016/05/23/demi-lovatos-billboard-music-awards-look-supports-gender-natural-bathrooms/","",post,publish,exclude-legacy-post,no,no
"https://people.utm.my/murtadha/2016/05/23/adele-premieres-trippy-music-video-for-send-my-love/","",post,publish,exclude-legacy-post,no,no
"https://people.utm.my/murtadha/2016/05/23/how-to-unlock-the-traditional-science-of-indigenous-australians/","",post,publish,exclude-legacy-post,no,no
"https://people.utm.my/murtadha/2016/05/23/terkini-250-rumah-hangus-lebih-1000-hilang-tempat-tinggal/","",post,publish,exclude-legacy-post,no,no
"https://people.utm.my/murtadha/2016/05/22/bernie-and-hillary-share-a-last-dance-on-snl-for-three-superdelegates/","",post,publish,exclude-legacy-post,no,no
"https://people.utm.my/murtadha/2016/05/22/fred-armisens-sexy-girlfriend-makes-everyone-lose-it-on-snl/","",post,publish,exclude-legacy-post,no,no
"https://people.utm.my/murtadha/2016/05/22/youll-lose-your-head-over-this-extremely-timely-snl-sketch/","",post,publish,exclude-legacy-post,no,no
"https://people.utm.my/murtadha/2016/05/22/ignorance-and-fear-are-big-obstacles-for-muslim-startup-founders/","",post,publish,exclude-legacy-post,no,no
"https://people.utm.my/murtadha/2016/05/22/new-lonely-island-video-has-it-all-sex-vr-and-osama-bin-laden/","",post,publish,exclude-legacy-post,no,no
"https://people.utm.my/murtadha/2016/05/22/siri-can-unlock-your-front-door-with-augusts-homekit-ready-smart-lock/","",post,publish,exclude-legacy-post,no,no
"https://people.utm.my/murtadha/2016/05/22/young-mets-fan-has-casual-catch-with-nationals-starting-pitcher/","",post,publish,exclude-legacy-post,no,no
"https://people.utm.my/murtadha/2016/05/22/pegawai-sprm-masuk-banglo-guan-eng/","",post,publish,exclude-legacy-post,no,no
"https://people.utm.my/murtadha/2016/05/22/bapa-kelar-anak-tikam-diri-sendiri/","",post,publish,exclude-legacy-post,no,no
"https://people.utm.my/murtadha/2016/05/22/bill-gates-and-neal-stephenson-drive-into-the-future-in-a-tesla-in-vr/","",post,publish,exclude-legacy-post,no,no
"https://people.utm.my/murtadha/2016/05/22/yale-spotlights-gender-neutral-bathrooms-for-graduation-ceremony/","",post,publish,exclude-legacy-post,no,no
"https://people.utm.my/murtadha/2016/05/22/true-crime-diabolical-seagull-casually-robs-beachside-caf/","",post,publish,exclude-legacy-post,no,no
"https://people.utm.my/murtadha/2016/05/22/lets-pretend-that-new-baileys-with-almond-milk-is-actually-good-for-us/","",post,publish,exclude-legacy-post,no,no
"https://people.utm.my/murtadha/2016/05/22/female-pilots-who-flew-during-wwii-can-now-be-buried-at-arlington/","",post,publish,exclude-legacy-post,no,no
"https://people.utm.my/murtadha/2016/05/22/what-it-takes-to-make-the-team-in-all-girls-tug-of-war/","",post,publish,exclude-legacy-post,no,no
"https://people.utm.my/murtadha/2016/05/22/pop-up-himeji-castle-proves-lego-can-do-pretty-much-anything/","",post,publish,exclude-legacy-post,no,no
"https://people.utm.my/murtadha/2016/05/22/chewbacca-woman-reaches-new-level-of-joy-when-her-kids-get-masks-too/","",post,publish,exclude-legacy-post,no,no
"https://people.utm.my/murtadha/2016/05/22/mh17-keluarga-mangsa-saman-putin-russia/","",post,publish,exclude-legacy-post,no,no
"https://people.utm.my/murtadha/2016/05/22/how-nail-styling-has-changed-over-the-past-100-years/","",post,publish,exclude-legacy-post,no,no
"https://people.utm.my/murtadha/2016/05/22/new-star-trek-beyond-trailer-shows-idris-elbas-villain-in-action/","",post,publish,exclude-legacy-post,no,no
"https://people.utm.my/murtadha/2016/05/22/android-is-boring/","",post,publish,exclude-legacy-post,no,no
"https://people.utm.my/murtadha/2016/05/22/men-learn-the-harsh-reality-of-wearing-high-heels-to-work/","",post,publish,exclude-legacy-post,no,no
"https://people.utm.my/murtadha/2016/05/22/egyptair-crash-raises-questions-about-imperfect-airport-security/","",post,publish,exclude-legacy-post,no,no
"https://people.utm.my/murtadha/2016/05/22/stephen-colbert-has-his-own-version-of-kanyes-ellen-speech/","",post,publish,exclude-legacy-post,no,no
"https://people.utm.my/murtadha/2016/05/22/peek-inside-the-script-for-that-hysterical-angry-birds-battle-cry-scene/","",post,publish,exclude-legacy-post,no,no
"https://people.utm.my/murtadha/2016/05/21/super-kip-sambar-petak-ketiga-gp-itali/","",post,publish,exclude-legacy-post,no,no
"https://people.utm.my/murtadha/2016/05/21/12-pemancing-yang-dikhuatiri-hilang-ditemui-selamat/","",post,publish,exclude-legacy-post,no,no
"https://people.utm.my/murtadha/2016/05/21/450000-kondom-akan-diagihkan-di-perkampungan-sukan-olimpik/","",post,publish,exclude-legacy-post,no,no
"https://people.utm.my/murtadha/2016/05/21/is-motorola-bringing-back-the-razr/","",post,publish,exclude-legacy-post,no,no
"https://people.utm.my/murtadha/2016/05/21/police-crashes-head-on-with-car-during-high-speed-chase/","",post,publish,exclude-legacy-post,no,no
"https://people.utm.my/murtadha/2016/05/21/how-drake-helped-craft-one-of-the-best-moments-in-his-snl-beef-sketch/","",post,publish,exclude-legacy-post,no,no
"https://people.utm.my/murtadha/2016/05/21/mars-is-the-brightest-it-has-been-in-a-decade-heres-how-to-see-it-this-weekend/","",post,publish,exclude-legacy-post,no,no
"https://people.utm.my/murtadha/2016/05/21/google-made-io-fun-again-but-is-that-enough-2/","",post,publish,exclude-legacy-post,no,no
"https://people.utm.my/murtadha/2016/05/21/good-luck-getting-that-chewbacca-mask-because-its-sold-out-almost-everywhere/","",post,publish,exclude-legacy-post,no,no
"https://people.utm.my/murtadha/2016/05/21/when-david-bowie-played-keyboard-for-his-friend-iggy-pop/","",post,publish,exclude-legacy-post,no,no
"https://people.utm.my/murtadha/2016/05/21/google-made-io-fun-again-but-is-that-enough/","",post,publish,exclude-legacy-post,no,no
"https://people.utm.my/murtadha/2016/05/21/draymond-green-can-name-all-34-players-drafted-ahead-of-him-in-2012/","",post,publish,exclude-legacy-post,no,no
"https://people.utm.my/murtadha/2016/05/21/watch-these-adorable-octopossum-babies-hitch-a-ride-with-mom/","",post,publish,exclude-legacy-post,no,no
"https://people.utm.my/murtadha/2016/05/21/9-tricks-to-spice-up-your-sext-life/","",post,publish,exclude-legacy-post,no,no
"https://people.utm.my/murtadha/2016/05/21/how-fed-up-anti-brutality-activists-got-what-they-wanted-a-new-police-chief/","",post,publish,exclude-legacy-post,no,no
"https://people.utm.my/murtadha/2016/05/21/apple-pulls-latest-ios-update-from-ipads-after-bricking-reports/","",post,publish,exclude-legacy-post,no,no
"https://people.utm.my/murtadha/2016/05/21/dad-and-daughter-perform-delightful-rendition-of-a-has-take-on-me/","",post,publish,exclude-legacy-post,no,no
"https://people.utm.my/murtadha/2016/05/21/hawaii-has-a-donkey-problem-heres-how-you-can-adopt-them/","",post,publish,exclude-legacy-post,no,no
"https://people.utm.my/murtadha/2016/05/21/sistem-pesawat-egyptair-kesan-asap-dalam-tandas/","",post,publish,exclude-legacy-post,no,no
"https://people.utm.my/murtadha/2016/05/21/piala-thomas-malaysia-rebah-kepada-denmark/","",post,publish,exclude-legacy-post,no,no
"https://people.utm.my/murtadha/2016/05/21/mark-hamill-hasnt-watched-the-original-star-wars-trilogy-in-a-long-long-time/","",post,publish,exclude-legacy-post,no,no
"https://people.utm.my/murtadha/2016/05/21/kim-kardashian-live-blogs-her-pregnancy-scare-on-snapchat-as-one-does/","",post,publish,exclude-legacy-post,no,no
"https://people.utm.my/murtadha/2016/05/21/jennifer-lawrence-isnt-sure-shell-appear-in-more-x-men-roles-says-fox-should-be-terrified/","",post,publish,exclude-legacy-post,no,no
"https://people.utm.my/murtadha/2016/05/21/how-to-find-the-right-freelancers-to-get-your-business-off-the-ground/","",post,publish,exclude-legacy-post,no,no
"https://people.utm.my/murtadha/2016/05/21/disney-world-makes-another-dream-come-true-by-honoring-an-unused-ticket-from-1994/","",post,publish,exclude-legacy-post,no,no
"https://people.utm.my/murtadha/2016/05/21/george-r-r-martin-seems-really-sad-you-guys/","",post,publish,exclude-legacy-post,no,no
"https://people.utm.my/murtadha/2016/05/21/where-americans-are-traveling-in-europe-this-summer/","",post,publish,exclude-legacy-post,no,no
"https://people.utm.my/murtadha/2016/05/21/ancient-mega-tsunamis-on-mars-are-newest-clues-to-past-life/","",post,publish,exclude-legacy-post,no,no
"https://people.utm.my/murtadha/2016/05/20/bangkai-pesawat-egyptair-ditemui-di-mediterranean-tentera-mesir/","",post,publish,exclude-legacy-post,no,no
"https://people.utm.my/murtadha/2016/05/20/indonesia-mara-ke-final-piala-thomas/","",post,publish,exclude-legacy-post,no,no
"https://people.utm.my/murtadha/2016/05/20/penganggur-bakar-isteri-kena-jel-18-tahun-5-sebatan/","",post,publish,exclude-legacy-post,no,no
"https://people.utm.my/murtadha/2016/05/20/ihp-naik-2-1-peratus-dalam-april-2016/","",post,publish,exclude-legacy-post,no,no
"https://people.utm.my/murtadha/2016/05/20/9-novel-neon-photos-that-will-make-your-instagram-feed-glow/","",post,publish,exclude-legacy-post,no,no
"https://people.utm.my/murtadha/2016/05/20/retro-x-men-commercial-for-xaviers-school-will-bring-out-the-80s-mutant-in-you/","",post,publish,exclude-legacy-post,no,no
"https://people.utm.my/murtadha/2016/05/20/tech-is-dominated-by-even-more-white-dudes-than-the-rest-of-the-private-sector/","",post,publish,exclude-legacy-post,no,no
"https://people.utm.my/murtadha/2016/05/20/high-school-graduation-goes-on-in-the-dark-after-balloons-cause-power-outage/","",post,publish,exclude-legacy-post,no,no
"https://people.utm.my/murtadha/2016/05/20/new-program-removes-name-age-and-gender-from-job-applications/","",post,publish,exclude-legacy-post,no,no
"https://people.utm.my/murtadha/2016/05/20/edible-six-pack-rings-let-you-have-your-beer-and-help-the-environment-too/","",post,publish,exclude-legacy-post,no,no
"https://people.utm.my/murtadha/2016/05/20/sara-ramirez-is-leaving-greys-anatomy/","",post,publish,exclude-legacy-post,no,no
"https://people.utm.my/murtadha/2016/05/20/nahas-pesawat-egyptair-dipercayai-angkara-pengganas/","",post,publish,exclude-legacy-post,no,no
"https://people.utm.my/murtadha/2016/05/20/ariana-grande-will-defend-kim-kardashians-nudes-until-she-dies/","",post,publish,exclude-legacy-post,no,no
"https://people.utm.my/murtadha/2016/05/20/daniel-craig-is-so-over-playing-james-bond-that-he-turned-down-100-million/","",post,publish,exclude-legacy-post,no,no
"https://people.utm.my/murtadha/2016/05/20/bank-negara-kekal-opr-pada-3-25-peratus/","",post,publish,exclude-legacy-post,no,no
"https://people.utm.my/murtadha/2016/05/20/nike-brews-awkward-sneaker-inspired-by-starbucks/","",post,publish,exclude-legacy-post,no,no
"https://people.utm.my/murtadha/2016/05/20/womans-hair-is-so-long-it-would-make-rapunzel-jealous/","",post,publish,exclude-legacy-post,no,no
"https://people.utm.my/murtadha/2016/05/20/india-records-its-hottest-temperature-on-record-123-8-degrees-fahrenheit/","",post,publish,exclude-legacy-post,no,no
"https://people.utm.my/murtadha/2016/05/20/oklahoma-legislature-passes-bill-to-make-performing-an-abortion-a-felony/","",post,publish,exclude-legacy-post,no,no
"https://people.utm.my/murtadha/2016/05/20/cruise-automation-is-testing-an-autonomous-chevy-bolt-in-san-francisco/","",post,publish,exclude-legacy-post,no,no
"https://people.utm.my/murtadha/2016/05/19/man-quits-his-job-to-travel-australia-in-a-campervan-with-his-cat/","",post,publish,exclude-legacy-post,no,no
"https://people.utm.my/murtadha/2016/05/19/this-girl-twerking-her-nose-to-rihannas-work-is-mad-precious/","",post,publish,exclude-legacy-post,no,no
"https://people.utm.my/murtadha/2016/05/19/airbnb-slapped-with-suit-for-alleged-discrimination-against-black-guests/","",post,publish,exclude-legacy-post,no,no
"https://people.utm.my/murtadha/2016/05/19/university-advertises-3-jobs-in-math-and-stats-but-only-for-women/","",post,publish,exclude-legacy-post,no,no
"https://people.utm.my/murtadha/2016/05/19/burning-pizza-oven-is-driven-down-highway-because-its-a-piping-hot-delivery/","",post,publish,exclude-legacy-post,no,no
"https://people.utm.my/murtadha/2016/05/19/facebook-starts-rolling-out-live-video-map-on-desktop/","",post,publish,exclude-legacy-post,no,no
"https://people.utm.my/murtadha/2016/05/19/tim-cook-hangs-out-with-bollywood-stars-on-his-first-day-in-india/","",post,publish,exclude-legacy-post,no,no
"https://people.utm.my/murtadha/2016/05/19/huawei-to-announce-daydream-ready-devices-by-the-end-of-2016/","",post,publish,exclude-legacy-post,no,no
"https://people.utm.my/murtadha/2016/05/19/malaysia-mara-ke-separuh-akhir-piala-thomas/","",post,publish,exclude-legacy-post,no,no
"https://people.utm.my/murtadha/2016/05/19/first-teaser-trailer-for-cbss-star-trek-is-a-crazy-trip/","",post,publish,exclude-legacy-post,no,no
"https://people.utm.my/murtadha/2016/05/19/the-running-man-challenge-may-be-the-new-dab-but-it-actually-goes-way-back/","",post,publish,exclude-legacy-post,no,no
"https://people.utm.my/murtadha/2016/05/19/android-pay-now-supports-card-free-atm-withdrawals/","",post,publish,exclude-legacy-post,no,no
"https://people.utm.my/murtadha/2016/05/19/majestic-dog-rides-lawnmower-like-a-king/","",post,publish,exclude-legacy-post,no,no
"https://people.utm.my/murtadha/2016/05/19/the-new-macgyver-is-predictably-crafty-possibly-not-old-enough-to-drink/","",post,publish,exclude-legacy-post,no,no
"https://people.utm.my/murtadha/2016/05/19/kids-brains-are-actually-wired-to-pick-out-their-moms-voice/","",post,publish,exclude-legacy-post,no,no
"https://people.utm.my/murtadha/2016/05/19/gen-x-takes-millennials-to-the-woodshed-in-new-cbs-show-the-great-indoors/","",post,publish,exclude-legacy-post,no,no
"https://people.utm.my/murtadha/2016/05/19/sick-and-tired-of-long-lines-these-cities-want-to-shake-up-airport-security/","",post,publish,exclude-legacy-post,no,no
"https://people.utm.my/murtadha/2016/05/19/pornhub-launches-bangfit-so-you-can-bang-to-get-fit/","",post,publish,exclude-legacy-post,no,no
"https://people.utm.my/murtadha/2016/05/18/dark-game-of-thrones-theory-could-be-bad-news-for-rickon/","",post,publish,exclude-legacy-post,no,no
"https://people.utm.my/murtadha/2016/05/18/cartoonist-unveils-30-hilariously-inventive-new-pokmon-designs/","",post,publish,exclude-legacy-post,no,no
"https://people.utm.my/murtadha/2016/05/18/india-inaugurates-one-of-the-worlds-biggest-solar-rooftop-power-plants/","",post,publish,exclude-legacy-post,no,no
"https://people.utm.my/murtadha/2016/05/18/2-men-battle-insane-100-plus-mph-winds-at-mount-washington/","",post,publish,exclude-legacy-post,no,no
"https://people.utm.my/murtadha/2016/05/18/7-year-old-pens-brutally-honest-breakup-letter-to-mom/","",post,publish,exclude-legacy-post,no,no
"https://people.utm.my/murtadha/2016/05/18/anna-kendrick-and-adam-devines-eyeballs-battle-in-intense-staring-contest/","",post,publish,exclude-legacy-post,no,no
"https://people.utm.my/murtadha/2016/05/18/7-eleven-debuts-toothy-treats-for-shark-week/","",post,publish,exclude-legacy-post,no,no
"https://people.utm.my/murtadha/2016/05/18/laporan-audit-2015-kasut-getah-jpam-tak-ikut-spesifikasi/","",post,publish,exclude-legacy-post,no,no
"https://people.utm.my/murtadha/2016/05/18/deddy-dores-meninggal-dunia/","",post,publish,exclude-legacy-post,no,no
"https://people.utm.my/murtadha/2016/05/18/is-this-tetris-movie-for-real-too-many-key-blocks-are-missing-to-be-sure/","",post,publish,exclude-legacy-post,no,no
"https://people.utm.my/murtadha/2016/05/18/this-trippy-time-lapse-isnt-a-puzzle-or-insects-crawling/","",post,publish,exclude-legacy-post,no,no
"https://people.utm.my/murtadha/2016/05/18/fashionistas-got-caught-in-an-elevator-at-fashion-week-and-went-snapchat-and-selfie-crazy/","",post,publish,exclude-legacy-post,no,no
"https://people.utm.my/murtadha/2016/05/18/google-teams-up-with-mit-to-make-programming-easier-for-kids/","",post,publish,exclude-legacy-post,no,no
"https://people.utm.my/murtadha/2016/05/18/thai-government-stops-ride-hailing-motorbike-services-2-months-into-operation/","",post,publish,exclude-legacy-post,no,no
"https://people.utm.my/murtadha/2016/05/18/brave-man-uses-spanners-to-fight-off-crocodiles-in-life-or-death-battle/","",post,publish,exclude-legacy-post,no,no
"https://people.utm.my/murtadha/2016/05/18/espns-new-online-ads-let-businesses-focus-on-your-favorite-teams/","",post,publish,exclude-legacy-post,no,no
"https://people.utm.my/murtadha/2016/05/18/catching-an-uber-is-more-legal-than-it-was-yesterday-in-australian-state/","",post,publish,exclude-legacy-post,no,no
"https://people.utm.my/murtadha/2016/05/18/googles-new-gigapixel-camera-sees-every-paint-stroke-in-famous-artwork/","",post,publish,exclude-legacy-post,no,no
"https://people.utm.my/murtadha/2016/05/18/peace-treaties-need-to-address-indigenous-women-u-n-official-says/","",post,publish,exclude-legacy-post,no,no
"https://people.utm.my/murtadha/2016/05/18/graphic-novel-of-the-week-should-you-follow-unfollow/","",post,publish,exclude-legacy-post,no,no
"https://people.utm.my/murtadha/2016/05/18/brand-new-brings-back-the-self-loathing-you-love-with-i-am-a-nightmare/","",post,publish,exclude-legacy-post,no,no
"https://people.utm.my/murtadha/2016/05/18/congress-stops-medical-marijuana-research-in-its-tracks/","",post,publish,exclude-legacy-post,no,no
"https://people.utm.my/murtadha/2016/05/18/this-guys-basketball-trick-shot-will-blow-your-hair-back/","",post,publish,exclude-legacy-post,no,no
"https://people.utm.my/murtadha/2016/05/18/substitute-teacher-leaves-detailed-account-of-horrific-day/","",post,publish,exclude-legacy-post,no,no
"https://people.utm.my/murtadha/2016/05/18/netflixs-narcos-headed-to-univision-in-unique-programming-deal/","",post,publish,exclude-legacy-post,no,no
"https://people.utm.my/murtadha/2016/05/18/pesawat-berpatah-balik-ke-ltsaas-susulan-ancaman-bom/","",post,publish,exclude-legacy-post,no,no
"https://people.utm.my/murtadha/2016/05/17/pesawat-komersial-di-ltsaas-terima-ancaman-bom/","",post,publish,exclude-legacy-post,no,no
"https://people.utm.my/murtadha/2016/05/17/philippines-president-elect-wants-to-bring-back-the-death-penalty/","",post,publish,exclude-legacy-post,no,no
"https://people.utm.my/murtadha/2016/05/17/demi-lovato-grills-nick-jonas-about-his-dating-history-in-carpool-karaoke/","",post,publish,exclude-legacy-post,no,no
"https://people.utm.my/murtadha/2016/05/17/brooklyn-beckham-and-chloe-grace-moretz-are-the-ultimate-couple-goals-in-instagram-picture/","",post,publish,exclude-legacy-post,no,no
"https://people.utm.my/murtadha/2016/05/17/spicejet-flight-nearly-takes-off-without-40-passengers-then-returns-to-pick-them-up/","",post,publish,exclude-legacy-post,no,no
"https://people.utm.my/murtadha/2016/05/17/soundhounds-music-app-is-getting-hands-free-voice-commands/","",post,publish,exclude-legacy-post,no,no
"https://people.utm.my/murtadha/2016/05/17/sketchfab-wants-to-do-for-vr-what-youtube-did-for-video/","",post,publish,exclude-legacy-post,no,no
"https://people.utm.my/murtadha/2016/05/17/if-this-leak-is-real-oneplus-3-will-join-the-army-of-iphone-clones/","",post,publish,exclude-legacy-post,no,no
"https://people.utm.my/murtadha/2016/05/17/pesawat-latihan-tudm-terhempas-di-nenasi-pekan/","",post,publish,exclude-legacy-post,no,no
"https://people.utm.my/murtadha/2016/05/17/amazing-race-final-3-teams-reflect-on-the-season-of-team-internet/","",post,publish,exclude-legacy-post,no,no
"https://people.utm.my/murtadha/2016/05/17/israeli-divers-discover-huge-lot-of-roman-era-artifacts-at-shipwreck-site/","",post,publish,exclude-legacy-post,no,no
"https://people.utm.my/murtadha/2016/05/17/44-books-on-44-presidents-the-man-who-divided-the-gop/","",post,publish,exclude-legacy-post,no,no
"https://people.utm.my/murtadha/2016/05/17/hitch-theaters-will-let-you-enjoy-movie-night-almost-anywhere/","",post,publish,exclude-legacy-post,no,no
"https://people.utm.my/murtadha/2016/05/17/your-first-look-at-the-new-prison-break-doesnt-disappoint/","",post,publish,exclude-legacy-post,no,no
"https://people.utm.my/murtadha/2016/05/17/major-league-base-brawl-the-13-best-things-about-rougned-odors-punch/","",post,publish,exclude-legacy-post,no,no
"https://people.utm.my/murtadha/2016/05/17/congressional-candidate-forgets-to-close-porn-tabs-before-sharing-screenshot-on-facebook/","",post,publish,exclude-legacy-post,no,no
"https://people.utm.my/murtadha/2016/05/17/canva-atlassian-and-other-tech-leaders-push-to-make-australia-rival-silicon-valley/","",post,publish,exclude-legacy-post,no,no
"https://people.utm.my/murtadha/2016/05/17/lebih-sejuta-ikuti-twitter-bh-online/","",post,publish,exclude-legacy-post,no,no
"https://people.utm.my/murtadha/2016/05/17/little-girl-does-not-want-to-hug-her-friend/","",post,publish,exclude-legacy-post,no,no
"https://people.utm.my/murtadha/2016/05/17/this-could-be-our-first-real-look-at-the-iphone-7/","",post,publish,exclude-legacy-post,no,no
"https://people.utm.my/murtadha/2016/05/17/the-cold-hard-truth-about-minions/","",post,publish,exclude-legacy-post,no,no
"https://people.utm.my/murtadha/2016/05/17/guy-freaks-out-thinking-he-just-watched-a-bear-end-it-all/","",post,publish,exclude-legacy-post,no,no
"https://people.utm.my/murtadha/2016/05/17/apples-latest-billion-dollar-business-venture-capital/","",post,publish,exclude-legacy-post,no,no
"https://people.utm.my/murtadha/2016/05/17/the-space-station-just-made-its-100000th-orbit-around-earth/","",post,publish,exclude-legacy-post,no,no
"https://people.utm.my/murtadha/2016/05/17/16-daenerys-targaryen-quotes-to-inspire-your-new-feminist-mantra/","",post,publish,exclude-legacy-post,no,no
"https://people.utm.my/murtadha/2016/05/17/21-times-game-of-thrones-star-emilia-clarke-was-the-queen-of-instagram/","",post,publish,exclude-legacy-post,no,no
"https://people.utm.my/murtadha/2016/05/16/malaysia-airlines-nafi-semua-penerbangan-tergendala/","",post,publish,exclude-legacy-post,no,no
"https://people.utm.my/murtadha/2016/05/16/lelaki-malaysia-mati-ditembak-di-hatyai/","",post,publish,exclude-legacy-post,no,no
"https://people.utm.my/murtadha/2016/05/16/ranking-trumps-reported-vp-picks-from-least-to-most-likely/","",post,publish,exclude-legacy-post,no,no
"https://people.utm.my/murtadha/2016/05/16/the-internet-is-hot-for-khaleesi-after-that-game-of-thrones-moment/","",post,publish,exclude-legacy-post,no,no
"https://people.utm.my/murtadha/2016/05/16/google-using-romance-novels-to-train-its-artificial-intelligence-to-write-fiction/","",post,publish,exclude-legacy-post,no,no
"https://people.utm.my/murtadha/2016/05/16/the-women-of-game-of-thrones-took-charge-in-the-latest-episode/","",post,publish,exclude-legacy-post,no,no
"https://people.utm.my/murtadha/2016/05/16/emilia-clarke-on-being-naked-again-on-game-of-thrones-there-aint-no-body-double/","",post,publish,exclude-legacy-post,no,no
"https://people.utm.my/murtadha/2016/05/16/life-on-land-is-even-more-complicated-than-the-sea-on-fear-the-walking-dead/","",post,publish,exclude-legacy-post,no,no
"https://people.utm.my/murtadha/2016/05/16/world-leading-australian-climate-scientist-reportedly-sacked-while-at-sea/","",post,publish,exclude-legacy-post,no,no
"https://people.utm.my/murtadha/2016/05/16/these-bubble-o-bill-earrings-are-the-ultimate-throwback-to-an-australian-childhood/","",post,publish,exclude-legacy-post,no,no
"https://people.utm.my/murtadha/2016/05/16/my-photo-featured-in-week-on-eyeem-12/","",post,publish,exclude-legacy-post,no,no
"https://people.utm.my/murtadha/2016/05/16/my-conference-paper-reached-50-reads-httpst-cosgarh8wiis-via-researchgate/","",post,publish,exclude-legacy-post,no,no
"https://people.utm.my/murtadha/2016/05/16/yes-my-photo-got-featured-this-week-httpst-co78mpgha94q/","",post,publish,exclude-legacy-post,no,no
"https://people.utm.my/murtadha/2016/05/16/check-out-this-photo-by-tangota%f0%9f%87%b2%f0%9f%87%be-on-eyeem-httpst-cohcadp8vlf8/","",post,publish,exclude-legacy-post,no,no
"https://people.utm.my/murtadha/2016/05/16/animated-dog-hides-under-the-bed-when-its-bath-time/","",post,publish,exclude-legacy-post,no,no
"https://people.utm.my/murtadha/2016/05/16/kids-use-massive-fish-balloon-to-scare-the-crap-out-of-mom/","",post,publish,exclude-legacy-post,no,no
"https://people.utm.my/murtadha/2016/05/16/tourists-kidnap-baby-bison-and-put-it-in-their-car-because-it-looked-cold/","",post,publish,exclude-legacy-post,no,no
"https://people.utm.my/murtadha/2016/05/16/captain-america-is-the-second-biggest-movie-of-the-year/","",post,publish,exclude-legacy-post,no,no
"https://people.utm.my/murtadha/2016/05/16/women-won-in-every-big-category-at-the-2015-nebula-awards/","",post,publish,exclude-legacy-post,no,no
"https://people.utm.my/murtadha/2016/05/16/a-guide-to-all-of-the-new-shows-coming-to-nbc-this-fall/","",post,publish,exclude-legacy-post,no,no
"https://people.utm.my/murtadha/2016/05/16/reporter-forced-to-cover-up-on-live-tv-because-her-dress-was-too-revealing/","",post,publish,exclude-legacy-post,no,no
"https://people.utm.my/murtadha/2016/05/16/obama-gets-in-a-few-digs-at-trump-in-commencement-speech-at-rutgers/","",post,publish,exclude-legacy-post,no,no
"https://people.utm.my/murtadha/2016/05/16/bungkusan-mencurigakan-di-old-trafford-diletupkan/","",post,publish,exclude-legacy-post,no,no
"https://people.utm.my/murtadha/2016/05/15/perlawanan-mu-bournemouth-ditunda/","",post,publish,exclude-legacy-post,no,no
"https://people.utm.my/murtadha/2016/05/15/aksi-di-old-trafford-ditangguh-akibat-bungkusan-misteri/","",post,publish,exclude-legacy-post,no,no
"https://people.utm.my/murtadha/2016/05/15/take-it-off-this-is-america-man-pleads-guilty-after-yanking-off-womans-hijab/","",post,publish,exclude-legacy-post,no,no
"https://people.utm.my/murtadha/2016/05/15/students-create-a-drone-that-can-perch-on-the-ceiling-like-a-spider/","",post,publish,exclude-legacy-post,no,no
"https://people.utm.my/murtadha/2016/05/15/6-year-old-cancer-survivor-gives-adorable-speech-at-dads-wedding/","",post,publish,exclude-legacy-post,no,no
"https://people.utm.my/murtadha/2016/05/15/unhappy-australians-consider-an-ausexit-after-eurovision-loss/","",post,publish,exclude-legacy-post,no,no
"https://people.utm.my/murtadha/2016/05/15/drake-impersonates-rihanna-sings-more-than-a-meme-on-snl/","",post,publish,exclude-legacy-post,no,no
"https://people.utm.my/murtadha/2016/05/15/red-hot-chili-peppers-cancels-show-after-anthony-kiedis-reportedly-hospitalized/","",post,publish,exclude-legacy-post,no,no
"https://people.utm.my/murtadha/2016/05/15/drake-started-beef-with-just-about-everyone-on-snl/","",post,publish,exclude-legacy-post,no,no
"https://people.utm.my/murtadha/2016/05/15/just-do-it-the-diyers-building-a-new-golden-age-for-zines/","",post,publish,exclude-legacy-post,no,no
"https://people.utm.my/murtadha/2016/05/15/police-chief-gives-himself-ticket-after-watchdog-citizen-points-out-parking-error/","",post,publish,exclude-legacy-post,no,no
"https://people.utm.my/murtadha/2016/05/15/boy-makes-puppy-watch-youtube-tutorials-in-lieu-of-obedience-school/","",post,publish,exclude-legacy-post,no,no
"https://people.utm.my/murtadha/2016/05/15/obama-and-macklemore-collab-on-a-dope-track-about-drug-addiction/","",post,publish,exclude-legacy-post,no,no
"https://people.utm.my/murtadha/2016/05/15/man-turns-8-years-of-daily-selfies-into-stunning-timelapse-video/","",post,publish,exclude-legacy-post,no,no
"https://people.utm.my/murtadha/2016/05/15/ukraine-wins-eurovision-with-powerful-performance-targeting-russia/","",post,publish,exclude-legacy-post,no,no
"https://people.utm.my/murtadha/2016/05/15/reigning-champ-performs-impressive-hoverboard-dance-at-eurovision-final/","",post,publish,exclude-legacy-post,no,no
"https://people.utm.my/murtadha/2016/05/15/unlucky-womans-gps-led-her-straight-into-a-lake/","",post,publish,exclude-legacy-post,no,no
"https://people.utm.my/murtadha/2016/05/15/earth-just-recorded-its-warmest-april-on-record-and-it-wasnt-even-close/","",post,publish,exclude-legacy-post,no,no
"https://people.utm.my/murtadha/2016/05/15/16-things-the-internet-sliced-in-half-for-your-peeking-pleasure/","",post,publish,exclude-legacy-post,no,no
"https://people.utm.my/murtadha/2016/05/15/eager-pup-escapes-yard-commutes-to-doggie-daycare-by-himself/","",post,publish,exclude-legacy-post,no,no
"https://people.utm.my/murtadha/2016/05/15/circus-apologises-to-man-knocked-out-by-clown/","",post,publish,exclude-legacy-post,no,no
"https://people.utm.my/murtadha/2016/05/15/bromance-nightmare-vladimir-putin-kisses-donald-trump-on-the-lips-in-mural/","",post,publish,exclude-legacy-post,no,no
"https://people.utm.my/murtadha/2016/05/15/apple-acknowledges-itunes-music-deletion-bug-promises-fix/","",post,publish,exclude-legacy-post,no,no
"https://people.utm.my/murtadha/2016/05/15/captain-america-star-bears-eerie-resemblance-to-luke-skywalker/","",post,publish,exclude-legacy-post,no,no
"https://people.utm.my/murtadha/2016/05/15/are-diamonds-really-forever-the-hydraulic-press-says-otherwise/","",post,publish,exclude-legacy-post,no,no
"https://people.utm.my/murtadha/2016/05/15/american-presidents-and-their-weird-relationships-with-ufo-conspiracy-theories/","",post,publish,exclude-legacy-post,no,no
"https://people.utm.my/murtadha/2016/05/14/chance-the-rappers-coloring-book-is-an-early-contender-for-rap-album-of-the-year/","",post,publish,exclude-legacy-post,no,no
"https://people.utm.my/murtadha/2016/05/14/obama-tweets-69-percent-statistic-twitters-pretty-into-it/","",post,publish,exclude-legacy-post,no,no
"https://people.utm.my/murtadha/2016/05/14/eliminated-amazing-race-teams-dish-on-experiences-ahead-of-finale/","",post,publish,exclude-legacy-post,no,no
"https://people.utm.my/murtadha/2016/05/14/court-gets-cut-short-after-smelly-weed-found-in-mans-underwear/","",post,publish,exclude-legacy-post,no,no
"https://people.utm.my/murtadha/2016/05/14/imaginative-criminal-smuggles-beer-out-of-gas-station-inside-her-skirt/","",post,publish,exclude-legacy-post,no,no
"https://people.utm.my/murtadha/2016/05/14/why-did-instagram-change-its-logo-now/","",post,publish,exclude-legacy-post,no,no
"https://people.utm.my/murtadha/2016/05/14/which-youtube-star-won-this-season-of-amazing-race/","",post,publish,exclude-legacy-post,no,no
"https://people.utm.my/murtadha/2016/05/14/striking-murals-turn-google-data-centers-into-pieces-of-art/","",post,publish,exclude-legacy-post,no,no
"https://people.utm.my/murtadha/2016/05/14/finally-average-joes-can-invest-in-and-lose-money-on-startups/","",post,publish,exclude-legacy-post,no,no
"https://people.utm.my/murtadha/2016/05/14/ncis-cast-bids-farewell-to-michael-weatherly-in-sweet-video/","",post,publish,exclude-legacy-post,no,no
"https://people.utm.my/murtadha/2016/05/14/ariana-grandes-new-song-everyday-featuring-future-is-a-summer-banger/","",post,publish,exclude-legacy-post,no,no
"https://people.utm.my/murtadha/2016/05/14/meat-backpacks-are-a-rare-and-delicious-looking-fashion-accessory/","",post,publish,exclude-legacy-post,no,no
"https://people.utm.my/murtadha/2016/05/14/drakes-beard-is-gone-and-so-is-all-hope-in-this-dumpster-of-a-world/","",post,publish,exclude-legacy-post,no,no
"https://people.utm.my/murtadha/2016/05/14/amazons-customizable-dash-button-sold-out-in-less-than-a-day/","",post,publish,exclude-legacy-post,no,no
"https://people.utm.my/murtadha/2016/05/14/beyond-beanbags-how-to-build-a-sustainable-mission-driven-company-culture/","",post,publish,exclude-legacy-post,no,no
"https://people.utm.my/murtadha/2016/05/14/why-instagrams-new-icon-and-black-and-white-design-suck/","",post,publish,exclude-legacy-post,no,no
"https://people.utm.my/murtadha/2016/05/13/spanish-football-team-unveils-spectacularly-bizarre-new-kit-design/","",post,publish,exclude-legacy-post,no,no
"https://people.utm.my/murtadha/2016/05/13/a-century-of-furry-feline-beauty-in-just-60-seconds/","",post,publish,exclude-legacy-post,no,no
"https://people.utm.my/murtadha/2016/05/13/refugee-arrivals-in-greece-drop-90-as-syrians-remain-stuck-in-turkey/","",post,publish,exclude-legacy-post,no,no
"https://people.utm.my/murtadha/2016/05/13/comedian-rips-apart-the-objectification-of-women-in-indian-advertising/","",post,publish,exclude-legacy-post,no,no
"https://people.utm.my/murtadha/2016/05/13/rival-indian-political-parties-end-up-using-the-same-actor-in-their-election-campaign-ads/","",post,publish,exclude-legacy-post,no,no
"https://people.utm.my/murtadha/2016/05/13/these-are-all-the-broadcast-shows-that-wont-return-next-season/","",post,publish,exclude-legacy-post,no,no
"https://people.utm.my/murtadha/2016/05/13/meghan-trainor-takes-tragic-hilarious-tumble-on-fallon/","",post,publish,exclude-legacy-post,no,no
"https://people.utm.my/murtadha/2016/05/13/these-are-all-the-broadcast-shows-definitely-returning-next-season/","",post,publish,exclude-legacy-post,no,no
"https://people.utm.my/murtadha/2016/05/13/squealing-otters-couldnt-be-happier-to-eat-their-lunch/","",post,publish,exclude-legacy-post,no,no
"https://people.utm.my/murtadha/2016/05/13/prk-serentak-kuala-kangsar-sungai-besar-spr/","",post,publish,exclude-legacy-post,no,no
"https://people.utm.my/murtadha/2016/05/13/patient-dog-waits-in-line-for-the-ice-cream-truck/","",post,publish,exclude-legacy-post,no,no
"https://people.utm.my/murtadha/2016/05/13/calvin-kleins-upskirt-photo-ad-is-really-creeping-people-out/","",post,publish,exclude-legacy-post,no,no
"https://people.utm.my/murtadha/2016/05/13/after-all-the-drama-abc-has-canceled-castle/","",post,publish,exclude-legacy-post,no,no
"https://people.utm.my/murtadha/2016/05/13/mark-zuckerberg-and-selena-gomez-meet-in-tiny-room-to-talk-business/","",post,publish,exclude-legacy-post,no,no
"https://people.utm.my/murtadha/2016/05/13/the-most-outrageous-things-trumps-white-nationalist-delegate-has-said/","",post,publish,exclude-legacy-post,no,no
"https://people.utm.my/murtadha/2016/05/13/mark-zuckerberg-wants-to-talk-to-conservatives-after-trending-topics-fuss/","",post,publish,exclude-legacy-post,no,no
"https://people.utm.my/murtadha/2016/05/13/you-can-buy-this-entire-australian-town-for-less-than-a-city-apartment/","",post,publish,exclude-legacy-post,no,no
"https://people.utm.my/murtadha/2016/05/13/apple-invests-1-billion-in-chinas-biggest-ride-sharing-company/","",post,publish,exclude-legacy-post,no,no
"https://people.utm.my/murtadha/2016/05/13/a-piece-of-space-junk-chipped-one-of-the-space-stations-huge-windows/","",post,publish,exclude-legacy-post,no,no
"https://people.utm.my/murtadha/2016/05/13/homer-simpson-celebrates-his-60th-birthday-today/","",post,publish,exclude-legacy-post,no,no
"https://people.utm.my/murtadha/2016/05/13/dad-finds-out-the-hard-way-that-hes-too-big-for-the-kid-slide/","",post,publish,exclude-legacy-post,no,no
"https://people.utm.my/murtadha/2016/05/13/fox-news-host-internet-stacked-against-conservative-thought/","",post,publish,exclude-legacy-post,no,no
"https://people.utm.my/murtadha/2016/05/13/serena-williams-tries-gourmet-dog-food-confirms-it-is-not-for-people/","",post,publish,exclude-legacy-post,no,no
"https://people.utm.my/murtadha/2016/05/13/googles-new-iphone-keyboard-puts-search-emojis-and-gifs-front-and-center/","",post,publish,exclude-legacy-post,no,no
"https://people.utm.my/murtadha/2016/05/13/cast-of-cbss-braindead-battles-americas-pests-in-new-photos/","",post,publish,exclude-legacy-post,no,no
"https://people.utm.my/murtadha/2016/05/13/finally-proof-that-facebooks-news-is-just-old-stories-from-mainstream-media/","",post,publish,exclude-legacy-post,no,no
"https://people.utm.my/murtadha/2016/05/12/penguat-kuasa-kastam-dalang-seludup-kura-kura/","",post,publish,exclude-legacy-post,no,no
"https://people.utm.my/murtadha/2016/05/12/tiga-maut-enam-cedera-nahas-tiga-kenderaan/","",post,publish,exclude-legacy-post,no,no
"https://people.utm.my/murtadha/2016/05/12/4-hilang-di-perairan-kudat-dijangka-tiba-di-kk-pagi-esok/","",post,publish,exclude-legacy-post,no,no
"https://people.utm.my/murtadha/2016/05/12/australian-couple-whose-children-died-in-mh17-crash-give-birth-to-baby-girl/","",post,publish,exclude-legacy-post,no,no
"https://people.utm.my/murtadha/2016/05/12/assassins-creed-movie-trailer-is-just-as-beautiful-as-the-game/","",post,publish,exclude-legacy-post,no,no
"https://people.utm.my/murtadha/2016/05/12/large-sinkhole-swallows-car-in-london/","",post,publish,exclude-legacy-post,no,no
"https://people.utm.my/murtadha/2016/05/12/the-australian-startup-bringing-the-doctors-office-into-american-homes/","",post,publish,exclude-legacy-post,no,no
"https://people.utm.my/murtadha/2016/05/12/lord-of-the-rings-volcano-may-be-alive/","",post,publish,exclude-legacy-post,no,no
"https://people.utm.my/murtadha/2016/05/12/ride-hailing-app-offers-passenger-1-50-refund-after-driver-picks-her-up-pantless/","",post,publish,exclude-legacy-post,no,no
"https://people.utm.my/murtadha/2016/05/12/game-of-thrones-star-rose-leslie-surprises-with-response-to-jon-snow-question/","",post,publish,exclude-legacy-post,no,no
"https://people.utm.my/murtadha/2016/05/12/4-hilang-di-perairan-kudat-ditemui-selamat/","",post,publish,exclude-legacy-post,no,no
"https://people.utm.my/murtadha/2016/05/12/russian-medieval-re-enactor-takes-down-annoying-drone-with-javelin/","",post,publish,exclude-legacy-post,no,no
"https://people.utm.my/murtadha/2016/05/12/fractures-seen-in-rapidly-melting-arctic-sea-ice-and-its-only-may/","",post,publish,exclude-legacy-post,no,no
"https://people.utm.my/murtadha/2016/05/12/scenes-of-devastation-in-fort-mcmurray-canada-following-massive-wildfire/","",post,publish,exclude-legacy-post,no,no
"https://people.utm.my/murtadha/2016/05/12/mvp-life-steph-currys-house-is-for-sale-so-lets-take-a-tour/","",post,publish,exclude-legacy-post,no,no
"https://people.utm.my/murtadha/2016/05/12/high-speed-chase-ends-with-police-beating-suspect-on-live-tv/","",post,publish,exclude-legacy-post,no,no
"https://people.utm.my/murtadha/2016/05/12/a-fake-funeral-home-wants-people-to-text-and-drive/","",post,publish,exclude-legacy-post,no,no
"https://people.utm.my/murtadha/2016/05/12/australias-prime-minister-named-in-panama-papers/","",post,publish,exclude-legacy-post,no,no
"https://people.utm.my/murtadha/2016/05/12/adorable-little-kid-attempts-to-fend-off-attack-by-3-adorable-puppies/","",post,publish,exclude-legacy-post,no,no
"https://people.utm.my/murtadha/2016/05/12/44-books-on-44-presidents-my-struggle-with-ulysses-grant/","",post,publish,exclude-legacy-post,no,no
"https://people.utm.my/murtadha/2016/05/12/nest-opens-its-smart-home-thread-framework-to-third-party-developers/","",post,publish,exclude-legacy-post,no,no
"https://people.utm.my/murtadha/2016/05/12/instagram-debuts-new-logo-internet-promptly-freaks-out/","",post,publish,exclude-legacy-post,no,no
"https://people.utm.my/murtadha/2016/05/12/donald-trump-thinks-donald-trump-deserves-credit-for-budweiser-naming-its-beer-america/","",post,publish,exclude-legacy-post,no,no
"https://people.utm.my/murtadha/2016/05/12/badass-golfer-strips-wades-into-water-feature-to-rescue-baby-bird/","",post,publish,exclude-legacy-post,no,no
"https://people.utm.my/murtadha/2016/05/12/how-civilization-vi-aims-to-improve-upon-perfection/","",post,publish,exclude-legacy-post,no,no
"https://people.utm.my/murtadha/2016/05/12/photo-of-female-servers-bloody-feet-highlights-restaurants-unfair-uniform-policy/","",post,publish,exclude-legacy-post,no,no
"https://people.utm.my/murtadha/2016/05/12/petition-calls-for-ban-on-office-dress-codes-that-require-high-heels/","",post,publish,exclude-legacy-post,no,no
"https://people.utm.my/murtadha/2016/05/12/you-can-now-tour-harry-potters-childhood-home-in-london/","",post,publish,exclude-legacy-post,no,no
"https://people.utm.my/murtadha/2016/05/11/how-a-family-with-13-kids-piled-into-one-car/","",post,publish,exclude-legacy-post,no,no
"https://people.utm.my/murtadha/2016/05/11/the-line-in-loretta-lynchs-defense-of-transgender-rights-that-made-everyone-cry/","",post,publish,exclude-legacy-post,no,no
"https://people.utm.my/murtadha/2016/05/11/striking-satellite-images-show-fort-mcmurray-before-and-after-wildfire/","",post,publish,exclude-legacy-post,no,no
"https://people.utm.my/murtadha/2016/05/11/watch-desiigners-wild-new-video-for-panda-featuring-kanye-west/","",post,publish,exclude-legacy-post,no,no
"https://people.utm.my/murtadha/2016/05/11/ancient-axe-find-shows-australians-have-long-been-tech-innovators/","",post,publish,exclude-legacy-post,no,no
"https://people.utm.my/murtadha/2016/05/11/smoothie-the-cat-is-americas-next-top-feline-model/","",post,publish,exclude-legacy-post,no,no
"https://people.utm.my/murtadha/2016/05/11/hyperloop-tech-prepares-for-historic-public-test-changes-name/","",post,publish,exclude-legacy-post,no,no
"https://people.utm.my/murtadha/2016/05/11/chris-hemsworths-stunt-double-ate-35-times-a-day-to-attain-pecs-like-thor/","",post,publish,exclude-legacy-post,no,no
"https://people.utm.my/murtadha/2016/05/11/proof-that-a-6-hour-workday-could-be-the-right-move-for-your-company/","",post,publish,exclude-legacy-post,no,no
"https://people.utm.my/murtadha/2016/05/11/cool-mom-unwittingly-packs-four-loko-in-daughters-lunch/","",post,publish,exclude-legacy-post,no,no
"https://people.utm.my/murtadha/2016/05/11/smartphone-and-internet-usage-is-on-the-rise-in-developing-economies/","",post,publish,exclude-legacy-post,no,no
"https://people.utm.my/murtadha/2016/05/11/30-year-old-feline-scooter-is-the-worlds-oldest-living-cat/","",post,publish,exclude-legacy-post,no,no
"https://people.utm.my/murtadha/2016/05/11/a-whos-who-at-brooklyns-coolest-innovation-hub/","",post,publish,exclude-legacy-post,no,no
"https://people.utm.my/murtadha/2016/05/11/this-moms-graduation-dream-is-33-years-in-the-making/","",post,publish,exclude-legacy-post,no,no
"https://people.utm.my/murtadha/2016/05/11/unstoppable-baby-nfl-player-antonio-cromartie-fathers-twins-after-vasectomy/","",post,publish,exclude-legacy-post,no,no
"https://people.utm.my/murtadha/2016/05/11/stephs-just-the-start-under-armour-athletes-are-on-an-insane-hot-streak/","",post,publish,exclude-legacy-post,no,no
"https://people.utm.my/murtadha/2016/05/10/pencuri-kelapa-dicekup-penduduk-kampung/","",post,publish,exclude-legacy-post,no,no
"https://people.utm.my/murtadha/2016/05/10/this-artist-creates-insanely-intricate-artworks-out-of-saws/","",post,publish,exclude-legacy-post,no,no
"https://people.utm.my/murtadha/2016/05/10/indian-police-gets-first-fleet-of-drones-uses-them-to-monitor-illegal-mining/","",post,publish,exclude-legacy-post,no,no
"https://people.utm.my/murtadha/2016/05/10/startup-helps-aussie-students-reach-the-international-space-station/","",post,publish,exclude-legacy-post,no,no
"https://people.utm.my/murtadha/2016/05/10/helicopter-flies-too-close-to-portable-toilets-complete-carnage-ensues/","",post,publish,exclude-legacy-post,no,no
"https://people.utm.my/murtadha/2016/05/10/vagina-kayak-artist-found-guilty-of-obscenity-in-japan/","",post,publish,exclude-legacy-post,no,no
"https://people.utm.my/murtadha/2016/05/10/daisy-ridley-proves-shes-the-most-down-to-earth-celeb-on-instagram-yet-again/","",post,publish,exclude-legacy-post,no,no
"https://people.utm.my/murtadha/2016/05/10/zayn-releases-laser-filled-tron-style-video-for-like-i-would/","",post,publish,exclude-legacy-post,no,no
"https://people.utm.my/murtadha/2016/05/10/xiaomi-mi-max-is-a-6-44-inch-behemoth-of-a-phone/","",post,publish,exclude-legacy-post,no,no
"https://people.utm.my/murtadha/2016/05/10/j-k-rowling-emma-watson-want-a-very-important-statue-erected-in-london/","",post,publish,exclude-legacy-post,no,no
"https://people.utm.my/murtadha/2016/05/10/delta-passengers-watched-engine-cover-fall-off-at-28000-feet/","",post,publish,exclude-legacy-post,no,no
"https://people.utm.my/murtadha/2016/05/10/new-yorker-cover-brings-manhattan-to-life-in-augmented-reality/","",post,publish,exclude-legacy-post,no,no
"https://people.utm.my/murtadha/2016/05/10/strong-solar-storm-sparks-gorgeous-dancing-auroras/","",post,publish,exclude-legacy-post,no,no
"https://people.utm.my/murtadha/2016/05/10/why-a-dedicated-homekit-app-in-ios-10-is-exactly-what-apple-needs/","",post,publish,exclude-legacy-post,no,no
"https://people.utm.my/murtadha/2016/05/10/meghan-trainors-thank-you-is-aggressively-pro-meghan-trainor/","",post,publish,exclude-legacy-post,no,no
"https://people.utm.my/murtadha/2016/05/10/puppy-has-a-head-on-approach-to-swimming-in-the-pool/","",post,publish,exclude-legacy-post,no,no
"https://people.utm.my/murtadha/2016/05/10/texas-voters-approve-62-8-million-high-school-football-stadium/","",post,publish,exclude-legacy-post,no,no
"https://people.utm.my/murtadha/2016/05/10/meghan-trainor-pulled-her-me-too-video-over-the-photoshopping-of-her-waist/","",post,publish,exclude-legacy-post,no,no
"https://people.utm.my/murtadha/2016/05/10/metallica-serenaded-birthday-boy-willie-mays-at-a-giants-game/","",post,publish,exclude-legacy-post,no,no
"https://people.utm.my/murtadha/2016/05/09/the-direwolf-incident-from-sundays-game-of-thrones-has-fans-up-in-arms/","",post,publish,exclude-legacy-post,no,no
"https://people.utm.my/murtadha/2016/05/09/captain-america-civil-war-cast-among-first-guests-on-chelsea-handlers-new-netflix-show/","",post,publish,exclude-legacy-post,no,no
"https://people.utm.my/murtadha/2016/05/09/kendrick-and-morty-turn-it-up-a-notch-with-swimming-pools-drank/","",post,publish,exclude-legacy-post,no,no
"https://people.utm.my/murtadha/2016/05/09/russell-simmons-tim-robbins-will-produce-video-shows-for-spotify/","",post,publish,exclude-legacy-post,no,no
"https://people.utm.my/murtadha/2016/05/09/dog-loves-nothing-more-than-the-cold-shower-floor/","",post,publish,exclude-legacy-post,no,no
"https://people.utm.my/murtadha/2016/05/09/watch-keshas-devastating-cover-of-lady-gagas-sexual-assault-song-till-it-happens-to-you/","",post,publish,exclude-legacy-post,no,no
"https://people.utm.my/murtadha/2016/05/09/sylvester-stallone-is-bringing-ninja-warrior-esque-series-to-netflix/","",post,publish,exclude-legacy-post,no,no
"https://people.utm.my/murtadha/2016/05/09/washing-your-hair-just-got-a-lot-more-painful-thanks-to-this-robot/","",post,publish,exclude-legacy-post,no,no
"https://people.utm.my/murtadha/2016/05/09/penggantungan-78-pemain-antara-1994-1995-berakhir/","",post,publish,exclude-legacy-post,no,no
"https://people.utm.my/murtadha/2016/05/09/game-of-thrones-came-close-to-exploring-a-major-theory-in-the-latest-episode/","",post,publish,exclude-legacy-post,no,no
"https://people.utm.my/murtadha/2016/05/09/serena-williams-spills-details-about-her-twerking-cameo-in-lemonade/","",post,publish,exclude-legacy-post,no,no
"https://people.utm.my/murtadha/2016/05/09/johnny-depp-clearly-does-not-forgive-australia-for-pistol-and-boo-travesty/","",post,publish,exclude-legacy-post,no,no
"https://people.utm.my/murtadha/2016/05/09/aussie-guys-encouraged-to-say-no-thanks-mate-to-male-only-panels/","",post,publish,exclude-legacy-post,no,no
"https://people.utm.my/murtadha/2016/05/09/guns-n-roses-axl-rose-shines-in-new-job-as-frontman-for-rock-legends-acdc/","",post,publish,exclude-legacy-post,no,no
"https://people.utm.my/murtadha/2016/05/09/hong-kong-mums-breastfeed-in-public-to-protest-haters/","",post,publish,exclude-legacy-post,no,no
"https://people.utm.my/murtadha/2016/05/09/the-good-wife-creators-explain-why-the-show-had-to-end-the-way-it-did/","",post,publish,exclude-legacy-post,no,no
"https://people.utm.my/murtadha/2016/05/09/thousands-march-to-support-lgbtq-visibility-in-japan/","",post,publish,exclude-legacy-post,no,no
"https://people.utm.my/murtadha/2016/05/09/sebagai-pemimpin-saya-tak-boleh-gelabah-najib/","",post,publish,exclude-legacy-post,no,no
"https://people.utm.my/murtadha/2016/05/09/parlimen-sungai-besar-kerusi-tradisi-pas-iskandar-samad/","",post,publish,exclude-legacy-post,no,no
"https://people.utm.my/murtadha/2016/05/09/bunuh-kerana-tidak-tahan-dibuli/","",post,publish,exclude-legacy-post,no,no
"https://people.utm.my/murtadha/2016/05/09/mayat-juruterbang-helikopter-ditemui/","",post,publish,exclude-legacy-post,no,no
"https://people.utm.my/murtadha/2016/05/09/penyokong-jdt-tak-anggap-tiket-rm50-beban/","",post,publish,exclude-legacy-post,no,no
"https://people.utm.my/murtadha/2016/05/09/captain-america-knocks-out-iron-man-in-a-civil-war-box-office-win/","",post,publish,exclude-legacy-post,no,no
"https://people.utm.my/murtadha/2016/05/09/obama-admits-the-truth-we-all-knew-already-beyonce-runs-the-world/","",post,publish,exclude-legacy-post,no,no
"https://people.utm.my/murtadha/2016/05/09/how-to-make-a-personalized-lemonade-pitcher-inspired-by-beyonc/","",post,publish,exclude-legacy-post,no,no
"https://people.utm.my/murtadha/2016/05/09/adorable-llama-with-no-drama-instagram-account-is-here-to-help-you-de-stress/","",post,publish,exclude-legacy-post,no,no
"https://people.utm.my/murtadha/2016/05/09/26-snazzy-pool-floats-thatll-make-a-splash-this-summer/","",post,publish,exclude-legacy-post,no,no
"https://people.utm.my/murtadha/2016/05/09/16-cats-that-are-absolutely-terrible-at-hide-and-seek/","",post,publish,exclude-legacy-post,no,no
"https://people.utm.my/murtadha/2016/05/09/girl-tries-to-eat-corn-from-a-power-drill-rips-out-hair-instead/","",post,publish,exclude-legacy-post,no,no
"https://people.utm.my/murtadha/2016/05/09/lawyer-who-hates-drunk-drivers-gets-charged-with-dui/","",post,publish,exclude-legacy-post,no,no
"https://people.utm.my/murtadha/2016/05/09/creating-graffiti-in-vr-looks-so-real-you-can-almost-smell-the-fumes/","",post,publish,exclude-legacy-post,no,no
"https://people.utm.my/murtadha/2016/05/09/neelofa-bintang-paling-popular-abpbh-29/","",post,publish,exclude-legacy-post,no,no
"https://people.utm.my/murtadha/2016/05/08/scorched-remains-haunting-images-from-a-city-destroyed-by-wildfire/","",post,publish,exclude-legacy-post,no,no
"https://people.utm.my/murtadha/2016/05/08/dana-carveys-church-lady-returns-to-snl-to-interview-orange-mannequin-donald-trump/","",post,publish,exclude-legacy-post,no,no
"https://people.utm.my/murtadha/2016/05/08/snl-is-all-of-us-just-endlessly-waiting-for-jon-snow/","",post,publish,exclude-legacy-post,no,no
"https://people.utm.my/murtadha/2016/05/08/uber-and-lyft-threaten-to-leave-austin-after-proposition-1-loss/","",post,publish,exclude-legacy-post,no,no
"https://people.utm.my/murtadha/2016/05/08/inside-the-organisation-that-rates-everything-britain-watches/","",post,publish,exclude-legacy-post,no,no
"https://people.utm.my/murtadha/2016/05/08/9-parent-hacks-that-could-truly-save-the-day/","",post,publish,exclude-legacy-post,no,no
"https://people.utm.my/murtadha/2016/05/08/the-best-way-to-support-every-mother-on-the-planet-starting-now/","",post,publish,exclude-legacy-post,no,no
"https://people.utm.my/murtadha/2016/05/08/toast-the-dog-takes-modeling-lessons-from-gigi-hadids-instagram/","",post,publish,exclude-legacy-post,no,no
"https://people.utm.my/murtadha/2016/05/08/kusyen-serpihan-ekor-helikopter-ditemui/","",post,publish,exclude-legacy-post,no,no
"https://people.utm.my/murtadha/2016/05/08/el-chapo-is-moved-to-a-prison-just-south-of-the-texas-border/","",post,publish,exclude-legacy-post,no,no
"https://people.utm.my/murtadha/2016/05/08/passenger-mistakes-math-equations-for-terrorist-code-gets-economics-professor-escorted-off-flight/","",post,publish,exclude-legacy-post,no,no
"https://people.utm.my/murtadha/2016/05/08/nike-showcases-sports-recovery-chair-that-heats-cools-with-style/","",post,publish,exclude-legacy-post,no,no
"https://people.utm.my/murtadha/2016/05/08/new-app-lets-you-access-amazons-alexa-on-your-iphone/","",post,publish,exclude-legacy-post,no,no
"https://people.utm.my/murtadha/2016/05/08/students-surprise-teacher-with-2-kittens-after-her-beloved-cat-dies/","",post,publish,exclude-legacy-post,no,no
"https://people.utm.my/murtadha/2016/05/08/apple-links-up-with-facebook-to-help-you-honor-mom-on-mothers-day/","",post,publish,exclude-legacy-post,no,no
"https://people.utm.my/murtadha/2016/05/08/kentucky-derby-favorite-nyquist-just-made-a-perfect-run-for-the-roses/","",post,publish,exclude-legacy-post,no,no
"https://people.utm.my/murtadha/2016/05/08/5-cant-miss-apps-taxilater-sochat-launcher-and-more/","",post,publish,exclude-legacy-post,no,no
"https://people.utm.my/murtadha/2016/05/08/ever-wondered-why-you-shouldnt-look-directly-at-the-sun-this-is-why/","",post,publish,exclude-legacy-post,no,no
"https://people.utm.my/murtadha/2016/05/08/sonar-dron-bantu-operasi-mencari-hari-keempat/","",post,publish,exclude-legacy-post,no,no
"https://people.utm.my/murtadha/2016/05/08/rescue-kitten-zooms-around-on-his-fancy-new-lego-wheelchair/","",post,publish,exclude-legacy-post,no,no
"https://people.utm.my/murtadha/2016/05/08/adorable-toddler-attempts-to-outcrawl-stampede-of-pug-puppies/","",post,publish,exclude-legacy-post,no,no
"https://people.utm.my/murtadha/2016/05/08/the-spectacular-engineering-feats-that-brought-drinking-water-to-nyc/","",post,publish,exclude-legacy-post,no,no
"https://people.utm.my/murtadha/2016/05/08/adele-pauses-own-concert-to-praise-her-queen-beyonc/","",post,publish,exclude-legacy-post,no,no
"https://people.utm.my/murtadha/2016/05/08/tweetbot-has-a-cure-for-twitters-140-character-limit-woes/","",post,publish,exclude-legacy-post,no,no
"https://people.utm.my/murtadha/2016/05/08/ill-fated-bike-jump-could-have-used-a-few-more-practice-rounds/","",post,publish,exclude-legacy-post,no,no
"https://people.utm.my/murtadha/2016/05/08/htc-vive-experiment-delivers-full-arm-tracking-in-virtual-reality/","",post,publish,exclude-legacy-post,no,no
"https://people.utm.my/murtadha/2016/05/08/kind-dog-comforts-injured-friend-at-clinic/","",post,publish,exclude-legacy-post,no,no
"https://people.utm.my/murtadha/2016/05/07/nahas-helikopter-mayat-kelima-ditemui/","",post,publish,exclude-legacy-post,no,no
"https://people.utm.my/murtadha/2016/05/07/chelsea-handlers-captain-america-dinner-party-takes-a-turn/","",post,publish,exclude-legacy-post,no,no
"https://people.utm.my/murtadha/2016/05/07/princes-family-planning-memorial-service-to-remember-him-the-right-way/","",post,publish,exclude-legacy-post,no,no
"https://people.utm.my/murtadha/2016/05/07/first-global-elevation-map-of-mercury-looks-like-a-hikers-dream/","",post,publish,exclude-legacy-post,no,no
"https://people.utm.my/murtadha/2016/05/07/vice-adds-6-new-digital-channels-20-more-tv-channels-worldwide/","",post,publish,exclude-legacy-post,no,no
"https://people.utm.my/murtadha/2016/05/07/seized-tiny-homes-saved-from-the-dump-can-once-again-help-homeless/","",post,publish,exclude-legacy-post,no,no
"https://people.utm.my/murtadha/2016/05/07/2000-led-tagged-pigeons-light-up-new-york-citys-skyline/","",post,publish,exclude-legacy-post,no,no
"https://people.utm.my/murtadha/2016/05/07/jasad-kedua-sah-datuk-dr-sundaran/","",post,publish,exclude-legacy-post,no,no
"https://people.utm.my/murtadha/2016/05/07/single-propeller-drone-flies-when-you-throw-it-like-a-frisbee/","",post,publish,exclude-legacy-post,no,no
"https://people.utm.my/murtadha/2016/05/07/strangers-help-bride-get-new-dress-after-hers-was-lost-in-massive-wildfire/","",post,publish,exclude-legacy-post,no,no
"https://people.utm.my/murtadha/2016/05/07/messing-around-with-this-virtual-theremin-is-completely-addicting/","",post,publish,exclude-legacy-post,no,no
"https://people.utm.my/murtadha/2016/05/07/tren-bertembung-di-stesen-komuter-batang-kali/","",post,publish,exclude-legacy-post,no,no
"https://people.utm.my/murtadha/2016/05/07/sheryl-sandberg-honors-single-moms-in-beautiful-mothers-day-post/","",post,publish,exclude-legacy-post,no,no
"https://people.utm.my/murtadha/2016/05/07/this-spooky-confusing-cat-photo-will-make-you-do-a-double-take/","",post,publish,exclude-legacy-post,no,no
"https://people.utm.my/murtadha/2016/05/07/surprise-meghan-trainors-new-album-is-available-to-stream-right-now/","",post,publish,exclude-legacy-post,no,no
"https://people.utm.my/murtadha/2016/05/07/whats-thom-yorke-mumbling-about-at-the-end-of-daydreaming/","",post,publish,exclude-legacy-post,no,no
"https://people.utm.my/murtadha/2016/05/07/justin-bieber-feels-misunderstood-after-his-latest-nightclub-fight/","",post,publish,exclude-legacy-post,no,no
"https://people.utm.my/murtadha/2016/05/07/syrians-who-fled-war-now-flee-canadas-wildfire/","",post,publish,exclude-legacy-post,no,no
"https://people.utm.my/murtadha/2016/05/07/facebook-is-testing-a-feature-that-lets-you-find-more-groups/","",post,publish,exclude-legacy-post,no,no
"https://people.utm.my/murtadha/2016/05/07/sports-trump-colin-cowherd-and-the-racial-dog-whistling-of-an-nba-superstar/","",post,publish,exclude-legacy-post,no,no
"https://people.utm.my/murtadha/2016/05/07/step-into-miyazakis-world-with-studio-ghibli-virtual-reality/","",post,publish,exclude-legacy-post,no,no
"https://people.utm.my/murtadha/2016/05/06/knocked-up-email-from-scottish-politician-bemuses-voters/","",post,publish,exclude-legacy-post,no,no
"https://people.utm.my/murtadha/2016/05/06/adorable-baby-kangaroo-gets-soapy-bath-and-blow-dry/","",post,publish,exclude-legacy-post,no,no
"https://people.utm.my/murtadha/2016/05/06/these-sliding-seats-give-sports-fans-a-close-up-view-of-the-whole-pitch/","",post,publish,exclude-legacy-post,no,no
"https://people.utm.my/murtadha/2016/05/06/a-brief-history-of-radioheads-prickly-relationship-with-the-internet/","",post,publish,exclude-legacy-post,no,no
"https://people.utm.my/murtadha/2016/05/06/19-better-things-to-say-to-your-mom-on-mothers-day-than-oh-sht-thats-today/","",post,publish,exclude-legacy-post,no,no
"https://people.utm.my/murtadha/2016/05/06/okcupid-slammed-for-offensive-and-discriminatory-survey-question/","",post,publish,exclude-legacy-post,no,no
"https://people.utm.my/murtadha/2016/05/06/3-times-you-should-hit-reset-on-the-job-search-and-how-to-do-it/","",post,publish,exclude-legacy-post,no,no
"https://people.utm.my/murtadha/2016/05/06/chinese-miners-are-nearly-unrecognizable-at-the-end-of-a-long-day-of-work/","",post,publish,exclude-legacy-post,no,no
"https://people.utm.my/murtadha/2016/05/06/is-the-iphone-7-going-to-have-a-damn-headphone-jack-or-not/","",post,publish,exclude-legacy-post,no,no
"https://people.utm.my/murtadha/2016/05/06/russian-orchestra-plays-moving-concert-in-syrias-war-torn-palmyra/","",post,publish,exclude-legacy-post,no,no
"https://people.utm.my/murtadha/2016/05/06/the-new-hampshire-animal-park-that-ran-a-gorilla-for-president/","",post,publish,exclude-legacy-post,no,no
"https://people.utm.my/murtadha/2016/05/06/facebook-gets-in-mothers-day-spirit-with-flowers-in-messenger/","",post,publish,exclude-legacy-post,no,no
"https://people.utm.my/murtadha/2016/05/06/joe-paterno-allegedly-heard-of-jerry-sandusky-abuse-as-early-as-1976/","",post,publish,exclude-legacy-post,no,no
"https://people.utm.my/murtadha/2016/05/06/greys-anatomy-explored-motherhood-like-only-it-can-heartbreakingly/","",post,publish,exclude-legacy-post,no,no
"https://people.utm.my/murtadha/2016/05/06/ford-invests-182-2-million-in-cloud-based-software-company/","",post,publish,exclude-legacy-post,no,no
"https://people.utm.my/murtadha/2016/05/06/photos-and-videos-show-devastation-of-canadian-wildfires/","",post,publish,exclude-legacy-post,no,no
"https://people.utm.my/murtadha/2016/05/06/this-is-how-stunning-vr-video-from-gopros-omni-camera-looks/","",post,publish,exclude-legacy-post,no,no
"https://people.utm.my/murtadha/2016/05/06/gopros-drone-delayed-until-the-holidays/","",post,publish,exclude-legacy-post,no,no
"https://people.utm.my/murtadha/2016/05/06/4-militan-maut-dalam-serbuan-berhampiran-makkah/","",post,publish,exclude-legacy-post,no,no
"https://people.utm.my/murtadha/2016/05/06/these-women-want-to-text-you-positive-affirmations-all-day/","",post,publish,exclude-legacy-post,no,no
"https://people.utm.my/murtadha/2016/05/06/3d-printing-vending-machines-aim-to-customize-your-food/","",post,publish,exclude-legacy-post,no,no
"https://people.utm.my/murtadha/2016/05/06/windows-10-hits-300-million-devices-as-it-winds-down-free-upgrades/","",post,publish,exclude-legacy-post,no,no
"https://people.utm.my/murtadha/2016/05/06/kfcs-edible-nail-polish-seems-finger-lickin-terrible/","",post,publish,exclude-legacy-post,no,no
"https://people.utm.my/murtadha/2016/05/06/i-am-the-10-year-old-who-hacked-instagram-here-are-more-tech-flaws-ive-discovered/","",post,publish,exclude-legacy-post,no,no
"https://people.utm.my/murtadha/2016/05/06/little-dog-in-life-vest-rescued-three-hours-after-going-overboard/","",post,publish,exclude-legacy-post,no,no
"https://people.utm.my/murtadha/2016/05/06/another-day-another-streaming-service-time-inc-unveils-peopleew-ott/","",post,publish,exclude-legacy-post,no,no
"https://people.utm.my/murtadha/2016/05/06/deer-gets-head-stuck-in-light-globe-and-becomes-a-meme/","",post,publish,exclude-legacy-post,no,no
"https://people.utm.my/murtadha/2016/05/06/this-very-handsome-naval-officer-is-breaking-hearts-across-the-high-seas/","",post,publish,exclude-legacy-post,no,no
"https://people.utm.my/murtadha/2016/05/06/helikopter-terputus-hubungan-di-ruang-udara-triso-sebuyau/","",post,publish,exclude-legacy-post,no,no
"https://people.utm.my/murtadha/2016/05/05/helikopter-masih-belum-ditemui-kpn/","",post,publish,exclude-legacy-post,no,no
"https://people.utm.my/murtadha/2016/05/05/helikopter-bawa-rombongan-kenamaan-terputus-hubungan/","",post,publish,exclude-legacy-post,no,no
"https://people.utm.my/murtadha/2016/05/05/google-adds-qa-and-laser-pointer-features-to-slides-apps/","",post,publish,exclude-legacy-post,no,no
"https://people.utm.my/murtadha/2016/05/05/optus-pricing-for-the-english-premier-league-has-australian-fans-seeing-red/","",post,publish,exclude-legacy-post,no,no
"https://people.utm.my/murtadha/2016/05/05/george-clooney-and-julia-roberts-crashed-gwen-stefanis-carpool-karaoke-with-awesome-results/","",post,publish,exclude-legacy-post,no,no
"https://people.utm.my/murtadha/2016/05/05/europes-aviation-safety-agency-sets-up-drone-collision-task-force/","",post,publish,exclude-legacy-post,no,no
"https://people.utm.my/murtadha/2016/05/05/how-an-australian-woman-used-her-birthday-to-get-free-food-for-a-week/","",post,publish,exclude-legacy-post,no,no
"https://people.utm.my/murtadha/2016/05/05/the-makers-of-siri-are-back-with-a-new-super-smart-ai-called-viv/","",post,publish,exclude-legacy-post,no,no
"https://people.utm.my/murtadha/2016/05/05/etihad-plane-hits-severe-turbulence-injuring-30-passengers/","",post,publish,exclude-legacy-post,no,no
"https://people.utm.my/murtadha/2016/05/05/this-1994-pulp-fiction-document-reveals-why-censors-decided-not-to-cut-it/","",post,publish,exclude-legacy-post,no,no
"https://people.utm.my/murtadha/2016/05/05/strangers-save-4-year-olds-birthday-party-after-everyone-invited-cancels/","",post,publish,exclude-legacy-post,no,no
"https://people.utm.my/murtadha/2016/05/05/sadiq-kahn-bakal-muslim-pertama-jadi-datuk-bandar-london/","",post,publish,exclude-legacy-post,no,no
"https://people.utm.my/murtadha/2016/05/05/pemain-leicester-dapat-hadiah-kereta/","",post,publish,exclude-legacy-post,no,no
"https://people.utm.my/murtadha/2016/05/05/ahead-of-model-3-tesla-leases-new-warehouses-loses-2-product-chiefs/","",post,publish,exclude-legacy-post,no,no
"https://people.utm.my/murtadha/2016/05/05/virtual-reality-record-set-as-man-spends-25-hours-in-an-htc-vive/","",post,publish,exclude-legacy-post,no,no
"https://people.utm.my/murtadha/2016/05/05/prepare-for-tears-new-ncis-promo-previews-michael-weatherlys-exit/","",post,publish,exclude-legacy-post,no,no
"https://people.utm.my/murtadha/2016/05/05/drake-and-fred-armisen-will-host-the-final-snl-episodes-of-the-season/","",post,publish,exclude-legacy-post,no,no
"https://people.utm.my/murtadha/2016/05/05/reddit-has-just-about-proven-godwins-law/","",post,publish,exclude-legacy-post,no,no
"https://people.utm.my/murtadha/2016/05/05/custom-lamborghini-based-batmobile-is-rallying-across-europe/","",post,publish,exclude-legacy-post,no,no
"https://people.utm.my/murtadha/2016/05/05/forget-lemonade-beyonc-wants-you-to-drink-watermelon/","",post,publish,exclude-legacy-post,no,no
"https://people.utm.my/murtadha/2016/05/05/meet-the-irl-romeo-and-juliet-who-met-via-snapchat-story/","",post,publish,exclude-legacy-post,no,no
"https://people.utm.my/murtadha/2016/05/04/london-mayoral-candidate-delivers-milk-before-elections-twitter-responds/","",post,publish,exclude-legacy-post,no,no
"https://people.utm.my/murtadha/2016/05/04/star-trek-fans-cant-stop-talking-about-star-wars-analysis-says/","",post,publish,exclude-legacy-post,no,no
"https://people.utm.my/murtadha/2016/05/04/where-smart-glasses-fit-into-a-world-with-oculus-rift-and-hololens/","",post,publish,exclude-legacy-post,no,no
"https://people.utm.my/murtadha/2016/05/04/video-transforms-mechanical-sounds-into-music-to-pay-tribute-to-factory-workers/","",post,publish,exclude-legacy-post,no,no
"https://people.utm.my/murtadha/2016/05/04/hulu-is-partnering-up-with-livenation-for-vr-concert-series/","",post,publish,exclude-legacy-post,no,no
"https://people.utm.my/murtadha/2016/05/04/eu-recommends-visa-free-travel-for-turkey/","",post,publish,exclude-legacy-post,no,no
"https://people.utm.my/murtadha/2016/05/04/j-k-rowling-shuts-down-dark-fan-theory-about-dumbledore/","",post,publish,exclude-legacy-post,no,no
"https://people.utm.my/murtadha/2016/05/04/rejected-armadillo-pups-find-new-surrogate-mum/","",post,publish,exclude-legacy-post,no,no
"https://people.utm.my/murtadha/2016/05/04/report-prince-tried-to-meet-with-doctor-to-kick-pill-addiction-before-he-died/","",post,publish,exclude-legacy-post,no,no
"https://people.utm.my/murtadha/2016/05/04/kfa-tolak-tawaran-tajaan-rm30j-dherbs/","",post,publish,exclude-legacy-post,no,no
"https://people.utm.my/murtadha/2016/05/04/lanjutkan-pelajaran-dengan-biasiswa-sunway-bh/","",post,publish,exclude-legacy-post,no,no
"https://people.utm.my/murtadha/2016/05/04/tiga-lelaki-maut-kereta-bertembung-lori/","",post,publish,exclude-legacy-post,no,no
"https://people.utm.my/murtadha/2016/05/04/khidmat-pengiring-bermotosikal-tun-m-ditarik-balik-kpn/","",post,publish,exclude-legacy-post,no,no
"https://people.utm.my/murtadha/2016/05/04/2-penjenayah-warga-asing-ditembak-mati-di-sepang/","",post,publish,exclude-legacy-post,no,no
"https://people.utm.my/murtadha/2016/05/04/mattress-fall-off-truck-hits-motorcyclist-and-breaks-his-fall/","",post,publish,exclude-legacy-post,no,no
"https://people.utm.my/murtadha/2016/05/04/no-one-noticed-a-students-exposed-yearbook-photo-genitals-until-it-was-published/","",post,publish,exclude-legacy-post,no,no
"https://people.utm.my/murtadha/2016/05/04/obama-marks-teachers-day-with-touching-tribute-to-his-5th-grade-teacher/","",post,publish,exclude-legacy-post,no,no
"https://people.utm.my/murtadha/2016/05/04/these-cloud-maps-track-life-on-earth-in-beautiful-detail/","",post,publish,exclude-legacy-post,no,no
"https://people.utm.my/murtadha/2016/05/04/jimmy-kimmel-to-guest-host-live-with-kelly-ripa/","",post,publish,exclude-legacy-post,no,no
"https://people.utm.my/murtadha/2016/05/04/ford-welded-2-mustangs-together-to-celebrate-automotive-innovation/","",post,publish,exclude-legacy-post,no,no
"https://people.utm.my/murtadha/2016/05/04/ted-cruz-drops-presidential-bid-gives-donald-trump-clear-path-to-nomination/","",post,publish,exclude-legacy-post,no,no
"https://people.utm.my/murtadha/2016/05/04/apples-best-hope-in-india-is-to-sell-refurbished-iphones-and-its-not-looking-good/","",post,publish,exclude-legacy-post,no,no
"https://people.utm.my/murtadha/2016/05/04/atletico-madrid-mara-ke-final-liga-juara-juara/","",post,publish,exclude-legacy-post,no,no
"https://people.utm.my/murtadha/2016/05/03/giphy-keys-is-a-gif-keyboard-app-done-right/","",post,publish,exclude-legacy-post,no,no
"https://people.utm.my/murtadha/2016/05/03/farmer-takes-a-back-country-approach-to-bad-parking/","",post,publish,exclude-legacy-post,no,no
"https://people.utm.my/murtadha/2016/05/03/rider-with-selfie-stick-shuts-down-roller-coaster-at-disney-park/","",post,publish,exclude-legacy-post,no,no
"https://people.utm.my/murtadha/2016/05/03/the-mysterious-selfie-queen-of-paris-high-society/","",post,publish,exclude-legacy-post,no,no
"https://people.utm.my/murtadha/2016/05/03/lazy-little-pig-happily-rolls-over-for-a-fork-belly-scratch/","",post,publish,exclude-legacy-post,no,no
"https://people.utm.my/murtadha/2016/05/03/small-enough-to-fit-in-your-pocket-this-device-can-tell-if-your-food-is-gluten-free/","",post,publish,exclude-legacy-post,no,no
"https://people.utm.my/murtadha/2016/05/03/europe-is-really-angry-at-eurovisions-leaked-flag-waving-guidelines/","",post,publish,exclude-legacy-post,no,no
"https://people.utm.my/murtadha/2016/05/03/how-the-white-house-plans-to-bring-smart-guns-to-law-enforcement/","",post,publish,exclude-legacy-post,no,no
"https://people.utm.my/murtadha/2016/05/03/thrilling-gopro-bmx-ride-takes-you-through-los-angeles-with-celebrity-sneak-peeks/","",post,publish,exclude-legacy-post,no,no
"https://people.utm.my/murtadha/2016/05/03/prn-sarawak-hanya-72-peratus-pengundi-awal-keluar-mengundi/","",post,publish,exclude-legacy-post,no,no
"https://people.utm.my/murtadha/2016/05/03/3-warga-asing-1-warga-tempatan-hilang-di-perairan-kudat/","",post,publish,exclude-legacy-post,no,no
"https://people.utm.my/murtadha/2016/05/03/jerman-pantau-90-masjid/","",post,publish,exclude-legacy-post,no,no
"https://people.utm.my/murtadha/2016/05/03/pengarah-btp-dikatakan-berada-di-miri/","",post,publish,exclude-legacy-post,no,no
"https://people.utm.my/murtadha/2016/05/03/gigi-hadid-and-zayn-malik-are-the-droids-youre-looking-for/","",post,publish,exclude-legacy-post,no,no
"https://people.utm.my/murtadha/2016/05/03/dancing-with-the-stars-lets-you-hit-the-dance-floor-with-360-degree-intro/","",post,publish,exclude-legacy-post,no,no
"https://people.utm.my/murtadha/2016/05/03/claire-danes-literally-glowed-on-the-met-gala-red-carpet/","",post,publish,exclude-legacy-post,no,no
"https://people.utm.my/murtadha/2016/05/03/not-many-are-convinced-craig-wright-is-the-real-father-of-bitcoin/","",post,publish,exclude-legacy-post,no,no
"https://people.utm.my/murtadha/2016/05/03/all-the-weird-and-wacky-things-celebrities-resembled-at-the-met-gala/","",post,publish,exclude-legacy-post,no,no
"https://people.utm.my/murtadha/2016/05/03/watch-the-dixie-chicks-slay-this-cover-of-beyoncs-daddy-lessons/","",post,publish,exclude-legacy-post,no,no
"https://people.utm.my/murtadha/2016/05/03/if-you-hate-donald-trump-australia-might-take-you/","",post,publish,exclude-legacy-post,no,no
"https://people.utm.my/murtadha/2016/05/03/ginger-zees-gorgeous-dance-to-i-have-nothing-on-dancing-with-the-stars-is-everything/","",post,publish,exclude-legacy-post,no,no
"https://people.utm.my/murtadha/2016/05/03/lets-speculate-that-solanges-yellow-met-gala-dress-is-a-tribute-to-lemonade/","",post,publish,exclude-legacy-post,no,no
"https://people.utm.my/murtadha/2016/05/03/every-aussie-wedding-can-now-have-its-very-own-snapchat-filter/","",post,publish,exclude-legacy-post,no,no
"https://people.utm.my/murtadha/2016/05/03/a-musical-day-in-the-life-of-an-office-shih-tzu/","",post,publish,exclude-legacy-post,no,no
"https://people.utm.my/murtadha/2016/05/03/standing-desk-for-kids-basically-rewards-squirming/","",post,publish,exclude-legacy-post,no,no
"https://people.utm.my/murtadha/2016/05/03/insomniacs-rejoice-classic-disney-shows-are-coming-to-late-night-on-freeform/","",post,publish,exclude-legacy-post,no,no
"https://people.utm.my/murtadha/2016/05/03/hulk-hogan-is-suing-gawker-again/","",post,publish,exclude-legacy-post,no,no
"https://people.utm.my/murtadha/2016/05/03/how-the-silicon-valley-set-stays-accurate-and-up-to-date/","",post,publish,exclude-legacy-post,no,no
"https://people.utm.my/murtadha/2016/05/03/sony-filed-a-patent-for-contact-lenses-that-take-photos/","",post,publish,exclude-legacy-post,no,no
"https://people.utm.my/murtadha/2016/05/03/tootsie-the-diligent-81-year-old-texan-keeps-her-local-bbq-joint-afloat/","",post,publish,exclude-legacy-post,no,no
"https://people.utm.my/murtadha/2016/05/03/trudge-through-your-morning-routine-with-tobypuff-a-poofy-chow-chow/","",post,publish,exclude-legacy-post,no,no
"https://people.utm.my/murtadha/2016/05/03/8-plot-lines-wed-like-to-see-in-lebrons-space-jam-sequel/","",post,publish,exclude-legacy-post,no,no
"https://people.utm.my/murtadha/2016/05/02/carp-the-herpes-fish-is-trending-in-australia-for-so-many-reasons/","",post,publish,exclude-legacy-post,no,no
"https://people.utm.my/murtadha/2016/05/02/google-doodle-celebrates-the-90th-anniversary-of-indian-cartoonist-mario-miranda/","",post,publish,exclude-legacy-post,no,no
"https://people.utm.my/murtadha/2016/05/02/craig-wright-says-hes-satoshi-nakamoto-the-father-of-bitcoin/","",post,publish,exclude-legacy-post,no,no
"https://people.utm.my/murtadha/2016/05/02/burns-victim-who-was-told-she-wouldnt-run-again-finishes-marathon-in-triumphant-moment/","",post,publish,exclude-legacy-post,no,no
"https://people.utm.my/murtadha/2016/05/02/how-to-explain-sexting-and-dick-pics-to-your-british-mum/","",post,publish,exclude-legacy-post,no,no
"https://people.utm.my/murtadha/2016/05/02/fire-destroys-historic-new-york-city-church/","",post,publish,exclude-legacy-post,no,no
"https://people.utm.my/murtadha/2016/05/02/why-my-friends-wish-me-happy-mothers-day-but-im-not-yet-a-mom/","",post,publish,exclude-legacy-post,no,no
"https://people.utm.my/murtadha/2016/05/02/call-of-duty-infinite-warfare-takes-epic-gunfights-to-outer-space/","",post,publish,exclude-legacy-post,no,no
"https://people.utm.my/murtadha/2016/05/02/indias-himalayas-are-on-fire-due-to-high-temperatures-and-low-rains/","",post,publish,exclude-legacy-post,no,no
"https://people.utm.my/murtadha/2016/05/02/perintah-gaji-minimum-2016-kuat-kuasa-1-julai/","",post,publish,exclude-legacy-post,no,no
"https://people.utm.my/murtadha/2016/05/02/malia-obama-is-headed-to-harvard-university/","",post,publish,exclude-legacy-post,no,no
"https://people.utm.my/murtadha/2016/05/02/pearl-jam-wows-philadelphia-with-a-full-playthrough-of-ten/","",post,publish,exclude-legacy-post,no,no
"https://people.utm.my/murtadha/2016/05/02/broadwaysodiverse-how-theater-is-leading-the-industry-in-representation/","",post,publish,exclude-legacy-post,no,no
"https://people.utm.my/murtadha/2016/05/02/apples-new-ad-shows-motherhood-through-the-lens-of-the-iphone/","",post,publish,exclude-legacy-post,no,no
"https://people.utm.my/murtadha/2016/05/02/mclaren-is-selling-one-of-the-rarest-and-fastest-supercars-ever-built/","",post,publish,exclude-legacy-post,no,no
"https://people.utm.my/murtadha/2016/05/02/nothing-can-stop-captain-america-or-jungle-book-at-the-box-office/","",post,publish,exclude-legacy-post,no,no
"https://people.utm.my/murtadha/2016/05/02/larry-wilmore-pulls-no-punches-at-the-white-house-correspondents-dinner/","",post,publish,exclude-legacy-post,no,no
"https://people.utm.my/murtadha/2016/05/02/snapchat-is-the-star-of-ingrid-michaelsons-video-for-hell-no/","",post,publish,exclude-legacy-post,no,no
"https://people.utm.my/murtadha/2016/05/02/you-can-chat-with-call-of-duty-on-facebook-for-info-on-the-2016-game/","",post,publish,exclude-legacy-post,no,no
"https://people.utm.my/murtadha/2016/05/02/13-celebrity-instagrams-from-inside-the-white-house-correspondents-dinner/","",post,publish,exclude-legacy-post,no,no
"https://people.utm.my/murtadha/2016/05/01/the-day-key-peele-took-over-an-oakland-cat-cafe-for-keanu/","",post,publish,exclude-legacy-post,no,no
"https://people.utm.my/murtadha/2016/05/01/5-cant-miss-apps-rex-kamcord-loop-mania-and-more/","",post,publish,exclude-legacy-post,no,no
"https://people.utm.my/murtadha/2016/05/01/6-lemonade-recipes-to-quench-your-beyonc-thirst-2/","",post,publish,exclude-legacy-post,no,no
"https://people.utm.my/murtadha/2016/05/01/kid-shows-hungry-pug-a-beautiful-butterfly-disaster-ensues/","",post,publish,exclude-legacy-post,no,no
"https://people.utm.my/murtadha/2016/05/01/72-year-old-man-pulled-from-rubble-2-weeks-after-ecuador-earthquake/","",post,publish,exclude-legacy-post,no,no
"https://people.utm.my/murtadha/2016/05/01/obama-cant-wait-to-wear-mom-jeans-after-he-leaves-the-white-house/","",post,publish,exclude-legacy-post,no,no
"https://people.utm.my/murtadha/2016/05/01/obamas-red-wedding-joke-proves-he-deserved-that-early-look-at-game-of-thrones/","",post,publish,exclude-legacy-post,no,no
"https://people.utm.my/murtadha/2016/05/01/because-shes-a-boss-helen-mirren-wore-purple-and-body-art-for-prince/","",post,publish,exclude-legacy-post,no,no
"https://people.utm.my/murtadha/2016/05/01/car-bomb-in-southern-turkey-kills-policeman-and-leaves-13-wounded/","",post,publish,exclude-legacy-post,no,no
"https://people.utm.my/murtadha/2016/05/01/ahmad-razif-kekal-mb-terengganu-pm/","",post,publish,exclude-legacy-post,no,no
"https://people.utm.my/murtadha/2016/05/01/rempuh-pagar-lebuh-raya-cuba-lolos-sekatan-polis/","",post,publish,exclude-legacy-post,no,no
"https://people.utm.my/murtadha/2016/05/01/6-lemonade-recipes-to-quench-your-beyonc-thirst/","",post,publish,exclude-legacy-post,no,no
"https://people.utm.my/murtadha/2016/05/01/mysterious-black-cat-trots-onto-ice-during-hockey-warmup/","",post,publish,exclude-legacy-post,no,no
"https://people.utm.my/murtadha/2016/05/01/comcast-cares-day-trends-on-twitter-not-in-a-good-way/","",post,publish,exclude-legacy-post,no,no
"https://people.utm.my/murtadha/2016/05/01/people-are-throwing-random-stuff-in-bathtubs-for-lush-bath-bomb-meme/","",post,publish,exclude-legacy-post,no,no
"https://people.utm.my/murtadha/2016/05/01/puma-training-robot-lets-you-compete-against-usain-bolts-championship-records/","",post,publish,exclude-legacy-post,no,no
"https://people.utm.my/murtadha/2016/05/01/up-in-flames-kenya-burns-105-tons-of-ivory-tusks-to-protest-poaching/","",post,publish,exclude-legacy-post,no,no
"https://people.utm.my/murtadha/2016/05/01/how-to-talk-with-your-hands-like-a-real-italian/","",post,publish,exclude-legacy-post,no,no
"https://people.utm.my/murtadha/2016/05/01/samsung-bedtime-vr-stories-might-be-the-perfect-remote-parenting-app/","",post,publish,exclude-legacy-post,no,no
"https://people.utm.my/murtadha/2016/05/01/missing-dog-reunites-with-family-10-years-after-disappearing/","",post,publish,exclude-legacy-post,no,no
"https://people.utm.my/murtadha/2016/05/01/6-cannabis-products-that-claim-to-ease-menstrual-pain/","",post,publish,exclude-legacy-post,no,no
"https://people.utm.my/murtadha/2016/04/30/harga-runcit-petrol-diesel-kekal/","",post,publish,exclude-legacy-post,no,no
"https://people.utm.my/murtadha/2016/04/30/previously-feral-dog-sweetly-saves-life-of-sick-hummingbird/","",post,publish,exclude-legacy-post,no,no
"https://people.utm.my/murtadha/2016/04/30/microsoft-wants-to-connect-all-your-favorite-apps-with-flow-2/","",post,publish,exclude-legacy-post,no,no
"https://people.utm.my/murtadha/2016/04/30/a-popular-toymakers-website-is-giving-visitors-ransomware/","",post,publish,exclude-legacy-post,no,no
"https://people.utm.my/murtadha/2016/04/30/satanists-want-nothing-to-do-with-ted-cruz-even-if-he-is-lucifer-in-the-flesh/","",post,publish,exclude-legacy-post,no,no
"https://people.utm.my/murtadha/2016/04/30/these-1880s-photos-make-you-want-to-move-to-an-english-marsh/","",post,publish,exclude-legacy-post,no,no
"https://people.utm.my/murtadha/2016/04/30/martin-freeman-talks-about-his-state-secret-in-love-actually-sex-scenes/","",post,publish,exclude-legacy-post,no,no
"https://people.utm.my/murtadha/2016/04/30/9-special-experiences-to-share-with-long-distance-moms/","",post,publish,exclude-legacy-post,no,no
"https://people.utm.my/murtadha/2016/04/30/microsoft-wants-to-connect-all-your-favorite-apps-with-flow/","",post,publish,exclude-legacy-post,no,no
"https://people.utm.my/murtadha/2016/04/30/leicas-new-crazy-expensive-digital-camera-doesnt-have-an-lcd-screen/","",post,publish,exclude-legacy-post,no,no
"https://people.utm.my/murtadha/2016/04/30/social-media-takes-center-stage-in-new-carmichael-show-episode/","",post,publish,exclude-legacy-post,no,no
"https://people.utm.my/murtadha/2016/04/30/joe-biden-lost-10-betting-a-cadillac-was-quicker-than-a-tesla/","",post,publish,exclude-legacy-post,no,no
"https://people.utm.my/murtadha/2016/04/30/most-valuable-toddler-riley-curry-now-has-her-very-own-magazine-cover/","",post,publish,exclude-legacy-post,no,no
"https://people.utm.my/murtadha/2016/04/30/dylan-obriens-injuries-put-maze-runner-indefinitely-on-ice/","",post,publish,exclude-legacy-post,no,no
"https://people.utm.my/murtadha/2016/04/30/john-krasinski-set-to-star-as-jack-ryan-in-new-amazon-series/","",post,publish,exclude-legacy-post,no,no
"https://people.utm.my/murtadha/2016/04/30/need-new-luggage-rolls-royce-will-sell-you-this-6-piece-set-for-45854/","",post,publish,exclude-legacy-post,no,no
"https://people.utm.my/murtadha/2016/04/30/texas-man-proves-why-we-dont-need-bathroom-police/","",post,publish,exclude-legacy-post,no,no
"https://people.utm.my/murtadha/2016/04/30/secara-realistik-agak-mustahil-harga-hartanah-turun-fd-iskandar/","",post,publish,exclude-legacy-post,no,no
"https://people.utm.my/murtadha/2016/04/30/bocey-juara-mlm-2016/","",post,publish,exclude-legacy-post,no,no
"https://people.utm.my/murtadha/2016/04/30/11-dazzling-photos-to-inspire-your-next-adventure-in-a-national-park/","",post,publish,exclude-legacy-post,no,no
"https://people.utm.my/murtadha/2016/04/30/dont-worry-everyone-kylie-jenner-is-a-feminist/","",post,publish,exclude-legacy-post,no,no
"https://people.utm.my/murtadha/2016/04/30/nfl-player-laremy-tunsil-loses-millions-in-draft-after-bong-video/","",post,publish,exclude-legacy-post,no,no
"https://people.utm.my/murtadha/2016/04/30/huff-the-hedgehog-slays-with-his-vampire-teeth/","",post,publish,exclude-legacy-post,no,no
"https://people.utm.my/murtadha/2016/04/30/the-obamas-and-prince-harry-stage-epic-feud-on-twitter/","",post,publish,exclude-legacy-post,no,no
"https://people.utm.my/murtadha/2016/04/30/keshas-new-single-with-zedd-true-colors-is-here-and-her-sparkle-is-back/","",post,publish,exclude-legacy-post,no,no
"https://people.utm.my/murtadha/2016/04/30/10-snapchat-features-we-wish-existed/","",post,publish,exclude-legacy-post,no,no
"https://people.utm.my/murtadha/2016/04/30/great-barrier-reef-may-perish-by-2030s-as-ocean-temperatures-skyrocket-study-finds/","",post,publish,exclude-legacy-post,no,no
"https://people.utm.my/murtadha/2016/04/30/marines-reunite-to-recreate-beach-photo-they-took-together-50-years-ago/","",post,publish,exclude-legacy-post,no,no
"https://people.utm.my/murtadha/2016/04/30/saya-bertindak-tanpa-takut/","",post,publish,exclude-legacy-post,no,no
"https://people.utm.my/murtadha/2016/04/30/dua-polis-ditetak-penagih-dadah/","",post,publish,exclude-legacy-post,no,no
"https://people.utm.my/murtadha/2016/04/29/mangsa-samun-hentak-kepala-suspek/","",post,publish,exclude-legacy-post,no,no
"https://people.utm.my/murtadha/2016/04/29/china-just-launched-a-blatant-rip-off-of-under-armour-called-uncle-martian/","",post,publish,exclude-legacy-post,no,no
"https://people.utm.my/murtadha/2016/04/29/nope-nurofen-tablets-cant-magically-target-certain-pain/","",post,publish,exclude-legacy-post,no,no
"https://people.utm.my/murtadha/2016/04/29/protesters-smash-police-car-block-freeway-at-california-trump-rally/","",post,publish,exclude-legacy-post,no,no
"https://people.utm.my/murtadha/2016/04/29/beer-made-from-belly-button-fluff-has-a-bit-of-the-brewer-in-every-glass/","",post,publish,exclude-legacy-post,no,no
"https://people.utm.my/murtadha/2016/04/29/tinder-social-what-the-new-group-dating-feature-is-really-like/","",post,publish,exclude-legacy-post,no,no
"https://people.utm.my/murtadha/2016/04/29/no-a-planes-toilet-doesnt-empty-into-the-sky-and-onto-your-head/","",post,publish,exclude-legacy-post,no,no
"https://people.utm.my/murtadha/2016/04/29/explore-your-home-city-like-its-a-nintendo-game/","",post,publish,exclude-legacy-post,no,no
"https://people.utm.my/murtadha/2016/04/29/indian-auntie-superhero-series-pays-tribute-to-struggle-of-british-asian-immigrants/","",post,publish,exclude-legacy-post,no,no
"https://people.utm.my/murtadha/2016/04/29/delhi-church-starts-a-free-food-atm-for-anyone-in-need-of-refuelling-during-summer/","",post,publish,exclude-legacy-post,no,no
"https://people.utm.my/murtadha/2016/04/29/shia-labeouf-leaves-concerned-voicemail-for-man-punched-for-resembling-him/","",post,publish,exclude-legacy-post,no,no
"https://people.utm.my/murtadha/2016/04/29/jazz-drummer-times-a-wicked-solo-to-super-smash-bros-gameplay/","",post,publish,exclude-legacy-post,no,no
"https://people.utm.my/murtadha/2016/04/29/heres-your-chance-to-pilot-a-boeing-787-9-dreamliner/","",post,publish,exclude-legacy-post,no,no
"https://people.utm.my/murtadha/2016/04/29/baby-penguin-brothers-have-a-ball-swimming-for-the-first-time/","",post,publish,exclude-legacy-post,no,no
"https://people.utm.my/murtadha/2016/04/29/huaweis-p9-is-a-very-capable-phone-thats-just-shy-of-greatness/","",post,publish,exclude-legacy-post,no,no
"https://people.utm.my/murtadha/2016/04/29/an-apologetic-customer-finally-returned-library-book-due-in-1948/","",post,publish,exclude-legacy-post,no,no
"https://people.utm.my/murtadha/2016/04/29/baby-otter-pup-makes-its-adorable-debut-at-the-bronx-zoo/","",post,publish,exclude-legacy-post,no,no
"https://people.utm.my/murtadha/2016/04/29/couples-romantic-photoshoot-gets-photobombed-by-some-larpers/","",post,publish,exclude-legacy-post,no,no
"https://people.utm.my/murtadha/2016/04/29/bomb-pizza-will-make-your-tastebuds-explode/","",post,publish,exclude-legacy-post,no,no
"https://people.utm.my/murtadha/2016/04/28/el-nino-mandikan-jenazah-guna-bekalan-air-bomba/","",post,publish,exclude-legacy-post,no,no
"https://people.utm.my/murtadha/2016/04/28/fans-spot-benedict-cumberbatch-filming-sherlock-in-london/","",post,publish,exclude-legacy-post,no,no
"https://people.utm.my/murtadha/2016/04/28/kooky-lawsuit-claims-princes-music-all-belongs-to-some-guy-in-california/","",post,publish,exclude-legacy-post,no,no
"https://people.utm.my/murtadha/2016/04/28/the-dos-and-donts-of-growing-your-professional-network-without-ignoring-your-personal-life/","",post,publish,exclude-legacy-post,no,no
"https://people.utm.my/murtadha/2016/04/28/farmer-sprays-manure-at-emma-thompson-during-anti-fracking-bake-off/","",post,publish,exclude-legacy-post,no,no
"https://people.utm.my/murtadha/2016/04/28/cheeky-students-unfinished-lab-report-is-also-weirdly-inspiring/","",post,publish,exclude-legacy-post,no,no
"https://people.utm.my/murtadha/2016/04/28/india-gets-its-own-gps-after-successful-launch-of-seventh-navigation-satellite/","",post,publish,exclude-legacy-post,no,no
"https://people.utm.my/murtadha/2016/04/28/someone-is-trolling-this-random-british-street-by-repeatedly-replacing-the-sign/","",post,publish,exclude-legacy-post,no,no
"https://people.utm.my/murtadha/2016/04/28/the-roots-catch-us-up-on-game-of-thrones-with-masterful-recap-rap/","",post,publish,exclude-legacy-post,no,no
"https://people.utm.my/murtadha/2016/04/28/cricketers-virat-kohli-and-chris-gayle-reveal-their-impressive-dance-skills-in-a-face-off/","",post,publish,exclude-legacy-post,no,no
"https://people.utm.my/murtadha/2016/04/28/sonys-mirrorless-camera-is-here-to-slay-dslrs/","",post,publish,exclude-legacy-post,no,no
"https://people.utm.my/murtadha/2016/04/28/tabung-haji-umum-johan-ganti-ismee/","",post,publish,exclude-legacy-post,no,no
"https://people.utm.my/murtadha/2016/04/28/snapchat-sued-over-filter-allegedly-involved-in-high-speed-car-wreck/","",post,publish,exclude-legacy-post,no,no
"https://people.utm.my/murtadha/2016/04/28/amy-schumer-made-her-dads-day-thanks-to-a-facetime-session-with-goldie-hawn/","",post,publish,exclude-legacy-post,no,no
"https://people.utm.my/murtadha/2016/04/28/inside-the-towering-shipyards-of-the-victorian-era/","",post,publish,exclude-legacy-post,no,no
"https://people.utm.my/murtadha/2016/04/28/beyonc-kicks-off-formation-tour-in-miami-with-you-guessed-it-formation/","",post,publish,exclude-legacy-post,no,no
"https://people.utm.my/murtadha/2016/04/28/brain-controlled-drone-races-are-now-a-reality/","",post,publish,exclude-legacy-post,no,no
"https://people.utm.my/murtadha/2016/04/28/beyoncs-lemonade-and-the-powerful-message-women-need/","",post,publish,exclude-legacy-post,no,no
"https://people.utm.my/murtadha/2016/04/28/why-the-u-s-is-bragging-about-dropping-cyberbombs-on-isis/","",post,publish,exclude-legacy-post,no,no
"https://people.utm.my/murtadha/2016/04/28/newborn-koala-goes-on-first-adventure-outside-his-mothers-pouch/","",post,publish,exclude-legacy-post,no,no
"https://people.utm.my/murtadha/2016/04/28/apple-pay-now-available-to-anz-customers-in-australian-banking-first/","",post,publish,exclude-legacy-post,no,no
"https://people.utm.my/murtadha/2016/04/28/uber-sets-stricter-cancellation-rules-penalizes-tardy-riders-in-select-cities/","",post,publish,exclude-legacy-post,no,no
"https://people.utm.my/murtadha/2016/04/28/18-fun-facts-about-key-and-peele-that-you-cant-find-on-the-internet/","",post,publish,exclude-legacy-post,no,no
"https://people.utm.my/murtadha/2016/04/28/daniel-radcliffe-on-gender-wage-gap-there-is-no-earthly-justification-for-that-pay-not-being-equal/","",post,publish,exclude-legacy-post,no,no
"https://people.utm.my/murtadha/2016/04/28/you-can-play-minecraft-in-virtual-reality-right-now/","",post,publish,exclude-legacy-post,no,no
"https://people.utm.my/murtadha/2016/04/28/samsungs-gear-360-vr-camera-gets-a-release-date/","",post,publish,exclude-legacy-post,no,no
"https://people.utm.my/murtadha/2016/04/28/killings-by-police-ramp-up-in-rio-ahead-of-olympics/","",post,publish,exclude-legacy-post,no,no
"https://people.utm.my/murtadha/2016/04/28/egypt-arrested-nearly-400-people-in-latest-round-of-protests/","",post,publish,exclude-legacy-post,no,no
"https://people.utm.my/murtadha/2016/04/28/tahj-mowry-watches-the-world-get-smarter-in-season-finale-of-innovation-download/","",post,publish,exclude-legacy-post,no,no
"https://people.utm.my/murtadha/2016/04/28/obama-will-head-to-flint-michigan-to-address-water-crisis/","",post,publish,exclude-legacy-post,no,no
"https://people.utm.my/murtadha/2016/04/28/land-rovers-discovery-sport-can-help-you-find-your-lost-belongings/","",post,publish,exclude-legacy-post,no,no
"https://people.utm.my/murtadha/2016/04/28/couple-out-more-than-1700-after-booking-flight-from-the-wrong-birmingham/","",post,publish,exclude-legacy-post,no,no
"https://people.utm.my/murtadha/2016/04/27/terajang-kepala-buaya/","",post,publish,exclude-legacy-post,no,no
"https://people.utm.my/murtadha/2016/04/27/tangan-pelajar-putus-terkena-bilah-kipas-pam-angin/","",post,publish,exclude-legacy-post,no,no
"https://people.utm.my/murtadha/2016/04/27/report-exposes-which-aussie-suburbs-are-the-most-charitable/","",post,publish,exclude-legacy-post,no,no
"https://people.utm.my/murtadha/2016/04/27/bear-rescued-from-bile-farm-is-ready-to-enjoy-life-again-after-a-7-month-recovery/","",post,publish,exclude-legacy-post,no,no
"https://people.utm.my/murtadha/2016/04/27/iconic-supermodel-twiggy-started-out-as-a-haircut-test-subject/","",post,publish,exclude-legacy-post,no,no
"https://people.utm.my/murtadha/2016/04/27/the-sun-is-getting-slammed-on-twitter-over-its-front-page/","",post,publish,exclude-legacy-post,no,no
"https://people.utm.my/murtadha/2016/04/27/8-daggy-dude-ballads-that-will-make-any-australian-man-emotional/","",post,publish,exclude-legacy-post,no,no
"https://people.utm.my/murtadha/2016/04/27/dramatic-photographs-show-fire-destroying-indias-natural-history-museum/","",post,publish,exclude-legacy-post,no,no
"https://people.utm.my/murtadha/2016/04/27/these-shanghai-men-gorgeously-took-the-stage-in-a-cross-dressing-contest/","",post,publish,exclude-legacy-post,no,no
"https://people.utm.my/murtadha/2016/04/27/paris-attacks-suspect-salah-abdeslam-extradited-to-france/","",post,publish,exclude-legacy-post,no,no
"https://people.utm.my/murtadha/2016/04/27/tom-hiddleston-playing-with-a-baby-leopard-may-make-your-heart-burst/","",post,publish,exclude-legacy-post,no,no
"https://people.utm.my/murtadha/2016/04/27/grandmothers-pose-for-impromptu-fashion-shoot-totally-slay-it/","",post,publish,exclude-legacy-post,no,no
"https://people.utm.my/murtadha/2016/04/27/datuk-muhammad-ibrahim-dilantik-gabenor-bank-negara/","",post,publish,exclude-legacy-post,no,no
"https://people.utm.my/murtadha/2016/04/27/azealia-banks-disses-lemonade-says-beyonc-is-a-thief/","",post,publish,exclude-legacy-post,no,no
"https://people.utm.my/murtadha/2016/04/27/meet-talkshow-the-latest-viral-app-the-internet-is-freaking-out-about/","",post,publish,exclude-legacy-post,no,no
"https://people.utm.my/murtadha/2016/04/27/hand-colored-photos-capture-japanese-life-in-the-1890s/","",post,publish,exclude-legacy-post,no,no
"https://people.utm.my/murtadha/2016/04/27/every-woman-who-could-be-becky-with-the-good-hair-from-beyoncs-lemonade/","",post,publish,exclude-legacy-post,no,no
"https://people.utm.my/murtadha/2016/04/27/someone-is-trying-to-sell-rainwater-from-the-day-prince-died/","",post,publish,exclude-legacy-post,no,no
"https://people.utm.my/murtadha/2016/04/27/htc-launches-100-million-virtual-reality-fund/","",post,publish,exclude-legacy-post,no,no
"https://people.utm.my/murtadha/2016/04/27/samantha-bee-slams-bigots-who-oppose-harriet-tubman-on-the-new-20-bill/","",post,publish,exclude-legacy-post,no,no
"https://people.utm.my/murtadha/2016/04/27/top-gear-is-getting-an-after-show/","",post,publish,exclude-legacy-post,no,no
"https://people.utm.my/murtadha/2016/04/27/maker-studios-bails-on-newfronts-plans-in-favor-of-intimate-breakfast/","",post,publish,exclude-legacy-post,no,no
"https://people.utm.my/murtadha/2016/04/27/man-crossing-ocean-in-inflatable-hamster-wheel-rescued-yet-again/","",post,publish,exclude-legacy-post,no,no
"https://people.utm.my/murtadha/2016/04/26/kelly-ripa-gets-candid-about-talk-show-drama-on-live/","",post,publish,exclude-legacy-post,no,no
"https://people.utm.my/murtadha/2016/04/26/hungry-toddler-steals-dogs-treat-ruins-tricks/","",post,publish,exclude-legacy-post,no,no
"https://people.utm.my/murtadha/2016/04/26/new-meryl-streep-biography-shows-how-she-glamorously-reinvented-herself-in-high-school/","",post,publish,exclude-legacy-post,no,no
"https://people.utm.my/murtadha/2016/04/26/the-hover-camera-will-follow-you-around-and-record-your-entire-life/","",post,publish,exclude-legacy-post,no,no
"https://people.utm.my/murtadha/2016/04/26/hungry-man-gets-pizza-delivered-to-a-moving-train-tweets-how-he-did-it/","",post,publish,exclude-legacy-post,no,no
"https://people.utm.my/murtadha/2016/04/26/complete-your-harry-potter-collection-with-j-k-rowlings-fantastic-beasts-screenplay/","",post,publish,exclude-legacy-post,no,no
"https://people.utm.my/murtadha/2016/04/26/former-top-gear-presenters-plotting-new-community-for-motoring-fans/","",post,publish,exclude-legacy-post,no,no
"https://people.utm.my/murtadha/2016/04/26/daisy-ridley-is-a-badass-and-a-delight-in-stars-wars-viii-stunt-training/","",post,publish,exclude-legacy-post,no,no
"https://people.utm.my/murtadha/2016/04/26/magical-sports-meet-classic-rpg-tropes-in-gorgeous-pyre/","",post,publish,exclude-legacy-post,no,no
"https://people.utm.my/murtadha/2016/04/26/tom-hanks-may-be-set-to-win-a-huge-amount-of-money-on-a-football-bet/","",post,publish,exclude-legacy-post,no,no
"https://people.utm.my/murtadha/2016/04/26/egypts-police-fire-birdshot-and-tear-gas-at-protesters/","",post,publish,exclude-legacy-post,no,no
"https://people.utm.my/murtadha/2016/04/26/this-super-fast-chinese-ev-is-still-slower-than-a-ludicrous-tesla/","",post,publish,exclude-legacy-post,no,no
"https://people.utm.my/murtadha/2016/04/26/chrissy-teigen-shamed-for-the-crime-of-having-a-life-while-being-a-mom/","",post,publish,exclude-legacy-post,no,no
"https://people.utm.my/murtadha/2016/04/26/obama-trying-vr-headset-with-googly-eyes-proves-he-can-make-anything-look-cool/","",post,publish,exclude-legacy-post,no,no
"https://people.utm.my/murtadha/2016/04/26/australian-artist-creates-incredible-purple-rain-inspired-mural/","",post,publish,exclude-legacy-post,no,no
"https://people.utm.my/murtadha/2016/04/26/tilt-the-social-payments-app-for-millennials-launches-in-australia/","",post,publish,exclude-legacy-post,no,no
"https://people.utm.my/murtadha/2016/04/26/16-year-old-wears-14000-wardrobe-at-coachella-because-coachella/","",post,publish,exclude-legacy-post,no,no
"https://people.utm.my/murtadha/2016/04/26/everyone-in-australia-is-still-pirating-game-of-thrones-like-mad/","",post,publish,exclude-legacy-post,no,no
"https://people.utm.my/murtadha/2016/04/26/bow-down-losers-new-zealand-has-the-worlds-most-beautiful-bank-note/","",post,publish,exclude-legacy-post,no,no
"https://people.utm.my/murtadha/2016/04/26/the-streaming-war-claims-a-new-casualty-quickflix-is-going-under/","",post,publish,exclude-legacy-post,no,no
"https://people.utm.my/murtadha/2016/04/26/the-7-fake-deaths-in-huntsman-winters-war-must-be-some-kind-of-record/","",post,publish,exclude-legacy-post,no,no
"https://people.utm.my/murtadha/2016/04/26/celebrate-100-years-of-adventure-with-the-national-park-service/","",post,publish,exclude-legacy-post,no,no
"https://people.utm.my/murtadha/2016/04/26/tamir-rices-family-gets-6-million-cleveland-avoids-federal-trial/","",post,publish,exclude-legacy-post,no,no
"https://people.utm.my/murtadha/2016/04/26/john-oliver-and-lin-manuel-miranda-perfectly-explain-why-we-should-help-puerto-rico/","",post,publish,exclude-legacy-post,no,no
"https://people.utm.my/murtadha/2016/04/26/did-ezra-koenig-get-a-writing-credit-because-beyonc-sang-his-tweet/","",post,publish,exclude-legacy-post,no,no
"https://people.utm.my/murtadha/2016/04/26/nasa-has-to-talk-about-periods-in-space-if-we-ever-want-to-go-to-mars/","",post,publish,exclude-legacy-post,no,no
"https://people.utm.my/murtadha/2016/04/26/apples-new-ads-highlight-4k-video-touch-id-and-humor/","",post,publish,exclude-legacy-post,no,no
"https://people.utm.my/murtadha/2016/04/26/steph-curry-cried-after-being-ruled-out-of-playoff-game-with-knee-injury-will-miss-2-weeks-with-mcl-sprain/","",post,publish,exclude-legacy-post,no,no
"https://people.utm.my/murtadha/2016/04/26/legos-crazy-detailed-porsche-911-gt3-rs-has-moving-engine-parts/","",post,publish,exclude-legacy-post,no,no
"https://people.utm.my/murtadha/2016/04/26/boy-sells-lemonade-to-help-pay-for-his-own-adoption/","",post,publish,exclude-legacy-post,no,no
"https://people.utm.my/murtadha/2016/04/25/semua-darjah-kebesaran-negeri-mb-terengganu-dilucut/","",post,publish,exclude-legacy-post,no,no
"https://people.utm.my/murtadha/2016/04/25/man-stomps-on-hawkers-steamed-buns-netizens-demand-justice/","",post,publish,exclude-legacy-post,no,no
"https://people.utm.my/murtadha/2016/04/25/judge-has-a-field-day-cracking-puns-in-singapore-tea-lawsuit/","",post,publish,exclude-legacy-post,no,no
"https://people.utm.my/murtadha/2016/04/25/xiaomis-mi-max-phablet-is-somehow-supposed-to-fit-in-your-pocket/","",post,publish,exclude-legacy-post,no,no
"https://people.utm.my/murtadha/2016/04/25/singapore-fan-version-of-mirrors-edge-re-creates-the-game-in-thrilling-first-person/","",post,publish,exclude-legacy-post,no,no
"https://people.utm.my/murtadha/2016/04/25/definitive-proof-the-queen-gets-more-birthday-cards-than-you/","",post,publish,exclude-legacy-post,no,no
"https://people.utm.my/murtadha/2016/04/25/snapchat-makes-custom-filters-for-australias-veterans-day/","",post,publish,exclude-legacy-post,no,no
"https://people.utm.my/murtadha/2016/04/25/bullied-parrot-finds-new-confidence-with-3d-printed-beak/","",post,publish,exclude-legacy-post,no,no
"https://people.utm.my/murtadha/2016/04/25/maisie-williams-crashes-game-of-thrones-season-6-student-party-has-best-night-ever/","",post,publish,exclude-legacy-post,no,no
"https://people.utm.my/murtadha/2016/04/25/ricky-gervais-david-bowie-hid-his-health-from-everyone/","",post,publish,exclude-legacy-post,no,no
"https://people.utm.my/murtadha/2016/04/25/indian-bride-asks-groom-to-plant-10000-saplings-as-a-gift-for-their-earth-day-wedding/","",post,publish,exclude-legacy-post,no,no
"https://people.utm.my/murtadha/2016/04/25/jay-z-and-rachel-roy-the-alleged-affair-that-may-have-inspired-beyoncs-lemonade/","",post,publish,exclude-legacy-post,no,no
"https://people.utm.my/murtadha/2016/04/25/we-found-a-copy-of-princes-1994-video-game-youre-welcome/","",post,publish,exclude-legacy-post,no,no
"https://people.utm.my/murtadha/2016/04/25/british-astronaut-tim-peake-ran-the-london-marathon-in-space/","",post,publish,exclude-legacy-post,no,no
"https://people.utm.my/murtadha/2016/04/25/renaming-of-austin-school-runs-into-crowdsourced-chaos/","",post,publish,exclude-legacy-post,no,no
"https://people.utm.my/murtadha/2016/04/25/beyoncs-lemonade-is-a-powerful-tribute-to-black-girls-everywhere/","",post,publish,exclude-legacy-post,no,no
"https://people.utm.my/murtadha/2016/04/25/jungle-book-roars-with-61-million-in-a-dominant-second-weekend/","",post,publish,exclude-legacy-post,no,no
"https://people.utm.my/murtadha/2016/04/25/watch-a-bunch-of-cute-kids-give-spring-cleaning-their-best-shot/","",post,publish,exclude-legacy-post,no,no
"https://people.utm.my/murtadha/2016/04/25/the-boy-ballerinas-of-colombia/","",post,publish,exclude-legacy-post,no,no
"https://people.utm.my/murtadha/2016/04/25/lemonade-downloads-coming-to-itunes-will-stream-exclusively-on-tidal/","",post,publish,exclude-legacy-post,no,no
"https://people.utm.my/murtadha/2016/04/25/cruz-tells-trump-he-cant-use-bathroom-in-north-carolina-dressed-like-hillary/","",post,publish,exclude-legacy-post,no,no
"https://people.utm.my/murtadha/2016/04/25/emotional-student-comes-out-to-obama-at-town-hall-in-london/","",post,publish,exclude-legacy-post,no,no
"https://people.utm.my/murtadha/2016/04/25/why-messaging-bots-are-a-looming-security-threat/","",post,publish,exclude-legacy-post,no,no
"https://people.utm.my/murtadha/2016/04/25/unique-coral-reef-ecosystem-discovered-in-the-amazon-river-2/","",post,publish,exclude-legacy-post,no,no
"https://people.utm.my/murtadha/2016/04/25/bruce-springsteen-honors-prince-with-purple-rain-in-brooklyn/","",post,publish,exclude-legacy-post,no,no
"https://people.utm.my/murtadha/2016/04/25/prince-performances-highlight-saturday-night-live-tribute/","",post,publish,exclude-legacy-post,no,no
"https://people.utm.my/murtadha/2016/04/25/the-11-extremely-emotional-chapters-of-beyonces-lemonade/","",post,publish,exclude-legacy-post,no,no
"https://people.utm.my/murtadha/2016/04/25/apples-iphone-se-is-a-decent-upgrade-but-not-for-all-users/","",post,publish,exclude-legacy-post,no,no
"https://people.utm.my/murtadha/2016/04/25/sony-a6300-blows-every-mirrorless-camera-away-with-insane-speed-and-4k/","",post,publish,exclude-legacy-post,no,no
"https://people.utm.my/murtadha/2016/04/25/whats-coming-to-and-going-from-netflix-in-may/","",post,publish,exclude-legacy-post,no,no
"https://people.utm.my/murtadha/2016/04/25/11-times-beyonc-twirled-on-all-her-haters-in-lemonade/","",post,publish,exclude-legacy-post,no,no
"https://people.utm.my/murtadha/2016/04/24/unique-coral-reef-ecosystem-discovered-in-the-amazon-river/","",post,publish,exclude-legacy-post,no,no
"https://people.utm.my/murtadha/2016/04/24/doctor-who-reveals-the-new-companion-2/","",post,publish,exclude-legacy-post,no,no
"https://people.utm.my/murtadha/2016/04/24/prince-cremated-after-private-beautiful-ceremony/","",post,publish,exclude-legacy-post,no,no
"https://people.utm.my/murtadha/2016/04/24/north-korea-claims-successful-test-of-submarine-missile/","",post,publish,exclude-legacy-post,no,no
"https://people.utm.my/murtadha/2016/04/24/get-in-formation-beyoncs-new-album-lemonade-is-here/","",post,publish,exclude-legacy-post,no,no
"https://people.utm.my/murtadha/2016/04/24/beyoncs-lemonade-may-be-a-tidal-exclusive-forever/","",post,publish,exclude-legacy-post,no,no
"https://people.utm.my/murtadha/2016/04/24/beyoncs-lemonade-was-the-only-thing-twitter-could-talk-about/","",post,publish,exclude-legacy-post,no,no
"https://people.utm.my/murtadha/2016/04/24/australian-politician-sets-river-on-fire-to-protest-fracking-dangers/","",post,publish,exclude-legacy-post,no,no
"https://people.utm.my/murtadha/2016/04/24/beyoncs-lemonade-featured-a-slew-of-amazing-cameos-heres-a-guide/","",post,publish,exclude-legacy-post,no,no
"https://people.utm.my/murtadha/2016/04/24/aussies-warned-to-keep-drones-away-from-anzac-day-celebrations/","",post,publish,exclude-legacy-post,no,no
"https://people.utm.my/murtadha/2016/04/24/solar-powered-plane-reaches-california-after-journey-across-pacific/","",post,publish,exclude-legacy-post,no,no
"https://people.utm.my/murtadha/2016/04/24/doctor-who-reveals-the-new-companion/","",post,publish,exclude-legacy-post,no,no
"https://people.utm.my/murtadha/2016/04/24/prince-once-kicked-kim-kardashian-off-his-stage-because-she-wouldnt-dance/","",post,publish,exclude-legacy-post,no,no
"https://people.utm.my/murtadha/2016/04/24/amazon-echo-can-now-add-events-to-google-calendar/","",post,publish,exclude-legacy-post,no,no
"https://people.utm.my/murtadha/2016/04/24/pretty-much-everyone-covers-prince-at-coachella/","",post,publish,exclude-legacy-post,no,no
"https://people.utm.my/murtadha/2016/04/24/every-single-ipad-compared-in-one-ultimate-speed-showdown/","",post,publish,exclude-legacy-post,no,no
"https://people.utm.my/murtadha/2016/04/24/8-huge-usc-linemen-got-stuck-in-a-tiny-elevator-and-made-the-most-of-it/","",post,publish,exclude-legacy-post,no,no
"https://people.utm.my/murtadha/2016/04/24/simpsons-boss-unearths-script-pages-from-the-prince-episode-that-never-got-made/","",post,publish,exclude-legacy-post,no,no
"https://people.utm.my/murtadha/2016/04/24/prince-performs-alongside-jimmy-fallon-chris-rock-in-previously-unreleased-footage/","",post,publish,exclude-legacy-post,no,no
"https://people.utm.my/murtadha/2016/04/24/cam-newton-made-a-surprise-appearance-at-a-middle-school-playground-football-game/","",post,publish,exclude-legacy-post,no,no
"https://people.utm.my/murtadha/2016/04/24/samsung-galaxy-note-6-could-have-curved-screen-and-huge-battery/","",post,publish,exclude-legacy-post,no,no
"https://people.utm.my/murtadha/2016/04/23/omgyes-is-a-video-platform-that-helps-women-achieve-orgasm/","",post,publish,exclude-legacy-post,no,no
"https://people.utm.my/murtadha/2016/04/23/feds-drop-new-york-fight-with-apple-because-someone-gave-them-iphone-passcode/","",post,publish,exclude-legacy-post,no,no
"https://people.utm.my/murtadha/2016/04/23/google-honors-shakespeare-with-doodle-of-his-well-loved-plays/","",post,publish,exclude-legacy-post,no,no
"https://people.utm.my/murtadha/2016/04/23/shakespeare-is-still-reliable-with-the-ladies-says-online-dating-study/","",post,publish,exclude-legacy-post,no,no
"https://people.utm.my/murtadha/2016/04/23/how-two-refugees-created-a-design-agency-thats-changing-the-world/","",post,publish,exclude-legacy-post,no,no
"https://people.utm.my/murtadha/2016/04/23/newborn-puppy-that-lost-its-mom-finds-unusual-foster-family/","",post,publish,exclude-legacy-post,no,no
"https://people.utm.my/murtadha/2016/04/23/nba-says-james-hardens-game-winning-shot-that-bored-his-teammates-shouldnt-have-counted/","",post,publish,exclude-legacy-post,no,no
"https://people.utm.my/murtadha/2016/04/23/donald-trump-piatas-deliver-smashing-sales/","",post,publish,exclude-legacy-post,no,no
"https://people.utm.my/murtadha/2016/04/23/9-ways-to-spend-an-environmentally-friendly-day-at-the-beach/","",post,publish,exclude-legacy-post,no,no
"https://people.utm.my/murtadha/2016/04/23/15-fun-things-you-can-do-with-your-smartphone-photos-to-preserve-memories/","",post,publish,exclude-legacy-post,no,no
"https://people.utm.my/murtadha/2016/04/23/how-shakespeare-helped-create-todays-favorite-troubled-tv-characters/","",post,publish,exclude-legacy-post,no,no
"https://people.utm.my/murtadha/2016/04/23/1-25-juta-peminjam-ptptn-tersenarai-ccris/","",post,publish,exclude-legacy-post,no,no
"https://people.utm.my/murtadha/2016/04/23/prince-george-stayed-up-15-minutes-past-his-bedtime-to-meet-barack-and-michelle-obama/","",post,publish,exclude-legacy-post,no,no
"https://people.utm.my/murtadha/2016/04/23/prince-showed-no-obvious-signs-of-trauma-officials-rule-out-suicide/","",post,publish,exclude-legacy-post,no,no
"https://people.utm.my/murtadha/2016/04/23/the-curious-case-of-the-30-year-old-high-school-basketball-star/","",post,publish,exclude-legacy-post,no,no
"https://people.utm.my/murtadha/2016/04/23/extended-sandy-hook-lawsuit-might-just-be-what-the-plaintiffs-need/","",post,publish,exclude-legacy-post,no,no
"https://people.utm.my/murtadha/2016/04/23/pied-piper-is-still-the-underdog-in-silicon-valley-season-3/","",post,publish,exclude-legacy-post,no,no
"https://people.utm.my/murtadha/2016/04/23/mobile-ad-blocking-is-real-but-new-data-suggests-it-might-not-matter/","",post,publish,exclude-legacy-post,no,no
"https://people.utm.my/murtadha/2016/04/23/chrysler-recalls-1-1-million-vehicles-to-repair-confusing-shifter-design/","",post,publish,exclude-legacy-post,no,no
"https://people.utm.my/murtadha/2016/04/23/photo-challenge-show-us-your-upside-down-photos/","",post,publish,exclude-legacy-post,no,no
"https://people.utm.my/murtadha/2016/04/23/8-year-old-pens-thrilling-apocalyptic-novels-about-farts/","",post,publish,exclude-legacy-post,no,no
"https://people.utm.my/murtadha/2016/04/23/shells-city-car-concept-looks-like-it-was-designed-for-ronald-mcdonald/","",post,publish,exclude-legacy-post,no,no
"https://people.utm.my/murtadha/2016/04/23/michelle-mcnamara-true-crime-writer-and-wife-of-patton-oswalt-dies/","",post,publish,exclude-legacy-post,no,no
"https://people.utm.my/murtadha/2016/04/22/apple-blocked-from-selling-ibooks-and-movies-in-china/","",post,publish,exclude-legacy-post,no,no
"https://people.utm.my/murtadha/2016/04/22/oasis-paid-a-moving-tribute-to-prince-during-a-gig-in-scotland/","",post,publish,exclude-legacy-post,no,no
"https://people.utm.my/murtadha/2016/04/22/this-ceo-fits-all-of-her-trash-since-2012-in-a-mason-jar/","",post,publish,exclude-legacy-post,no,no
"https://people.utm.my/murtadha/2016/04/22/the-obamas-met-the-queen-for-her-90th-birthday/","",post,publish,exclude-legacy-post,no,no
"https://people.utm.my/murtadha/2016/04/22/google-doodles-highlight-our-planets-5-biomes-to-mark-earth-day/","",post,publish,exclude-legacy-post,no,no
"https://people.utm.my/murtadha/2016/04/22/go-inside-the-mighty-game-of-thrones-treasure-room-with-bran-stark/","",post,publish,exclude-legacy-post,no,no
"https://people.utm.my/murtadha/2016/04/22/biz-please-theres-room-to-grow-in-the-budding-marijuana-industry/","",post,publish,exclude-legacy-post,no,no
"https://people.utm.my/murtadha/2016/04/22/regal-cat-gets-the-custom-royal-oil-painting-she-deserves/","",post,publish,exclude-legacy-post,no,no
"https://people.utm.my/murtadha/2016/04/22/siris-meet-cute-with-apples-recycling-robot-goes-horribly-wrong-in-earth-day-ad/","",post,publish,exclude-legacy-post,no,no
"https://people.utm.my/murtadha/2016/04/22/kid-is-incredibly-impressed-with-the-vacuum-cleaner/","",post,publish,exclude-legacy-post,no,no
"https://people.utm.my/murtadha/2016/04/22/3-ways-chat-platforms-can-modernize-business-culture/","",post,publish,exclude-legacy-post,no,no
"https://people.utm.my/murtadha/2016/04/22/nba-commissioner-presses-north-carolina-on-all-star-game-and-anti-lgbt-law/","",post,publish,exclude-legacy-post,no,no
"https://people.utm.my/murtadha/2016/04/22/snapchatters-on-ios-can-now-swap-faces-with-pictures-on-their-phone/","",post,publish,exclude-legacy-post,no,no
"https://people.utm.my/murtadha/2016/04/22/these-chinese-phones-beat-apple-to-removing-the-headphone-jack/","",post,publish,exclude-legacy-post,no,no
"https://people.utm.my/murtadha/2016/04/22/social-media-slays-italian-football-team-after-extremely-ill-advised-haka/","",post,publish,exclude-legacy-post,no,no
"https://people.utm.my/murtadha/2016/04/22/frank-ocean-prince-made-me-more-comfortable-with-how-i-identify-sexually/","",post,publish,exclude-legacy-post,no,no
"https://people.utm.my/murtadha/2016/04/22/spike-lee-just-threw-a-huge-dance-party-for-prince/","",post,publish,exclude-legacy-post,no,no
"https://people.utm.my/murtadha/2016/04/22/the-newest-threat-on-orphan-black-is-the-creepiest-yet/","",post,publish,exclude-legacy-post,no,no
"https://people.utm.my/murtadha/2016/04/22/monuments-are-lighting-up-purple-to-honor-prince/","",post,publish,exclude-legacy-post,no,no
"https://people.utm.my/murtadha/2016/04/22/the-company-that-will-help-knock-misbehaving-drones-out-of-the-sky/","",post,publish,exclude-legacy-post,no,no
"https://people.utm.my/murtadha/2016/04/22/video-of-teacher-and-students-exchanging-blows-in-the-classroom-goes-viral-on-weibo/","",post,publish,exclude-legacy-post,no,no
"https://people.utm.my/murtadha/2016/04/22/these-creative-jelly-cakes-are-everything-you-loved-about-the-80s/","",post,publish,exclude-legacy-post,no,no
"https://people.utm.my/murtadha/2016/04/22/canada-sets-plans-for-legalizing-marijuana-in-2017/","",post,publish,exclude-legacy-post,no,no
"https://people.utm.my/murtadha/2016/04/22/teen-at-trump-rally-successfully-trolls-newspaper-with-nsfw-name/","",post,publish,exclude-legacy-post,no,no
"https://people.utm.my/murtadha/2016/04/22/6-cover-songs-prince-put-his-freaky-fascinating-spin-on/","",post,publish,exclude-legacy-post,no,no
"https://people.utm.my/murtadha/2016/04/22/overdose-deaths-are-a-big-reason-white-american-lifespans-are-in-decline/","",post,publish,exclude-legacy-post,no,no
"https://people.utm.my/murtadha/2016/04/22/madonna-pays-tribute-to-prince-calls-him-a-true-visionary/","",post,publish,exclude-legacy-post,no,no
"https://people.utm.my/murtadha/2016/04/22/mtv-boss-on-how-the-networks-going-back-to-its-music-roots/","",post,publish,exclude-legacy-post,no,no
"https://people.utm.my/murtadha/2016/04/22/snapchat-adds-purple-rain-geofilter-to-honor-prince/","",post,publish,exclude-legacy-post,no,no
"https://people.utm.my/murtadha/2016/04/22/watch-this-paddleboarder-have-a-crazy-close-encounter-with-a-whale/","",post,publish,exclude-legacy-post,no,no
"https://people.utm.my/murtadha/2016/04/22/justin-timberlake-on-prince-hes-somewhere-within-every-song-ive-ever-written/","",post,publish,exclude-legacy-post,no,no
"https://people.utm.my/murtadha/2016/04/22/univisions-digital-efforts-come-clearer-after-buying-disneys-piece-of-fusion/","",post,publish,exclude-legacy-post,no,no
"https://people.utm.my/murtadha/2016/04/22/nba-players-cant-stop-checking-their-phones-in-the-locker-room-at-halftime/","",post,publish,exclude-legacy-post,no,no
"https://people.utm.my/murtadha/2016/04/22/adakah-malaysia-dalam-rangkaian-kartel-dadah/","",post,publish,exclude-legacy-post,no,no
"https://people.utm.my/murtadha/2016/04/22/ikon-pop-prince-meninggal-dunia-pada-usia-57-tahun-tmz/","",post,publish,exclude-legacy-post,no,no
"https://people.utm.my/murtadha/2016/04/21/kerjasama-umno-pas-majukan-melayu-islam/","",post,publish,exclude-legacy-post,no,no
"https://people.utm.my/murtadha/2016/04/21/fenomena-bulan-mini-esok/","",post,publish,exclude-legacy-post,no,no
"https://people.utm.my/murtadha/2016/04/21/coy-7-year-old-tips-off-teacher-that-his-spelling-test-was-leaked-online/","",post,publish,exclude-legacy-post,no,no
"https://people.utm.my/murtadha/2016/04/21/the-queens-birthday-cake-is-a-lot-more-normal-than-youd-expect/","",post,publish,exclude-legacy-post,no,no
"https://people.utm.my/murtadha/2016/04/21/these-damien-hirst-artworks-leaked-formaldehyde-gas/","",post,publish,exclude-legacy-post,no,no
"https://people.utm.my/murtadha/2016/04/21/facebook-opens-philippines-office/","",post,publish,exclude-legacy-post,no,no
"https://people.utm.my/murtadha/2016/04/21/tbt-easy-bake-oven-food-was-kind-of-gross-but-we-ate-it-anyway/","",post,publish,exclude-legacy-post,no,no
"https://people.utm.my/murtadha/2016/04/21/smuggled-north-korea-photos-give-rare-look-at-life-outside-the-capital/","",post,publish,exclude-legacy-post,no,no
"https://people.utm.my/murtadha/2016/04/21/young-star-wars-fan-saves-coins-to-buy-his-dream-lightsaber-gets-it-as-a-gift-from-amazon/","",post,publish,exclude-legacy-post,no,no
"https://people.utm.my/murtadha/2016/04/21/11-tips-for-creating-or-changing-a-logo-that-can-grow-with-your-company/","",post,publish,exclude-legacy-post,no,no
"https://people.utm.my/murtadha/2016/04/21/tell-your-facebook-friends-how-youre-celebrating-the-queens-birthday/","",post,publish,exclude-legacy-post,no,no
"https://people.utm.my/murtadha/2016/04/21/soccer-player-tim-cahill-reimagined-in-epic-photoshop-battle/","",post,publish,exclude-legacy-post,no,no
"https://people.utm.my/murtadha/2016/04/21/13-questions-we-want-answered-in-beyonces-lemonade/","",post,publish,exclude-legacy-post,no,no
"https://people.utm.my/murtadha/2016/04/21/how-to-stress-less-in-the-workplace/","",post,publish,exclude-legacy-post,no,no
"https://people.utm.my/murtadha/2016/04/21/el-nino-sekolah-di-temerloh-jerantut-tutup-esok/","",post,publish,exclude-legacy-post,no,no
"https://people.utm.my/murtadha/2016/04/21/tony-eusoff-dihukum-penjara-8-bulan-di-singapura/","",post,publish,exclude-legacy-post,no,no
"https://people.utm.my/murtadha/2016/04/21/hoverboards-are-over-but-the-hovercart-is-kinda-genius/","",post,publish,exclude-legacy-post,no,no
"https://people.utm.my/murtadha/2016/04/21/paula-abdul-boyz-ii-men-dream-in-same-festival-lineup-because-its-2001/","",post,publish,exclude-legacy-post,no,no
"https://people.utm.my/murtadha/2016/04/21/weird-internet-trend-the-running-man-challenge-has-infiltrated-the-nba/","",post,publish,exclude-legacy-post,no,no
"https://people.utm.my/murtadha/2016/04/21/60-minutes-crew-and-australian-mother-released-from-lebanon-after-kidnapping-ordeal/","",post,publish,exclude-legacy-post,no,no
"https://people.utm.my/murtadha/2016/04/21/theater-major-takes-dramatic-debt-themed-graduation-photos/","",post,publish,exclude-legacy-post,no,no
"https://people.utm.my/murtadha/2016/04/21/inside-xiaomis-plan-to-dominate-the-connected-world/","",post,publish,exclude-legacy-post,no,no
"https://people.utm.my/murtadha/2016/04/21/mama-dolphin-cuddling-with-newborn-will-give-you-all-the-feels/","",post,publish,exclude-legacy-post,no,no
"https://people.utm.my/murtadha/2016/04/21/curt-schilling-out-at-espn-after-transphobic-facebook-post/","",post,publish,exclude-legacy-post,no,no
"https://people.utm.my/murtadha/2016/04/21/aston-martins-v8-vantage-gt-roadster-is-a-barbarian-in-a-tuxedo/","",post,publish,exclude-legacy-post,no,no
"https://people.utm.my/murtadha/2016/04/21/rape-victims-face-honor-code-investigations-at-brigham-young-university/","",post,publish,exclude-legacy-post,no,no
"https://people.utm.my/murtadha/2016/04/21/australia-is-getting-its-first-lgbtq-pride-centre/","",post,publish,exclude-legacy-post,no,no
"https://people.utm.my/murtadha/2016/04/21/federal-judge-rules-fbi-didnt-have-proper-warrant-to-hack-child-porn-site/","",post,publish,exclude-legacy-post,no,no
"https://people.utm.my/murtadha/2016/04/21/toilet-rat-bites-irish-mans-bum-prompting-city-wide-scare/","",post,publish,exclude-legacy-post,no,no
"https://people.utm.my/murtadha/2016/04/21/bryan-cranston-with-a-mullet-got-a-totally-rad-photoshop-battle/","",post,publish,exclude-legacy-post,no,no
"https://people.utm.my/murtadha/2016/04/21/its-a-record-155-nations-plan-to-sign-paris-climate-agreement-this-friday/","",post,publish,exclude-legacy-post,no,no
"https://people.utm.my/murtadha/2016/04/21/order-porn-with-emoji-because-2016/","",post,publish,exclude-legacy-post,no,no
"https://people.utm.my/murtadha/2016/04/21/harriet-tubman-to-replace-jackson-on-the-20-bill-hamilton-stays-on-the-10/","",post,publish,exclude-legacy-post,no,no
"https://people.utm.my/murtadha/2016/04/21/hometown-glory-clinton-and-trump-win-big-sanders-remains-optimistic/","",post,publish,exclude-legacy-post,no,no
"https://people.utm.my/murtadha/2016/04/21/hawk-mascots-flight-attempt-ends-in-painful-regret/","",post,publish,exclude-legacy-post,no,no
"https://people.utm.my/murtadha/2016/04/21/10-virtual-reality-experiences-that-will-really-blow-your-mind-on-420/","",post,publish,exclude-legacy-post,no,no
"https://people.utm.my/murtadha/2016/04/21/john-boyega-mark-hamill-design-adorable-mini-bb-8-droids/","",post,publish,exclude-legacy-post,no,no
"https://people.utm.my/murtadha/2016/04/21/in-1977-acdc-electrified-nyc-with-this-dynamite-concert/","",post,publish,exclude-legacy-post,no,no
"https://people.utm.my/murtadha/2016/04/21/benedict-cumberbatch-takes-on-richard-iii-in-the-hollow-crown/","",post,publish,exclude-legacy-post,no,no
"https://people.utm.my/murtadha/2016/04/21/mustar-juarai-kilauan-emas-otai/","",post,publish,exclude-legacy-post,no,no
"https://people.utm.my/murtadha/2016/04/20/felda-jdt-menang-bergaya/","",post,publish,exclude-legacy-post,no,no
"https://people.utm.my/murtadha/2016/04/20/murid-tahun-dua-dipercayai-dipatuk-ular-di-rembau/","",post,publish,exclude-legacy-post,no,no
"https://people.utm.my/murtadha/2016/04/20/colbert-apologises-to-australia-for-everything-and-johnny-depp/","",post,publish,exclude-legacy-post,no,no
"https://people.utm.my/murtadha/2016/04/20/american-hero-smashes-pizza-into-her-face-on-kiss-cam-like-nobodys-business/","",post,publish,exclude-legacy-post,no,no
"https://people.utm.my/murtadha/2016/04/20/people-are-channeling-the-queen-by-wearing-classic-silk-headscarves/","",post,publish,exclude-legacy-post,no,no
"https://people.utm.my/murtadha/2016/04/20/7-obvious-reasons-why-you-shouldnt-climb-this-sacred-site-in-australia/","",post,publish,exclude-legacy-post,no,no
"https://people.utm.my/murtadha/2016/04/20/after-calling-it-a-gift-indian-government-says-it-will-try-to-get-the-kohinoor-diamond-back/","",post,publish,exclude-legacy-post,no,no
"https://people.utm.my/murtadha/2016/04/20/meet-root-the-robot-that-helps-students-understand-programming/","",post,publish,exclude-legacy-post,no,no
"https://people.utm.my/murtadha/2016/04/20/youll-soon-be-able-to-post-prince-georges-beaming-face-to-your-friends/","",post,publish,exclude-legacy-post,no,no
"https://people.utm.my/murtadha/2016/04/20/samsung-launches-pink-gold-versions-of-galaxy-s7-and-s7-edge/","",post,publish,exclude-legacy-post,no,no
"https://people.utm.my/murtadha/2016/04/20/france-wants-to-extend-emergency-powers-until-after-euro-2016/","",post,publish,exclude-legacy-post,no,no
"https://people.utm.my/murtadha/2016/04/20/your-fedora-hat-is-making-all-of-your-friends-sad/","",post,publish,exclude-legacy-post,no,no
"https://people.utm.my/murtadha/2016/04/20/10-lelaki-ditahan-syabu-rm36-juta-dirampas/","",post,publish,exclude-legacy-post,no,no
"https://people.utm.my/murtadha/2016/04/20/lelaki-cuba-rempuh-anggota-polis-mati-ditembak/","",post,publish,exclude-legacy-post,no,no
"https://people.utm.my/murtadha/2016/04/20/intel-just-cut-12000-jobs/","",post,publish,exclude-legacy-post,no,no
"https://people.utm.my/murtadha/2016/04/20/rescuers-help-save-horses-from-drowning-in-houston-floodwaters/","",post,publish,exclude-legacy-post,no,no
"https://people.utm.my/murtadha/2016/04/20/say-goodbye-to-silver-diet-coke-cans/","",post,publish,exclude-legacy-post,no,no
"https://people.utm.my/murtadha/2016/04/20/breaking-bad-biggies-are-getting-closer-on-better-call-saul/","",post,publish,exclude-legacy-post,no,no
"https://people.utm.my/murtadha/2016/04/20/sorry-but-apples-updated-macbook-is-a-huge-disappointment/","",post,publish,exclude-legacy-post,no,no
"https://people.utm.my/murtadha/2016/04/20/american-photoshop-glory-2016-presidential-candidates-posing-with-their-younger-selves/","",post,publish,exclude-legacy-post,no,no
"https://people.utm.my/murtadha/2016/04/20/wow-this-guys-owen-wilson-impression-is-unreal/","",post,publish,exclude-legacy-post,no,no
"https://people.utm.my/murtadha/2016/04/20/a-sunspot-the-size-of-5-earths-unleashed-a-spectacular-solar-flare-this-week/","",post,publish,exclude-legacy-post,no,no
"https://people.utm.my/murtadha/2016/04/20/fake-apple-watch-band-has-the-look-of-luxury-but-how-does-it-feel/","",post,publish,exclude-legacy-post,no,no
"https://people.utm.my/murtadha/2016/04/20/the-20-best-youtube-videos-to-watch-stoned/","",post,publish,exclude-legacy-post,no,no
"https://people.utm.my/murtadha/2016/04/20/macs-new-collection-lets-you-tap-into-your-inner-troll-doll/","",post,publish,exclude-legacy-post,no,no
"https://people.utm.my/murtadha/2016/04/20/vr-porn-is-coming-to-hotels-on-the-las-vegas-strip/","",post,publish,exclude-legacy-post,no,no
"https://people.utm.my/murtadha/2016/04/19/heres-why-logging-in-with-your-google-account-isnt-working-right-now/","",post,publish,exclude-legacy-post,no,no
"https://people.utm.my/murtadha/2016/04/19/women-are-tweeting-their-experiences-of-being-sexually-harassed-during-childhood/","",post,publish,exclude-legacy-post,no,no
"https://people.utm.my/murtadha/2016/04/19/woman-combines-her-love-of-horses-and-yoga-to-achieve-neigh-maste/","",post,publish,exclude-legacy-post,no,no
"https://people.utm.my/murtadha/2016/04/19/rainbow-face-highlighter-makes-it-look-like-a-leprechaun-licked-your-beautiful-face/","",post,publish,exclude-legacy-post,no,no
"https://people.utm.my/murtadha/2016/04/19/see-early-football-players-go-airborne-during-kicking-practice/","",post,publish,exclude-legacy-post,no,no
"https://people.utm.my/murtadha/2016/04/19/device-claims-to-turn-off-cramps-hoax-or-hope/","",post,publish,exclude-legacy-post,no,no
"https://people.utm.my/murtadha/2016/04/19/mexican-volcano-erupts-in-fiery-timelapse-video/","",post,publish,exclude-legacy-post,no,no
"https://people.utm.my/murtadha/2016/04/19/the-pink-macbook-is-real-yall/","",post,publish,exclude-legacy-post,no,no
"https://people.utm.my/murtadha/2016/04/19/whats-the-best-shakespeare-play-ever-written-round-2-of-this-be-madness/","",post,publish,exclude-legacy-post,no,no
"https://people.utm.my/murtadha/2016/04/19/snow-white-cat-has-the-most-magical-blue-and-green-eyes/","",post,publish,exclude-legacy-post,no,no
"https://people.utm.my/murtadha/2016/04/19/princes-william-and-harry-took-the-star-wars-set-visit-of-your-dreams/","",post,publish,exclude-legacy-post,no,no
"https://people.utm.my/murtadha/2016/04/19/this-indian-state-requires-users-to-get-a-government-permit-to-create-whatsapp-groups/","",post,publish,exclude-legacy-post,no,no
"https://people.utm.my/murtadha/2016/04/19/cheaper-vizio-4k-tvs-with-built-in-google-cast-are-here/","",post,publish,exclude-legacy-post,no,no
"https://people.utm.my/murtadha/2016/04/19/stephen-colbert-shows-hillary-clinton-how-to-eat-cheesecake-in-public/","",post,publish,exclude-legacy-post,no,no
"https://people.utm.my/murtadha/2016/04/19/sneezing-wombat-understands-your-seasonal-allergy-struggles/","",post,publish,exclude-legacy-post,no,no
"https://people.utm.my/murtadha/2016/04/19/a-vine-tour-of-the-recreated-palmyra-arch-in-londons-trafalgar-square/","",post,publish,exclude-legacy-post,no,no
"https://people.utm.my/murtadha/2016/04/19/little-boy-has-the-most-adorable-reaction-to-going-flying-for-the-first-time/","",post,publish,exclude-legacy-post,no,no
"https://people.utm.my/murtadha/2016/04/19/nasa-releases-glorious-4k-footage-of-earth-as-seen-from-the-iss/","",post,publish,exclude-legacy-post,no,no
"https://people.utm.my/murtadha/2016/04/19/star-wars-themed-martial-arts-class-is-perfect-for-young-jedis/","",post,publish,exclude-legacy-post,no,no
"https://people.utm.my/murtadha/2016/04/19/landed-a-new-gig-heres-what-you-need-to-know-before-signing-any-noncompete-agreement/","",post,publish,exclude-legacy-post,no,no
"https://people.utm.my/murtadha/2016/04/19/this-stuntman-backflipping-over-a-speeding-formula-e-car-is-completely-terrifying/","",post,publish,exclude-legacy-post,no,no
"https://people.utm.my/murtadha/2016/04/19/marriott-has-new-rewards-offerings-and-you-dont-need-a-ton-of-points/","",post,publish,exclude-legacy-post,no,no
"https://people.utm.my/murtadha/2016/04/19/a-griffin-invaded-this-group-of-hat-wearing-eagles-can-you-find-it/","",post,publish,exclude-legacy-post,no,no
"https://people.utm.my/murtadha/2016/04/19/lgbtq-comic-books-blast-away-lazy-stereotypes-with-awesome-superheroes/","",post,publish,exclude-legacy-post,no,no
"https://people.utm.my/murtadha/2016/04/19/job-hunting-this-will-help-get-your-social-media-profiles-recruiter-ready/","",post,publish,exclude-legacy-post,no,no
"https://people.utm.my/murtadha/2016/04/19/15-weird-and-wonderful-etsy-buys-to-celebrate-the-queens-birthday/","",post,publish,exclude-legacy-post,no,no
"https://people.utm.my/murtadha/2016/04/19/tesla-autopilot-saves-driver-from-collision-elon-musk-approves/","",post,publish,exclude-legacy-post,no,no
"https://people.utm.my/murtadha/2016/04/19/jeremy-clarkson-shows-just-how-different-the-former-top-gear-team-looked-when-they-were-young/","",post,publish,exclude-legacy-post,no,no
"https://people.utm.my/murtadha/2016/04/19/patrick-stewart-shares-picture-of-himself-in-drag-gets-compared-to-helen-mirren/","",post,publish,exclude-legacy-post,no,no
"https://people.utm.my/murtadha/2016/04/19/fresh-controversy-over-kohinoor-diamond-after-indian-government-says-it-was-gifted-to-britain/","",post,publish,exclude-legacy-post,no,no
"https://people.utm.my/murtadha/2016/04/19/chinese-users-rattled-by-twitter-hiring-former-state-affiliated-exec-as-its-china-chief/","",post,publish,exclude-legacy-post,no,no
"https://people.utm.my/murtadha/2016/04/19/theskimm-fixed-email-newsletters-now-it-wants-to-fix-your-calendar/","",post,publish,exclude-legacy-post,no,no
"https://people.utm.my/murtadha/2016/04/19/smog-in-chiang-mai-reaches-unhealthy-levels-for-4th-consecutive-day/","",post,publish,exclude-legacy-post,no,no
"https://people.utm.my/murtadha/2016/04/19/finally-uberx-is-coming-to-sydney-airport/","",post,publish,exclude-legacy-post,no,no
"https://people.utm.my/murtadha/2016/04/19/daisy-ridley-shares-a-powerful-message-about-self-esteem-on-social-media/","",post,publish,exclude-legacy-post,no,no
"https://people.utm.my/murtadha/2016/04/19/apple-pay-comes-to-singapore/","",post,publish,exclude-legacy-post,no,no
"https://people.utm.my/murtadha/2016/04/19/pearl-jam-cancel-north-carolina-concert-over-anti-lgbt-law/","",post,publish,exclude-legacy-post,no,no
"https://people.utm.my/murtadha/2016/04/19/delhis-first-dog-cafe-will-bowl-you-over-with-its-cute-canines/","",post,publish,exclude-legacy-post,no,no
"https://people.utm.my/murtadha/2016/04/19/a-decade-late-americans-have-finally-discovered-empire-of-the-sun/","",post,publish,exclude-legacy-post,no,no
"https://people.utm.my/murtadha/2016/04/19/desolate-photos-capture-silently-disappearing-australian-pubs/","",post,publish,exclude-legacy-post,no,no
"https://people.utm.my/murtadha/2016/04/19/how-to-take-a-beauty-website-from-an-australian-garage-to-china/","",post,publish,exclude-legacy-post,no,no
"https://people.utm.my/murtadha/2016/04/19/taliban-launch-deadly-bombing-attack-on-afghan-capital/","",post,publish,exclude-legacy-post,no,no
"https://people.utm.my/murtadha/2016/04/19/australian-tutor-goes-on-weibo-rants-against-chinese-students/","",post,publish,exclude-legacy-post,no,no
"https://people.utm.my/murtadha/2016/04/19/10-haikus-that-capture-love-in-the-time-of-tinder/","",post,publish,exclude-legacy-post,no,no
"https://people.utm.my/murtadha/2016/04/19/china-launches-new-tourism-campaign-to-combat-uncivilised-behaviour/","",post,publish,exclude-legacy-post,no,no
"https://people.utm.my/murtadha/2016/04/19/restaurateur-beaten-to-death-by-alleged-chinese-government-officials-dining-free/","",post,publish,exclude-legacy-post,no,no
"https://people.utm.my/murtadha/2016/04/19/powerful-winds-whip-through-tokyo-tear-down-scaffolding-on-9-storey-building/","",post,publish,exclude-legacy-post,no,no
"https://people.utm.my/murtadha/2016/04/19/a-south-korean-fried-chicken-joint-has-to-pay-louis-vuitton-12750-for-using-its-name/","",post,publish,exclude-legacy-post,no,no
"https://people.utm.my/murtadha/2016/04/19/better-call-saul-season-2-finale-big-brother-is-always-watching/","",post,publish,exclude-legacy-post,no,no
"https://people.utm.my/murtadha/2016/04/19/michigan-governor-pledges-to-drink-flint-water-for-a-month/","",post,publish,exclude-legacy-post,no,no
"https://people.utm.my/murtadha/2016/04/19/terrifying-video-shows-firefighters-fleeing-fire-tornado/","",post,publish,exclude-legacy-post,no,no
"https://people.utm.my/murtadha/2016/04/19/that-cool-apple-watch-battery-charger-band-just-got-canceled/","",post,publish,exclude-legacy-post,no,no
"https://people.utm.my/murtadha/2016/04/19/groom-crashes-rented-342000-ferrari-into-wall-on-his-wedding-day/","",post,publish,exclude-legacy-post,no,no
"https://people.utm.my/murtadha/2016/04/19/meet-the-man-who-is-writing-one-song-for-each-of-the-700-pokmon/","",post,publish,exclude-legacy-post,no,no
"https://people.utm.my/murtadha/2016/04/19/android-may-be-getting-its-own-version-of-3d-touch/","",post,publish,exclude-legacy-post,no,no
"https://people.utm.my/murtadha/2016/04/19/joss-whedon-on-ultron-i-come-off-of-it-feeling-like-a-miserable-failure/","",post,publish,exclude-legacy-post,no,no
"https://people.utm.my/murtadha/2016/04/19/everybody-loves-raymond-star-doris-roberts-dies-at-90/","",post,publish,exclude-legacy-post,no,no
"https://people.utm.my/murtadha/2016/04/19/pop-up-style-views-from-inside-drakes-surprise-nyc-event/","",post,publish,exclude-legacy-post,no,no
"https://people.utm.my/murtadha/2016/04/19/music-industry-seeks-to-have-kickasstorrents-blocked-in-australia/","",post,publish,exclude-legacy-post,no,no
"https://people.utm.my/murtadha/2016/04/19/anti-rape-ads-give-college-acceptance-letters-a-disturbing-twist/","",post,publish,exclude-legacy-post,no,no
"https://people.utm.my/murtadha/2016/04/19/uber-wants-to-be-your-everything-launches-ubereats-in-australia/","",post,publish,exclude-legacy-post,no,no
"https://people.utm.my/murtadha/2016/04/19/you-cannot-stop-russell-westbrook-from-dancing/","",post,publish,exclude-legacy-post,no,no
"https://people.utm.my/murtadha/2016/04/19/australian-youtuber-takes-johnny-depp-amber-heard-apology-hostage/","",post,publish,exclude-legacy-post,no,no
"https://people.utm.my/murtadha/2016/04/19/the-apple-car-is-being-developed-in-germany-report-says/","",post,publish,exclude-legacy-post,no,no
"https://people.utm.my/murtadha/2016/04/19/j-j-watt-went-to-football-practice-amid-dangerous-houston-flood-because-j-j-watt/","",post,publish,exclude-legacy-post,no,no
"https://people.utm.my/murtadha/2016/04/19/dude-using-two-machines-at-the-gym-might-have-it-all-figured-out/","",post,publish,exclude-legacy-post,no,no
"https://people.utm.my/murtadha/2016/04/19/dozens-of-horses-rescued-from-rising-floodwaters-near-houston/","",post,publish,exclude-legacy-post,no,no
"https://people.utm.my/murtadha/2016/04/19/the-2016-chevy-cruze-proves-affordable-cars-dont-have-to-be-boring/","",post,publish,exclude-legacy-post,no,no
"https://people.utm.my/murtadha/2016/04/19/did-this-oakland-as-ballboy-just-make-mlbs-catch-of-the-season/","",post,publish,exclude-legacy-post,no,no
"https://people.utm.my/murtadha/2016/04/19/no-dr-pepper-isnt-being-discontinued-so-please-calm-down/","",post,publish,exclude-legacy-post,no,no
"https://people.utm.my/murtadha/2016/04/19/nypds-anti-encryption-unlockjustice-campaign-fails-big-time/","",post,publish,exclude-legacy-post,no,no
"https://people.utm.my/murtadha/2016/04/19/cake-by-the-ocean-passover-parody-is-here-to-help-you-celebrate-seder/","",post,publish,exclude-legacy-post,no,no
"https://people.utm.my/murtadha/2016/04/19/verizon-and-hearst-miss-memo-on-doomed-digital-media-buy-complex-media/","",post,publish,exclude-legacy-post,no,no
"https://people.utm.my/murtadha/2016/04/19/amazons-8-99-monthly-video-paying-more-for-less-than-prime/","",post,publish,exclude-legacy-post,no,no
"https://people.utm.my/murtadha/2016/04/19/how-one-syrian-teenage-girl-is-raising-awareness-of-child-marriage/","",post,publish,exclude-legacy-post,no,no
"https://people.utm.my/murtadha/2016/04/19/kanye-west-admits-he-got-a-phone-to-lure-kim-kardashian-out-of-her-previous-marriage/","",post,publish,exclude-legacy-post,no,no
"https://people.utm.my/murtadha/2016/04/19/were-approaching-the-end-of-yahoo-as-we-know-it/","",post,publish,exclude-legacy-post,no,no
"https://people.utm.my/murtadha/2016/04/19/rihanna-and-leonardo-dicaprio-may-have-rekindled-their-romance-at-coachella/","",post,publish,exclude-legacy-post,no,no
"https://people.utm.my/murtadha/2016/04/19/indian-classical-musicians-use-the-force-to-cover-iconic-star-wars-music/","",post,publish,exclude-legacy-post,no,no
"https://people.utm.my/murtadha/2016/04/19/linkedins-career-app-helps-college-students-land-their-first-jobs/","",post,publish,exclude-legacy-post,no,no
"https://people.utm.my/murtadha/2016/04/19/students-spend-six-strategic-minutes-exploiting-a-vending-machine/","",post,publish,exclude-legacy-post,no,no
"https://people.utm.my/murtadha/2016/04/19/netflix-has-a-mo-money-mo-problems-problem/","",post,publish,exclude-legacy-post,no,no
"https://people.utm.my/murtadha/2016/04/19/youtube-introduces-360-degree-live-streaming-and-spatial-audio/","",post,publish,exclude-legacy-post,no,no
"https://people.utm.my/murtadha/2016/04/19/houstons-flood-of-biblical-proportions-in-photos/","",post,publish,exclude-legacy-post,no,no
"https://people.utm.my/murtadha/2016/04/19/slack-youve-got-company-wechat-just-launched-its-own-office-chat-app/","",post,publish,exclude-legacy-post,no,no
"https://people.utm.my/murtadha/2016/04/19/photos-from-ecuador-show-massive-earthquakes-devastation/","",post,publish,exclude-legacy-post,no,no
"https://people.utm.my/murtadha/2016/04/19/fbi-costumed-stripper-with-fake-assault-rifle-inspires-panic-chaos/","",post,publish,exclude-legacy-post,no,no
"https://people.utm.my/murtadha/2016/04/19/facebook-messenger-chief-it-will-be-years-before-everyone-has-m/","",post,publish,exclude-legacy-post,no,no
"https://people.utm.my/murtadha/2016/04/19/lin-manuel-miranda-wins-pulitzer-for-hamilton-surprising-no-one/","",post,publish,exclude-legacy-post,no,no
"https://people.utm.my/murtadha/2016/04/19/10-of-the-most-stupendous-physics-fails-in-gaming/","",post,publish,exclude-legacy-post,no,no
"https://people.utm.my/murtadha/2016/04/19/saxophonist-covers-rihanna-and-drake-and-makes-everything-sexier/","",post,publish,exclude-legacy-post,no,no
"https://people.utm.my/murtadha/2016/04/19/auroras-dance-above-earth-in-gorgeous-new-4k-video-from-space/","",post,publish,exclude-legacy-post,no,no
"https://people.utm.my/murtadha/2016/04/19/13-alarmist-marijuana-posters-from-the-reefer-madness-era/","",post,publish,exclude-legacy-post,no,no
"https://people.utm.my/murtadha/2016/04/19/british-people-made-a-touching-memorial-for-some-digestive-biscuits/","",post,publish,exclude-legacy-post,no,no
"https://people.utm.my/murtadha/2016/04/19/brazil-takes-step-toward-impeaching-president-dilma-rousseff/","",post,publish,exclude-legacy-post,no,no
"https://people.utm.my/murtadha/2016/04/19/siri-reveals-apples-wwdc-2016-starts-june-13/","",post,publish,exclude-legacy-post,no,no
"https://people.utm.my/murtadha/2016/04/19/a-basketball-lovers-journey-from-youtube-innovator-to-nba-video-editor/","",post,publish,exclude-legacy-post,no,no
"https://people.utm.my/murtadha/2016/04/19/a-rainbow-grilled-cheese-probably-tastes-like-eating-a-melted-unicorn/","",post,publish,exclude-legacy-post,no,no
"https://people.utm.my/murtadha/2016/04/19/this-stylish-smartwatch-is-the-first-with-alexa-voice-commands/","",post,publish,exclude-legacy-post,no,no
"https://people.utm.my/murtadha/2016/04/19/gravity-waves-may-ripple-through-plutos-hazy-atmosphere/","",post,publish,exclude-legacy-post,no,no
"https://people.utm.my/murtadha/2016/04/19/beyonc-released-an-extended-trailer-for-the-mysterious-lemonade-project/","",post,publish,exclude-legacy-post,no,no
"https://people.utm.my/murtadha/2016/04/19/u-s-senate-pushes-to-give-veterans-access-to-medical-marijuana/","",post,publish,exclude-legacy-post,no,no
"https://people.utm.my/murtadha/2016/04/19/taylor-swift-had-a-meltdown-over-calvin-harriss-coachella-performance/","",post,publish,exclude-legacy-post,no,no
"https://people.utm.my/murtadha/2016/04/19/step-aside-soul-cycle-imax-is-testing-an-immersive-cycling-concept/","",post,publish,exclude-legacy-post,no,no
"https://people.utm.my/murtadha/2016/04/19/stana-katic-wont-be-part-of-castle-season-9/","",post,publish,exclude-legacy-post,no,no
"https://people.utm.my/murtadha/2016/04/19/fan-edits-all-game-of-thrones-season-6-promo-footage-into-one-mega-trailer/","",post,publish,exclude-legacy-post,no,no
"https://people.utm.my/murtadha/2016/04/19/15-sly-unbreakable-kimmy-schmidt-season-2-jokes-you-mightve-missed/","",post,publish,exclude-legacy-post,no,no
"https://people.utm.my/murtadha/2016/04/19/sonys-crackle-is-coming-to-xfinity-on-demand/","",post,publish,exclude-legacy-post,no,no
"https://people.utm.my/murtadha/2016/04/19/watch-these-pro-groundskeepers-transform-a-baseball-field-into-fun-emoji-art/","",post,publish,exclude-legacy-post,no,no
"https://people.utm.my/murtadha/2016/04/19/how-amazon-became-a-serious-competitor-for-netflix/","",post,publish,exclude-legacy-post,no,no
"https://people.utm.my/murtadha/2016/04/19/be-the-wizard-youve-always-known-you-were-with-this-vr-game/","",post,publish,exclude-legacy-post,no,no
"https://people.utm.my/murtadha/2016/04/19/rei-opens-disaster-relief-center-in-nepal-a-year-after-devastating-earthquake/","",post,publish,exclude-legacy-post,no,no
"https://people.utm.my/murtadha/2016/04/19/the-twilight-zone-is-up-next-for-the-creator-of-bioshock/","",post,publish,exclude-legacy-post,no,no
"https://people.utm.my/murtadha/2016/04/19/video-shows-widespread-devastation-in-ecuador-after-earthquake/","",post,publish,exclude-legacy-post,no,no
"https://people.utm.my/murtadha/2016/04/19/meryl-streep-wasnt-happy-with-her-performance-in-this-award-winning-film/","",post,publish,exclude-legacy-post,no,no
"https://people.utm.my/murtadha/2016/04/19/carnival-pledges-to-delay-cruises-to-cuba-until-cuba-born-passengers-are-allowed-aboard/","",post,publish,exclude-legacy-post,no,no
"https://people.utm.my/murtadha/2016/04/19/how-you-can-help-the-survivors-of-the-massive-earthquake-in-ecuador/","",post,publish,exclude-legacy-post,no,no
"https://people.utm.my/murtadha/2016/04/19/thailand-treats-these-life-size-dolls-like-real-children-this-woman-is-their-mother/","",post,publish,exclude-legacy-post,no,no
"https://people.utm.my/murtadha/2016/04/19/canine-bromance-blooms-as-rowlf-the-dog-covers-snoop-dogg/","",post,publish,exclude-legacy-post,no,no
"https://people.utm.my/murtadha/2016/04/18/bagel-rat-is-officially-the-most-new-york-rodent-in-the-world/","",post,publish,exclude-legacy-post,no,no
"https://people.utm.my/murtadha/2016/04/18/mcdonalds-of-the-future-to-offer-all-you-can-eat-fries/","",post,publish,exclude-legacy-post,no,no
"https://people.utm.my/murtadha/2016/04/18/deleted-season-2-scene-shows-silicon-valley-crew-failing-to-celebrate/","",post,publish,exclude-legacy-post,no,no
"https://people.utm.my/murtadha/2016/04/18/whats-the-best-shakespeare-play-ever-written-introducing-our-this-be-madness-bracket/","",post,publish,exclude-legacy-post,no,no
"https://people.utm.my/murtadha/2016/04/18/irish-boy-with-autism-explains-what-its-like-to-live-with-his-condition/","",post,publish,exclude-legacy-post,no,no
"https://people.utm.my/murtadha/2016/04/18/student-kicked-off-flight-for-potentially-threatening-comments-was-just-speaking-arabic/","",post,publish,exclude-legacy-post,no,no
"https://people.utm.my/murtadha/2016/04/18/this-1936-joan-of-arc-festival-had-some-seriously-good-cosplay/","",post,publish,exclude-legacy-post,no,no
"https://people.utm.my/murtadha/2016/04/18/joan-chen-is-sky-new-short-film-sends-climate-warning-from-the-heavens/","",post,publish,exclude-legacy-post,no,no
"https://people.utm.my/murtadha/2016/04/18/historic-houston-flood-14-inches-of-rain-in-under-12-hours-and-its-not-over/","",post,publish,exclude-legacy-post,no,no
"https://people.utm.my/murtadha/2016/04/18/floofy-flying-labradoodle-gets-an-equally-majestic-photoshop-battle/","",post,publish,exclude-legacy-post,no,no
"https://people.utm.my/murtadha/2016/04/18/chris-brown-opens-up-about-rihanna-assault-in-new-documentary-trailer/","",post,publish,exclude-legacy-post,no,no
"https://people.utm.my/murtadha/2016/04/18/thin-flexible-sheet-camera-could-turn-any-surface-into-a-camera/","",post,publish,exclude-legacy-post,no,no
"https://people.utm.my/murtadha/2016/04/18/an-animated-breakdown-of-the-hobbit-trilogy/","",post,publish,exclude-legacy-post,no,no
"https://people.utm.my/murtadha/2016/04/18/hugh-grant-has-said-the-strangest-things-about-his-leading-ladies/","",post,publish,exclude-legacy-post,no,no
"https://people.utm.my/murtadha/2016/04/18/houston-reporter-saves-driver-from-submerged-car-during-flood/","",post,publish,exclude-legacy-post,no,no
"https://people.utm.my/murtadha/2016/04/18/taylor-swifts-newest-apple-music-ad-is-todays-dose-of-00s-nostalgia/","",post,publish,exclude-legacy-post,no,no
"https://people.utm.my/murtadha/2016/04/18/john-oliver-and-sesame-street-teach-us-that-lead-poisoning-is-still-a-huge-problem/","",post,publish,exclude-legacy-post,no,no
"https://people.utm.my/murtadha/2016/04/18/lincoln-recut-as-a-kung-fu-film-is-an-action-packed-farce-youll-wish-was-real/","",post,publish,exclude-legacy-post,no,no
"https://people.utm.my/murtadha/2016/04/18/growth-and-progress-in-china-documented-with-eye-opening-photo-series/","",post,publish,exclude-legacy-post,no,no
"https://people.utm.my/murtadha/2016/04/18/counter-strike-running-on-android-is-both-amazing-and-pointless/","",post,publish,exclude-legacy-post,no,no
"https://people.utm.my/murtadha/2016/04/18/actor-sam-claflin-just-had-a-very-revealing-twitter-qa/","",post,publish,exclude-legacy-post,no,no
"https://people.utm.my/murtadha/2016/04/18/image-of-justin-bieber-getting-choked-looks-like-renaissance-art/","",post,publish,exclude-legacy-post,no,no
"https://people.utm.my/murtadha/2016/04/18/j-k-rowling-unveils-wand-designs-for-harry-potter-and-the-cursed-child-play/","",post,publish,exclude-legacy-post,no,no
"https://people.utm.my/murtadha/2016/04/18/rihanna-shows-up-at-coachella-bringing-fest-one-step-closer-to-literally-exploding/","",post,publish,exclude-legacy-post,no,no
"https://people.utm.my/murtadha/2016/04/18/the-good-wife-bosses-on-those-josh-charles-return-rumors/","",post,publish,exclude-legacy-post,no,no
"https://people.utm.my/murtadha/2016/04/18/man-finds-culprit-making-scratches-on-his-car-a-self-hating-bird/","",post,publish,exclude-legacy-post,no,no
"https://people.utm.my/murtadha/2016/04/18/learn-how-to-slash-stress-in-the-workplace-in-our-next-bizchats/","",post,publish,exclude-legacy-post,no,no
"https://people.utm.my/murtadha/2016/04/18/1500-onewheel-skateboard-is-the-new-hipster-way-to-ride-to-work/","",post,publish,exclude-legacy-post,no,no
"https://people.utm.my/murtadha/2016/04/18/heroic-man-saves-a-dog-trapped-between-balcony-railings/","",post,publish,exclude-legacy-post,no,no
"https://people.utm.my/murtadha/2016/04/18/how-to-perfect-effortless-flamboyant-festival-make-up/","",post,publish,exclude-legacy-post,no,no
"https://people.utm.my/murtadha/2016/04/18/learn-how-to-like-communicate-better-with-this-app/","",post,publish,exclude-legacy-post,no,no
"https://people.utm.my/murtadha/2016/04/18/a-herbal-root-resembling-a-womans-body-is-up-for-sale-in-china/","",post,publish,exclude-legacy-post,no,no
"https://people.utm.my/murtadha/2016/04/18/cersei-and-joffrey-just-had-a-heartwarming-twitter-exchange/","",post,publish,exclude-legacy-post,no,no
"https://people.utm.my/murtadha/2016/04/18/mum-gets-best-excuse-from-her-son-for-scrawled-drawing-on-mirror/","",post,publish,exclude-legacy-post,no,no
"https://people.utm.my/murtadha/2016/04/18/15-creative-ways-people-relieve-stress-online/","",post,publish,exclude-legacy-post,no,no
"https://people.utm.my/murtadha/2016/04/18/londoners-are-having-a-very-london-response-to-this-new-tube-rule/","",post,publish,exclude-legacy-post,no,no
"https://people.utm.my/murtadha/2016/04/18/london-is-getting-a-dog-brunch-cafe-with-pooch-friendly-beer/","",post,publish,exclude-legacy-post,no,no
"https://people.utm.my/murtadha/2016/04/18/you-never-knew-farm-supply-adverts-could-be-this-beautiful/","",post,publish,exclude-legacy-post,no,no
"https://people.utm.my/murtadha/2016/04/18/australias-postal-service-is-now-testing-delivery-drones/","",post,publish,exclude-legacy-post,no,no
"https://people.utm.my/murtadha/2016/04/18/david-beckham-sent-the-sweetest-birthday-message-to-victoria/","",post,publish,exclude-legacy-post,no,no
"https://people.utm.my/murtadha/2016/04/18/mafia-boss-arrested-by-italian-police-dressed-as-pizza-delivery-guys/","",post,publish,exclude-legacy-post,no,no
"https://people.utm.my/murtadha/2016/04/18/admire-singapore-from-top-down-with-these-gorgeous-drone-shots/","",post,publish,exclude-legacy-post,no,no
"https://people.utm.my/murtadha/2016/04/18/a-group-of-men-got-into-an-intense-road-fight-with-their-wheel-loaders/","",post,publish,exclude-legacy-post,no,no
"https://people.utm.my/murtadha/2016/04/18/chinese-man-viciously-slaps-delivery-guy-over-minor-car-accident/","",post,publish,exclude-legacy-post,no,no
"https://people.utm.my/murtadha/2016/04/18/living-like-the-queen-for-a-day-is-harder-than-it-looks/","",post,publish,exclude-legacy-post,no,no
"https://people.utm.my/murtadha/2016/04/18/j-k-rowling-has-some-important-harry-potter-themed-parenting-advice/","",post,publish,exclude-legacy-post,no,no
"https://people.utm.my/murtadha/2016/04/18/the-force-is-strong-with-this-soulful-indian-cover-of-the-star-wars-theme/","",post,publish,exclude-legacy-post,no,no
"https://people.utm.my/murtadha/2016/04/18/thailands-new-year-festivities-log-a-record-high-deaths-on-the-road/","",post,publish,exclude-legacy-post,no,no
"https://people.utm.my/murtadha/2016/04/18/china-will-immortalise-korean-actor-park-hae-jin-by-putting-his-face-on-stamps/","",post,publish,exclude-legacy-post,no,no
"https://people.utm.my/murtadha/2016/04/18/steve-wozniak-is-not-sure-he-trusts-uber-to-do-the-right-thing/","",post,publish,exclude-legacy-post,no,no
"https://people.utm.my/murtadha/2016/04/18/malaysian-woman-electrocuted-while-talking-on-plugged-in-phone-police/","",post,publish,exclude-legacy-post,no,no
"https://people.utm.my/murtadha/2016/04/18/greenpeace-scales-nelsons-column-over-london-air-pollution-levels/","",post,publish,exclude-legacy-post,no,no
"https://people.utm.my/murtadha/2016/04/18/crab-tries-to-defend-its-dinner-from-a-thieving-fish/","",post,publish,exclude-legacy-post,no,no
"https://people.utm.my/murtadha/2016/04/18/dipa-karmakar-becomes-the-first-indian-female-gymast-to-qualify-for-the-olympics/","",post,publish,exclude-legacy-post,no,no
"https://people.utm.my/murtadha/2016/04/18/australia-could-see-driverless-cars-on-the-road-within-five-years/","",post,publish,exclude-legacy-post,no,no
"https://people.utm.my/murtadha/2016/04/18/johnny-depp-and-amber-heards-video-apology-looks-more-like-north-korea-than-real-life/","",post,publish,exclude-legacy-post,no,no
"https://people.utm.my/murtadha/2016/04/18/hundreds-of-chinese-students-develop-serious-illnesses-at-school-built-on-toxic-site/","",post,publish,exclude-legacy-post,no,no
"https://people.utm.my/murtadha/2016/04/18/dji-sells-new-filmmaking-drone-with-rooftop-karate-and-stunt-racing/","",post,publish,exclude-legacy-post,no,no
"https://people.utm.my/murtadha/2016/04/18/the-bizarre-dog-loving-fans-of-johnny-depp-come-together-in-australia/","",post,publish,exclude-legacy-post,no,no
"https://people.utm.my/murtadha/2016/04/18/drone-reportedly-collides-with-passenger-plane-in-london/","",post,publish,exclude-legacy-post,no,no
"https://people.utm.my/murtadha/2016/04/18/latest-darwin-awards-entrant-jumped-into-a-tiger-cage-on-purpose/","",post,publish,exclude-legacy-post,no,no
"https://people.utm.my/murtadha/2016/04/18/amazon-launches-monthly-video-streaming-service-to-rival-netflix/","",post,publish,exclude-legacy-post,no,no
"https://people.utm.my/murtadha/2016/04/18/once-upon-a-time-introduces-lgbt-storyline-in-the-land-of-oz/","",post,publish,exclude-legacy-post,no,no
"https://people.utm.my/murtadha/2016/04/18/fear-the-walking-dead-reminds-us-all-families-are-a-little-effed-up-in-latest-episode/","",post,publish,exclude-legacy-post,no,no
"https://people.utm.my/murtadha/2016/04/18/the-good-wife-brings-its-nsa-storyline-in-for-a-satisfying-landing/","",post,publish,exclude-legacy-post,no,no
"https://people.utm.my/murtadha/2016/04/18/australian-woman-claims-she-found-a-redback-spider-in-her-broccoli/","",post,publish,exclude-legacy-post,no,no
"https://people.utm.my/murtadha/2016/04/18/gopro-launching-new-virtual-reality-camera-online-platform/","",post,publish,exclude-legacy-post,no,no
"https://people.utm.my/murtadha/2016/04/18/fans-upset-about-ghost-in-the-shell-casting-recruit-rinko-kikuchi-on-instagram/","",post,publish,exclude-legacy-post,no,no
"https://people.utm.my/murtadha/2016/04/18/aussie-commuters-could-soon-catch-the-bus-using-a-credit-card/","",post,publish,exclude-legacy-post,no,no
"https://people.utm.my/murtadha/2016/04/18/the-absurd-trial-over-johnny-depps-dogs-is-underway-in-australia/","",post,publish,exclude-legacy-post,no,no
"https://people.utm.my/murtadha/2016/04/18/this-live-3d-tech-at-coachella-was-originally-meant-for-michael-jackson/","",post,publish,exclude-legacy-post,no,no
"https://people.utm.my/murtadha/2016/04/18/artist-adds-monsters-to-everyday-situations-because-lifes-boring/","",post,publish,exclude-legacy-post,no,no
"https://people.utm.my/murtadha/2016/04/18/frozen-niagara-falls-are-nothing-short-of-spectacular/","",post,publish,exclude-legacy-post,no,no
"https://people.utm.my/murtadha/2016/04/18/looking-for-love-in-alderaan-places-try-this-nerdy-dating-app/","",post,publish,exclude-legacy-post,no,no
"https://people.utm.my/murtadha/2016/04/18/real-people-actually-bid-to-buy-a-bag-of-air-from-kobe-bryants-last-game/","",post,publish,exclude-legacy-post,no,no
"https://people.utm.my/murtadha/2016/04/18/death-toll-from-a-powerful-earthquake-in-ecuador-rises-to-238/","",post,publish,exclude-legacy-post,no,no
"https://people.utm.my/murtadha/2016/04/18/michael-bubl-shuts-down-haters-who-mocked-the-way-he-eats-corn/","",post,publish,exclude-legacy-post,no,no
"https://people.utm.my/murtadha/2016/04/18/awesome-dad-invents-tool-to-help-scared-son-pick-up-spiders/","",post,publish,exclude-legacy-post,no,no
"https://people.utm.my/murtadha/2016/04/18/the-biggest-baddest-weapon-in-doom-comes-to-lego-life/","",post,publish,exclude-legacy-post,no,no
"https://people.utm.my/murtadha/2016/04/18/reporter-files-foia-request-for-president-obamas-game-of-thrones-screeners/","",post,publish,exclude-legacy-post,no,no
"https://people.utm.my/murtadha/2016/04/18/mercedes-re-thinks-electric-cars-with-an-snl-twist-and-9000-batteries/","",post,publish,exclude-legacy-post,no,no
"https://people.utm.my/murtadha/2016/04/18/john-legend-and-chrissy-teigen-welcome-their-bound-to-be-perfect-baby-girl/","",post,publish,exclude-legacy-post,no,no
"https://people.utm.my/murtadha/2016/04/18/julia-louis-dreyfus-brings-out-her-cougar-side-in-nearly-perfect-snl-sketch/","",post,publish,exclude-legacy-post,no,no
"https://people.utm.my/murtadha/2016/04/18/wee-irish-kids-greet-star-wars-producers-with-whistles-and-accordions/","",post,publish,exclude-legacy-post,no,no
"https://people.utm.my/murtadha/2016/04/18/the-jungle-book-is-king-of-the-box-office-with-103-6-million-opening/","",post,publish,exclude-legacy-post,no,no
"https://people.utm.my/murtadha/2016/04/18/samsungs-level-on-pro-headphones-are-good-but-nothing-spectacular/","",post,publish,exclude-legacy-post,no,no
"https://people.utm.my/murtadha/2016/04/18/the-art-of-finding-work-life-balance-with-your-smartphone-2/","",post,publish,exclude-legacy-post,no,no
"https://people.utm.my/murtadha/2016/04/18/keshas-powerful-performance-with-zedd-stuns-at-coachella/","",post,publish,exclude-legacy-post,no,no
"https://people.utm.my/murtadha/2016/04/18/9-google-goals-for-your-path-to-self-improvement/","",post,publish,exclude-legacy-post,no,no
"https://people.utm.my/murtadha/2016/04/18/we-can-run-the-world-without-consuming-the-earth-the-solar-impulse-journey-continues/","",post,publish,exclude-legacy-post,no,no
"https://people.utm.my/murtadha/2016/04/18/snl-sends-seinfeld-to-the-dem-debate-in-new-york/","",post,publish,exclude-legacy-post,no,no
"https://people.utm.my/murtadha/2016/04/18/with-odds-stacked-against-him-deray-mckesson-looks-forward-to-mayoral-election/","",post,publish,exclude-legacy-post,no,no
"https://people.utm.my/murtadha/2016/04/18/public-overwhelmingly-votes-to-call-200-million-research-vessel-boaty-mcboatface/","",post,publish,exclude-legacy-post,no,no
"https://people.utm.my/murtadha/2016/04/18/deray-mckessons-journey-from-ferguson-protester-to-running-for-mayor/","",post,publish,exclude-legacy-post,no,no
"https://people.utm.my/murtadha/2016/04/18/inside-the-weird-sexy-world-of-vr-porn/","",post,publish,exclude-legacy-post,no,no
"https://people.utm.my/murtadha/2016/04/18/an-anti-gay-god-is-a-boob-man-saturday-night-live-proclaims/","",post,publish,exclude-legacy-post,no,no
"https://people.utm.my/murtadha/2016/04/18/the-roller-skating-venice-beach-bohemians-of-1979/","",post,publish,exclude-legacy-post,no,no
"https://people.utm.my/murtadha/2016/04/17/gempa-ecuador-angka-korban-meningkat-kepada-77/","",post,publish,exclude-legacy-post,no,no
"https://people.utm.my/murtadha/2016/04/17/the-art-of-finding-work-life-balance-with-your-smartphone/","",post,publish,exclude-legacy-post,no,no
"https://people.utm.my/murtadha/2016/04/17/a-kid-apparently-designed-a-funeral-home-ad-and-its-darkly-hilarious/","",post,publish,exclude-legacy-post,no,no
"https://people.utm.my/murtadha/2016/04/17/rosario-dawson-arrested-at-capitol-hill-demonstration-2/","",post,publish,exclude-legacy-post,no,no
"https://people.utm.my/murtadha/2016/04/17/steph-curry-goes-full-rage-mode-in-nicest-way-possible-at-nba-playoffs/","",post,publish,exclude-legacy-post,no,no
"https://people.utm.my/murtadha/2016/04/17/ilana-glazer-on-why-time-traveling-bong-is-fcking-stupid-and-weed-is-magical/","",post,publish,exclude-legacy-post,no,no
"https://people.utm.my/murtadha/2016/04/17/taylor-swift-posts-family-photos-from-coachella-declares-chokers-the-new-flower-crowns/","",post,publish,exclude-legacy-post,no,no
"https://people.utm.my/murtadha/2016/04/17/drone-footage-reveals-full-extent-of-japan-earthquake-damage/","",post,publish,exclude-legacy-post,no,no
"https://people.utm.my/murtadha/2016/04/17/5-cant-miss-apps-yahoo-esports-banana-astro-attack-and-more/","",post,publish,exclude-legacy-post,no,no
"https://people.utm.my/murtadha/2016/04/17/for-the-love-of-spock-is-a-moving-love-letter-to-an-icon-and-a-father/","",post,publish,exclude-legacy-post,no,no
"https://people.utm.my/murtadha/2016/04/17/5-butir-bom-buatan-sendiri-dalam-kondominium/","",post,publish,exclude-legacy-post,no,no
"https://people.utm.my/murtadha/2016/04/17/destructive-7-8-magnitude-earthquake-kills-41-in-ecuador-topples-buildings/","",post,publish,exclude-legacy-post,no,no
"https://people.utm.my/murtadha/2016/04/17/polis-musnahkan-5-bom-buatan-sendiri/","",post,publish,exclude-legacy-post,no,no
"https://people.utm.my/murtadha/2016/04/17/run-the-jewels-bring-bernie-sanders-and-nas-to-coachella/","",post,publish,exclude-legacy-post,no,no
"https://people.utm.my/murtadha/2016/04/17/hidang-makanan-dalam-sungai/","",post,publish,exclude-legacy-post,no,no
"https://people.utm.my/murtadha/2016/04/17/redheads-unite-at-australian-ginger-pride-parade/","",post,publish,exclude-legacy-post,no,no
"https://people.utm.my/murtadha/2016/04/17/the-making-of-david-attenboroughs-virtual-reality-tour-of-the-great-barrier-reef/","",post,publish,exclude-legacy-post,no,no
"https://people.utm.my/murtadha/2016/04/17/axl-rose-scores-a-new-gig-as-the-lead-singer-of-acdc/","",post,publish,exclude-legacy-post,no,no
"https://people.utm.my/murtadha/2016/04/17/rosario-dawson-arrested-at-capitol-hill-demonstration/","",post,publish,exclude-legacy-post,no,no
"https://people.utm.my/murtadha/2016/04/17/louis-c-k-cancels-indie-money-pit-horace-and-pete/","",post,publish,exclude-legacy-post,no,no
"https://people.utm.my/murtadha/2016/04/17/obama-teaches-nba-all-star-stephen-curry-how-to-play-basketball/","",post,publish,exclude-legacy-post,no,no
"https://people.utm.my/murtadha/2016/04/17/monica-lewinsky-opens-up-about-post-sex-scandal-trauma-the-internet-stands-in-solidarity/","",post,publish,exclude-legacy-post,no,no
"https://people.utm.my/murtadha/2016/04/17/this-is-how-calls-and-texts-look-in-virtual-reality-via-the-htc-vive/","",post,publish,exclude-legacy-post,no,no
"https://people.utm.my/murtadha/2016/04/17/jealous-dog-isnt-into-sharing-the-couch-with-a-cat-lamb-and-human/","",post,publish,exclude-legacy-post,no,no
"https://people.utm.my/murtadha/2016/04/17/tall-kendall-jenner-and-her-tall-alleged-boyfriend-played-extreme-leapfrog-at-coachella/","",post,publish,exclude-legacy-post,no,no
"https://people.utm.my/murtadha/2016/04/16/piala-fa-kedah-tundukkan-jdt-di-darul-aman/","",post,publish,exclude-legacy-post,no,no
"https://people.utm.my/murtadha/2016/04/16/badass-librarian-who-loves-cats-and-knitting-cleans-up-on-jeopardy/","",post,publish,exclude-legacy-post,no,no
"https://people.utm.my/murtadha/2016/04/16/cinemacon-throws-tons-of-shade-at-sean-parkers-proposed-movie-theater-killer/","",post,publish,exclude-legacy-post,no,no
"https://people.utm.my/murtadha/2016/04/16/clinton-vs-sanders-top-8-moments-from-new-yorks-heated-democratic-debate/","",post,publish,exclude-legacy-post,no,no
"https://people.utm.my/murtadha/2016/04/16/cirque-du-soleil-cancels-multiple-shows-in-north-carolina-because-of-anti-lgbt-bill/","",post,publish,exclude-legacy-post,no,no
"https://people.utm.my/murtadha/2016/04/16/hillary-clinton-just-won-at-dominoes-in-new-york/","",post,publish,exclude-legacy-post,no,no
"https://people.utm.my/murtadha/2016/04/16/egyptians-have-yet-another-reason-to-protest-the-president/","",post,publish,exclude-legacy-post,no,no
"https://people.utm.my/murtadha/2016/04/16/watch-the-first-trailer-for-sundance-sensation-the-birth-of-a-nation/","",post,publish,exclude-legacy-post,no,no
"https://people.utm.my/murtadha/2016/04/16/many-extreme-weather-events-can-be-traced-back-to-an-atmospheric-traffic-jam-study-suggests-2/","",post,publish,exclude-legacy-post,no,no
"https://people.utm.my/murtadha/2016/04/16/j-j-abrams-talks-reys-parents-and-why-mark-hamill-was-hesitant-about-force-awakens/","",post,publish,exclude-legacy-post,no,no
"https://people.utm.my/murtadha/2016/04/16/youtube-reaches-more-millenials-than-any-tv-network-research-shows/","",post,publish,exclude-legacy-post,no,no
"https://people.utm.my/murtadha/2016/04/16/landslide-crumbling-streets-climbing-death-toll-the-aftermath-of-japans-earthquakes/","",post,publish,exclude-legacy-post,no,no
"https://people.utm.my/murtadha/2016/04/16/taylor-swifts-cat-hates-parties-just-as-much-as-you-do/","",post,publish,exclude-legacy-post,no,no
"https://people.utm.my/murtadha/2016/04/16/kanye-west-crashed-coachella-but-it-didnt-last-very-long/","",post,publish,exclude-legacy-post,no,no
"https://people.utm.my/murtadha/2016/04/16/access-to-abortion-in-the-uk-isnt-as-legally-solid-as-you-think/","",post,publish,exclude-legacy-post,no,no
"https://people.utm.my/murtadha/2016/04/16/1200-kamera-aes-di-seluruh-negara-kpn/","",post,publish,exclude-legacy-post,no,no
"https://people.utm.my/murtadha/2016/04/16/2-beranak-ditahan-curi-kopi-di-pasar-raya/","",post,publish,exclude-legacy-post,no,no
"https://people.utm.my/murtadha/2016/04/16/2-polis-bebaskan-suspek-perogol-digantung-kerja/","",post,publish,exclude-legacy-post,no,no
"https://people.utm.my/murtadha/2016/04/16/many-extreme-weather-events-can-be-traced-back-to-an-atmospheric-traffic-jam-study-suggests/","",post,publish,exclude-legacy-post,no,no
"https://people.utm.my/murtadha/2016/04/16/norwegian-wins-preliminary-approval-to-expand-u-s-to-europe-flights/","",post,publish,exclude-legacy-post,no,no
"https://people.utm.my/murtadha/2016/04/16/mountain-lion-roams-onto-high-school-campus-and-students-are-flipping-out/","",post,publish,exclude-legacy-post,no,no
"https://people.utm.my/murtadha/2016/04/16/the-cia-is-very-interested-in-your-tweets-and-instagram-photos/","",post,publish,exclude-legacy-post,no,no
"https://people.utm.my/murtadha/2016/04/16/yoga-in-the-morning-this-ad-knows-you-aint-got-time-for-that/","",post,publish,exclude-legacy-post,no,no
"https://people.utm.my/murtadha/2016/04/16/inside-the-truck-how-espn-handled-kobe-bryants-epic-final-game/","",post,publish,exclude-legacy-post,no,no
"https://people.utm.my/murtadha/2016/04/16/owls-shamelessly-troll-wolves-to-protect-precious-nesting-ground/","",post,publish,exclude-legacy-post,no,no
"https://people.utm.my/murtadha/2016/04/16/get-your-free-trump-score-to-find-out-how-much-the-donald-would-like-you/","",post,publish,exclude-legacy-post,no,no
"https://people.utm.my/murtadha/2016/04/16/11-ostriches-neck-deep-in-floodwater-get-rescued-in-russia/","",post,publish,exclude-legacy-post,no,no
"https://people.utm.my/murtadha/2016/04/16/mystery-foam-fills-the-streets-after-earthquake-strikes-japan/","",post,publish,exclude-legacy-post,no,no
"https://people.utm.my/murtadha/2016/04/16/calvin-klein-has-no-interest-in-kendall-jenners-calvin-klein-ads/","",post,publish,exclude-legacy-post,no,no
"https://people.utm.my/murtadha/2016/04/16/cbs-gets-edgy-with-digital-series-not-safe-for-daytime/","",post,publish,exclude-legacy-post,no,no
"https://people.utm.my/murtadha/2016/04/16/why-its-impossible-for-john-kasich-to-talk-about-college-rape-and-alcohol/","",post,publish,exclude-legacy-post,no,no
"https://people.utm.my/murtadha/2016/04/16/justin-trudeau-explains-quantum-computing-like-a-boss/","",post,publish,exclude-legacy-post,no,no
"https://people.utm.my/murtadha/2016/04/15/watching-acid-destroy-an-apple-is-downright-mesmerizing/","",post,publish,exclude-legacy-post,no,no
"https://people.utm.my/murtadha/2016/04/15/32-cartoon-screenshots-to-ruin-happy-memories-of-your-childhood/","",post,publish,exclude-legacy-post,no,no
"https://people.utm.my/murtadha/2016/04/15/there-may-be-just-13-episodes-of-game-of-thrones-left-after-season-6/","",post,publish,exclude-legacy-post,no,no
"https://people.utm.my/murtadha/2016/04/15/huawei-goes-after-samsung-with-its-own-gear-vr-clone/","",post,publish,exclude-legacy-post,no,no
"https://people.utm.my/murtadha/2016/04/15/jackie-robinsons-first-integrated-spring-training-game-in-1946/","",post,publish,exclude-legacy-post,no,no
"https://people.utm.my/murtadha/2016/04/15/someone-had-the-genius-idea-to-have-an-owl-in-their-indoor-wedding/","",post,publish,exclude-legacy-post,no,no
"https://people.utm.my/murtadha/2016/04/15/just-a-litter-of-kittens-cuddling-a-pony-while-a-capybara-watches/","",post,publish,exclude-legacy-post,no,no
"https://people.utm.my/murtadha/2016/04/15/this-new-keanu-feature-will-make-your-pet-look-amazingly-badass/","",post,publish,exclude-legacy-post,no,no
"https://people.utm.my/murtadha/2016/04/15/one-of-these-4-women-could-become-the-u-n-s-next-leader/","",post,publish,exclude-legacy-post,no,no
"https://people.utm.my/murtadha/2016/04/15/amc-says-it-wont-allow-texting-in-theaters-not-today-not-tomorrow-and-not-in-the-foreseeable-future/","",post,publish,exclude-legacy-post,no,no
"https://people.utm.my/murtadha/2016/04/15/sperry-launches-jaws-themed-footwear-just-in-time-for-beach-season/","",post,publish,exclude-legacy-post,no,no
"https://people.utm.my/murtadha/2016/04/15/you-can-now-rent-a-toilet-for-the-low-low-cost-of-4252-a-month/","",post,publish,exclude-legacy-post,no,no
"https://people.utm.my/murtadha/2016/04/15/jimmy-fallon-tests-out-his-finest-trump-impression-on-serious-actor-ted-cruz/","",post,publish,exclude-legacy-post,no,no
"https://people.utm.my/murtadha/2016/04/15/health-poster-clearly-underestimates-your-love-of-mini-donuts/","",post,publish,exclude-legacy-post,no,no
"https://people.utm.my/murtadha/2016/04/15/liverpool-pamer-kebangkitan-menakjubkan-benam-dortmund/","",post,publish,exclude-legacy-post,no,no
"https://people.utm.my/murtadha/2016/04/15/9-maut-761-cedera-dalam-gempa-bumi-di-jepun/","",post,publish,exclude-legacy-post,no,no
"https://people.utm.my/murtadha/2016/04/15/arab-saudi-sahkan-derma-kepada-najib/","",post,publish,exclude-legacy-post,no,no
"https://people.utm.my/murtadha/2016/04/15/gelombang-panas-landa-india-130-maut/","",post,publish,exclude-legacy-post,no,no
"https://people.utm.my/murtadha/2016/04/15/huge-drug-raid-found-so-much-weed-that-the-national-guard-was-called-in/","",post,publish,exclude-legacy-post,no,no
"https://people.utm.my/murtadha/2016/04/15/postmodern-jukebox-hollas-back-at-gwen-stefani-with-a-swinging-cover-of-her-hit-song/","",post,publish,exclude-legacy-post,no,no
"https://people.utm.my/murtadha/2016/04/15/apple-may-let-developers-pay-for-app-store-search-results-report-says/","",post,publish,exclude-legacy-post,no,no
"https://people.utm.my/murtadha/2016/04/15/these-photos-capture-the-disconnection-of-mundane-city-life/","",post,publish,exclude-legacy-post,no,no
"https://people.utm.my/murtadha/2016/04/15/pony-ditches-human-for-playtime-in-the-mud/","",post,publish,exclude-legacy-post,no,no
"https://people.utm.my/murtadha/2016/04/15/australians-its-still-safe-to-go-to-ireland-despite-what-youve-been-told/","",post,publish,exclude-legacy-post,no,no
"https://people.utm.my/murtadha/2016/04/15/you-can-bid-on-a-drone-with-your-unused-mobile-data-in-australia/","",post,publish,exclude-legacy-post,no,no
"https://people.utm.my/murtadha/2016/04/15/amazon-offers-company-building-as-free-shelter-for-seattles-homeless/","",post,publish,exclude-legacy-post,no,no
"https://people.utm.my/murtadha/2016/04/15/kfc-australia-tried-to-make-a-dick-joke-it-backfired/","",post,publish,exclude-legacy-post,no,no
"https://people.utm.my/murtadha/2016/04/15/yep-technology-is-even-disrupting-competitive-hot-air-ballooning/","",post,publish,exclude-legacy-post,no,no
"https://people.utm.my/murtadha/2016/04/15/orphan-black-premiere-welcomes-a-new-clone-with-a-blast-from-the-past/","",post,publish,exclude-legacy-post,no,no
"https://people.utm.my/murtadha/2016/04/15/north-koreas-latest-missile-launch-fails-on-founder-kim-il-sungs-birthday/","",post,publish,exclude-legacy-post,no,no
"https://people.utm.my/murtadha/2016/04/15/this-food-delivery-service-allows-you-to-order-for-your-dog-too/","",post,publish,exclude-legacy-post,no,no
"https://people.utm.my/murtadha/2016/04/15/brothers-boast-online-about-hunting-wild-python-for-soup-get-arrested/","",post,publish,exclude-legacy-post,no,no
"https://people.utm.my/murtadha/2016/04/15/after-the-panama-papers-leak-someone-tried-to-sell-the-pakistan-pm-on-ebay/","",post,publish,exclude-legacy-post,no,no
"https://people.utm.my/murtadha/2016/04/15/woman-charged-for-periscoping-17-year-olds-alleged-rape/","",post,publish,exclude-legacy-post,no,no
"https://people.utm.my/murtadha/2016/04/15/youll-soon-be-able-to-paint-your-face-like-rihanna/","",post,publish,exclude-legacy-post,no,no
"https://people.utm.my/murtadha/2016/04/15/ted-cruzs-most-controversial-position-yet-he-loves-godfather-iii/","",post,publish,exclude-legacy-post,no,no
"https://people.utm.my/murtadha/2016/04/15/bones-boss-on-how-the-x-files-inspired-the-shows-next-scary-serial-killer/","",post,publish,exclude-legacy-post,no,no
"https://people.utm.my/murtadha/2016/04/15/heres-how-technology-is-making-coachella-different-this-year/","",post,publish,exclude-legacy-post,no,no
"https://people.utm.my/murtadha/2016/04/15/speedrunner-sets-new-super-mario-bros-world-record-in-457260/","",post,publish,exclude-legacy-post,no,no
"https://people.utm.my/murtadha/2016/04/15/hulu-picks-up-awesomenesstvs-freakish/","",post,publish,exclude-legacy-post,no,no
"https://people.utm.my/murtadha/2016/04/15/dad-uses-millennium-falcon-drone-to-pull-out-daughters-tooth/","",post,publish,exclude-legacy-post,no,no
"https://people.utm.my/murtadha/2016/04/15/pennsylvania-to-become-the-24th-state-to-legalize-medical-marijuana/","",post,publish,exclude-legacy-post,no,no
"https://people.utm.my/murtadha/2016/04/15/the-kindle-oasis-looks-like-a-great-e-reader-but-i-wont-buy-it/","",post,publish,exclude-legacy-post,no,no
"https://people.utm.my/murtadha/2016/04/15/ellen-joined-the-people-vs-o-j-jury-to-help-announce-the-verdict/","",post,publish,exclude-legacy-post,no,no
"https://people.utm.my/murtadha/2016/04/15/stunning-photo-series-celebrates-contemporary-childhood-without-technology/","",post,publish,exclude-legacy-post,no,no
"https://people.utm.my/murtadha/2016/04/15/microsoft-sues-u-s-to-let-customers-know-about-secret-data-requests/","",post,publish,exclude-legacy-post,no,no
"https://people.utm.my/murtadha/2016/04/15/black-cosmos-cake-probably-tastes-out-of-this-world/","",post,publish,exclude-legacy-post,no,no
"https://people.utm.my/murtadha/2016/04/14/facebooks-ai-chief-facebook-today-could-not-exist-without-ai/","",post,publish,exclude-legacy-post,no,no
"https://people.utm.my/murtadha/2016/04/14/3-ways-to-increase-your-email-response-rate-so-youre-not-always-left-waiting/","",post,publish,exclude-legacy-post,no,no
"https://people.utm.my/murtadha/2016/04/14/sachin-tendulkars-upcoming-biopic-will-give-you-all-the-feels/","",post,publish,exclude-legacy-post,no,no
"https://people.utm.my/murtadha/2016/04/14/tbt-dreamy-vintage-40s-film-camera-takes-v-cool-selfies/","",post,publish,exclude-legacy-post,no,no
"https://people.utm.my/murtadha/2016/04/14/son-turns-garage-into-fully-functioning-pub-for-the-sweetest-reason/","",post,publish,exclude-legacy-post,no,no
"https://people.utm.my/murtadha/2016/04/14/5-kitchen-hacks-thatll-help-you-make-healthier-choices/","",post,publish,exclude-legacy-post,no,no
"https://people.utm.my/murtadha/2016/04/14/hollywood-night-kobe-bryant-hits-for-60-in-surreal-final-nba-game/","",post,publish,exclude-legacy-post,no,no
"https://people.utm.my/murtadha/2016/04/14/building-collapses-in-tenerife-tourist-spot-trapping-several/","",post,publish,exclude-legacy-post,no,no
"https://people.utm.my/murtadha/2016/04/14/cruz-beckham-makes-singing-debut-on-instagram-looks-like-mini-bieber/","",post,publish,exclude-legacy-post,no,no
"https://people.utm.my/murtadha/2016/04/14/microsoft-created-a-bot-to-auto-caption-photos-and-its-going-hilariously-wrong/","",post,publish,exclude-legacy-post,no,no
"https://people.utm.my/murtadha/2016/04/14/ellie-kemper-faked-a-back-injury-to-hide-her-pregnancy-while-filming-unbreakable-kimmy-schmidt/","",post,publish,exclude-legacy-post,no,no
"https://people.utm.my/murtadha/2016/04/14/sea-lion-lounging-in-deck-chair-is-all-of-us-on-vacation/","",post,publish,exclude-legacy-post,no,no
"https://people.utm.my/murtadha/2016/04/14/this-499-magic-mirror-could-make-you-fitter-than-ever/","",post,publish,exclude-legacy-post,no,no
"https://people.utm.my/murtadha/2016/04/14/hundreds-of-seals-take-over-massachusetts-beach-to-plot-world-dominance/","",post,publish,exclude-legacy-post,no,no
"https://people.utm.my/murtadha/2016/04/14/poachers-kill-rhino-in-indian-wildlife-park-soon-after-prince-william-and-kate-middletons-visit/","",post,publish,exclude-legacy-post,no,no
"https://people.utm.my/murtadha/2016/04/14/perodua-jual-47200-unit-kenderaan-pada-suku-pertama-2016/","",post,publish,exclude-legacy-post,no,no
"https://people.utm.my/murtadha/2016/04/14/9-55-tan-gading-gajah-dilupuskan/","",post,publish,exclude-legacy-post,no,no
"https://people.utm.my/murtadha/2016/04/14/wanita-ditemui-mati-bersama-bayi-perempuan/","",post,publish,exclude-legacy-post,no,no
"https://people.utm.my/murtadha/2016/04/14/sultan-johor-cadang-tubuh-bank-of-johor/","",post,publish,exclude-legacy-post,no,no
"https://people.utm.my/murtadha/2016/04/14/fam-tak-setuju-debat-di-tv/","",post,publish,exclude-legacy-post,no,no
"https://people.utm.my/murtadha/2016/04/14/ted-cruz-riding-a-roller-coaster-is-the-2016-election-in-a-nutshell/","",post,publish,exclude-legacy-post,no,no
"https://people.utm.my/murtadha/2016/04/14/a-close-up-look-at-the-great-barrier-reefs-bleaching/","",post,publish,exclude-legacy-post,no,no
"https://people.utm.my/murtadha/2016/04/14/trey-parkers-first-non-south-park-voice-role-despicable-me-3-villain/","",post,publish,exclude-legacy-post,no,no
"https://people.utm.my/murtadha/2016/04/14/facebooks-killer-social-vr-demo-puts-the-real-world-on-notice/","",post,publish,exclude-legacy-post,no,no
"https://people.utm.my/murtadha/2016/04/14/synchronized-swim-team-hires-male-stripper-for-high-school-banquet/","",post,publish,exclude-legacy-post,no,no
"https://people.utm.my/murtadha/2016/04/14/andre-uncovers-a-heartbreaking-truth-on-latest-empire/","",post,publish,exclude-legacy-post,no,no
"https://people.utm.my/murtadha/2016/04/14/toyotas-ubox-concept-was-designed-for-entrepreneurial-generation-zers/","",post,publish,exclude-legacy-post,no,no
"https://people.utm.my/murtadha/2016/04/14/soon-you-can-watch-drone-racing-on-espn/","",post,publish,exclude-legacy-post,no,no
"https://people.utm.my/murtadha/2016/04/14/benedict-cumberbatch-is-the-grinch-who-stole-christmas-get-used-to-it/","",post,publish,exclude-legacy-post,no,no
"https://people.utm.my/murtadha/2016/04/14/adorable-grandma-attempts-her-first-hilarious-face-swap/","",post,publish,exclude-legacy-post,no,no
"https://people.utm.my/murtadha/2016/04/14/stylehaul-creators-may-soon-get-their-own-book-deals/","",post,publish,exclude-legacy-post,no,no
"https://people.utm.my/murtadha/2016/04/14/twitter-is-broken-across-the-world-facebook-taking-complaints/","",post,publish,exclude-legacy-post,no,no
"https://people.utm.my/murtadha/2016/04/14/new-zealand-woman-wants-to-know-why-big-bras-are-always-ugly/","",post,publish,exclude-legacy-post,no,no
"https://people.utm.my/murtadha/2016/04/14/australian-federal-police-admits-requesting-journalists-metadata/","",post,publish,exclude-legacy-post,no,no
"https://people.utm.my/murtadha/2016/04/14/lazy-sea-lions-love-to-cuddle-up-on-comfy-beach-chairs/","",post,publish,exclude-legacy-post,no,no
"https://people.utm.my/murtadha/2016/04/14/prn-sarawak-7-mei-penamaan-calon-25-april/","",post,publish,exclude-legacy-post,no,no
"https://people.utm.my/murtadha/2016/04/14/tmj-tak-sabar-debat-dengan-khairy/","",post,publish,exclude-legacy-post,no,no
"https://people.utm.my/murtadha/2016/04/14/dua-polis-disyaki-terima-rasuah-suspek-kes-dadah/","",post,publish,exclude-legacy-post,no,no
"https://people.utm.my/murtadha/2016/04/14/beyoncs-ivy-park-is-already-the-most-popular-kid-on-instagram/","",post,publish,exclude-legacy-post,no,no
"https://people.utm.my/murtadha/2016/04/14/facebook-is-working-on-automatically-tagging-people-in-videos/","",post,publish,exclude-legacy-post,no,no
"https://people.utm.my/murtadha/2016/04/14/new-emoji-and-home-screen-shortcuts-are-coming-to-android-n/","",post,publish,exclude-legacy-post,no,no
"https://people.utm.my/murtadha/2016/04/14/yes-you-can-make-popcorn-with-a-flat-iron/","",post,publish,exclude-legacy-post,no,no
"https://people.utm.my/murtadha/2016/04/14/heres-the-truth-behind-that-viral-quest-for-a-mcdonalds-milkshake/","",post,publish,exclude-legacy-post,no,no
"https://people.utm.my/murtadha/2016/04/14/6-korean-league-of-legends-pros-you-need-to-watch-this-season/","",post,publish,exclude-legacy-post,no,no
"https://people.utm.my/murtadha/2016/04/14/heat-wave-in-greenland-triggers-record-early-start-to-ice-melt-season/","",post,publish,exclude-legacy-post,no,no
"https://people.utm.my/murtadha/2016/04/14/implanted-brain-chip-restores-hand-movement-in-man-with-paralysis/","",post,publish,exclude-legacy-post,no,no
"https://people.utm.my/murtadha/2016/04/14/teens-are-accidentally-setting-themselves-on-fire-during-the-firespraychallenge/","",post,publish,exclude-legacy-post,no,no
"https://people.utm.my/murtadha/2016/04/14/san-francisco-man-forced-to-vacate-box-in-friends-apartment/","",post,publish,exclude-legacy-post,no,no
"https://people.utm.my/murtadha/2016/04/14/tech-nerds-lose-it-over-virtual-reality-selfie-stick/","",post,publish,exclude-legacy-post,no,no
"https://people.utm.my/murtadha/2016/04/14/tennis-player-confuses-ballboys-shade-umbrella-for-a-fist-bump/","",post,publish,exclude-legacy-post,no,no
"https://people.utm.my/murtadha/2016/04/14/inspired-by-kylie-jenners-lip-kit-one-guy-tattooed-the-swatches-on-his-arm/","",post,publish,exclude-legacy-post,no,no
"https://people.utm.my/murtadha/2016/04/14/facebook-poaches-googles-atap-lead-to-head-its-new-hardware-division/","",post,publish,exclude-legacy-post,no,no
"https://people.utm.my/murtadha/2016/04/14/the-internet-is-enthralled-with-a-teens-glorious-senior-photos/","",post,publish,exclude-legacy-post,no,no
"https://people.utm.my/murtadha/2016/04/14/5-things-in-the-doctor-strange-trailer-that-could-spell-a-magical-debut/","",post,publish,exclude-legacy-post,no,no
"https://people.utm.my/murtadha/2016/04/13/snickle-fritz-is-the-dog-found-in-afghanistan-settling-in-with-a-veteran-in-australia/","",post,publish,exclude-legacy-post,no,no
"https://people.utm.my/murtadha/2016/04/13/fbi-paid-hackers-who-cracked-the-san-bernardino-iphone-report-says/","",post,publish,exclude-legacy-post,no,no
"https://people.utm.my/murtadha/2016/04/13/siri-has-even-more-hidden-game-of-thrones-puns-up-her-sleeve/","",post,publish,exclude-legacy-post,no,no
"https://people.utm.my/murtadha/2016/04/13/secret-offshore-firms-own-area-3-times-bigger-than-london/","",post,publish,exclude-legacy-post,no,no
"https://people.utm.my/murtadha/2016/04/13/in-drought-hit-india-village-children-climb-down-dangerous-wells-to-fetch-water/","",post,publish,exclude-legacy-post,no,no
"https://people.utm.my/murtadha/2016/04/13/app-connected-gym-equipment-aims-to-get-you-off-the-couch-and-fitter/","",post,publish,exclude-legacy-post,no,no
"https://people.utm.my/murtadha/2016/04/13/12-apps-to-help-find-reliable-childcare/","",post,publish,exclude-legacy-post,no,no
"https://people.utm.my/murtadha/2016/04/13/we-taste-test-singaporean-chilli-crab-and-egg-yolk-croissants/","",post,publish,exclude-legacy-post,no,no
"https://people.utm.my/murtadha/2016/04/13/someone-tried-to-sell-david-cameron-on-ebay/","",post,publish,exclude-legacy-post,no,no
"https://people.utm.my/murtadha/2016/04/13/facebooks-big-platform-bets-are-starting-to-pay-off/","",post,publish,exclude-legacy-post,no,no
"https://people.utm.my/murtadha/2016/04/13/an-underwater-drone-is-searching-for-the-loch-ness-monster/","",post,publish,exclude-legacy-post,no,no
"https://people.utm.my/murtadha/2016/04/13/7-unique-challenges-homeless-women-face-and-what-you-can-do-to-help/","",post,publish,exclude-legacy-post,no,no
"https://people.utm.my/murtadha/2016/04/13/confused-seagull-gets-into-a-fight-with-its-own-reflection/","",post,publish,exclude-legacy-post,no,no
"https://people.utm.my/murtadha/2016/04/13/national-park-week-begins-saturday-and-that-means-free-admission-for-you/","",post,publish,exclude-legacy-post,no,no
"https://people.utm.my/murtadha/2016/04/13/5-coworking-spaces-perfect-for-digital-nomads-who-like-to-travel-near-or-far/","",post,publish,exclude-legacy-post,no,no
"https://people.utm.my/murtadha/2016/04/13/this-dog-is-much-much-better-at-football-than-you/","",post,publish,exclude-legacy-post,no,no
"https://people.utm.my/murtadha/2016/04/13/n28a-minimalist-photoshoot-2/","",post,publish,exclude-legacy-post,no,no
"https://people.utm.my/murtadha/2016/04/13/n28a-photoshoot-minimalist-1/","",post,publish,exclude-legacy-post,no,no
"https://people.utm.my/murtadha/2016/04/13/my-conference-paper-reached-100-reads-httpst-cosgarh8wiis-via-researchgate/","",post,publish,exclude-legacy-post,no,no
"https://people.utm.my/murtadha/2016/04/13/my-publications-reached-1000-reads-httpst-cownohodr1qc/","",post,publish,exclude-legacy-post,no,no
"https://people.utm.my/murtadha/2016/04/13/lelaki-dikhuatiri-lemas-terjatuh-ketika-buang-abu-mayat/","",post,publish,exclude-legacy-post,no,no
"https://people.utm.my/murtadha/2016/04/13/dont-normally-play-video-games-this-deal-will-get-you-hooked/","",post,publish,exclude-legacy-post,no,no
"https://people.utm.my/murtadha/2016/04/13/theres-nothing-better-on-the-internet-today-than-this-owl-riding-a-toy-horse-nothing/","",post,publish,exclude-legacy-post,no,no
"https://people.utm.my/murtadha/2016/04/13/aunt-flo-is-the-house-guest-of-menstruation-in-new-ad/","",post,publish,exclude-legacy-post,no,no
"https://people.utm.my/murtadha/2016/04/13/worlds-unluckiest-vending-machine-patron-just-cant-seem-to-catch-a-snack/","",post,publish,exclude-legacy-post,no,no
"https://people.utm.my/murtadha/2016/04/13/contractor-caught-on-camera-beating-dogs-with-wrench-at-texas-home/","",post,publish,exclude-legacy-post,no,no
"https://people.utm.my/murtadha/2016/04/13/turn-your-dog-into-a-social-media-guru-with-this-camera-vest/","",post,publish,exclude-legacy-post,no,no
"https://people.utm.my/murtadha/2016/04/13/jeff-bezos-wants-lots-of-spaceflight-companies-to-succeed-even-spacex/","",post,publish,exclude-legacy-post,no,no
"https://people.utm.my/murtadha/2016/04/13/warner-bros-confirms-it-ben-affleck-is-directing-a-standalone-batman-film/","",post,publish,exclude-legacy-post,no,no
"https://people.utm.my/murtadha/2016/04/13/facebook-messenger-bots-are-here-and-they-want-to-kill-apps/","",post,publish,exclude-legacy-post,no,no
"https://people.utm.my/murtadha/2016/04/13/paul-ryan-says-he-doesnt-want-to-be-president-cue-conspiracy-theories/","",post,publish,exclude-legacy-post,no,no
"https://people.utm.my/murtadha/2016/04/13/the-avalanches-head-a-thrilling-2016-splendour-in-the-grass-line-up/","",post,publish,exclude-legacy-post,no,no
"https://people.utm.my/murtadha/2016/04/13/telstra-withdraws-from-marriage-equality-debate-allegedly-due-to-church-pressure/","",post,publish,exclude-legacy-post,no,no
"https://people.utm.my/murtadha/2016/04/13/heres-how-bots-work-on-facebook-messenger/","",post,publish,exclude-legacy-post,no,no
"https://people.utm.my/murtadha/2016/04/13/the-n-w-a-gene-simmons-feud-is-still-going-strong/","",post,publish,exclude-legacy-post,no,no
"https://people.utm.my/murtadha/2016/04/13/new-360-video-puts-you-next-to-the-flames-of-a-rocket-as-it-launches/","",post,publish,exclude-legacy-post,no,no
"https://people.utm.my/murtadha/2016/04/13/new-balance-thinks-3d-printing-is-the-future-of-sneakers/","",post,publish,exclude-legacy-post,no,no
"https://people.utm.my/murtadha/2016/04/13/lebih-100-rumah-terbakar-di-tawau/","",post,publish,exclude-legacy-post,no,no
"https://people.utm.my/murtadha/2016/04/13/services-like-youtube-largely-blamed-for-the-music-value-gap-in-new-report/","",post,publish,exclude-legacy-post,no,no
"https://people.utm.my/murtadha/2016/04/13/big-i-robot-looks-like-a-trash-can-but-is-a-lot-more-helpful/","",post,publish,exclude-legacy-post,no,no
"https://people.utm.my/murtadha/2016/04/12/tiga-maut-termasuk-dua-rentung-kereta-bertembung/","",post,publish,exclude-legacy-post,no,no
"https://people.utm.my/murtadha/2016/04/12/hak-wanita-dalam-islam-tajuk-ceramah-zakir-naik-di-melaka/","",post,publish,exclude-legacy-post,no,no
"https://people.utm.my/murtadha/2016/04/12/this-supercut-of-x-files-outtakes-proves-gillian-anderson-is-the-queen-of-swearing/","",post,publish,exclude-legacy-post,no,no
"https://people.utm.my/murtadha/2016/04/12/stylish-pups-strut-their-stuff-in-the-annual-nyc-paws-parade/","",post,publish,exclude-legacy-post,no,no
"https://people.utm.my/murtadha/2016/04/12/zakir-boleh-ceramah-di-melaka-dengan-tajuk-lain-tpm/","",post,publish,exclude-legacy-post,no,no
"https://people.utm.my/murtadha/2016/04/12/ceramah-dr-zakir-di-bukit-jalil-sabtu-ini-diteruskan/","",post,publish,exclude-legacy-post,no,no
"https://people.utm.my/murtadha/2016/04/12/halimah-nafi-terbabit-gerakan-jatuhkan-mb-johor/","",post,publish,exclude-legacy-post,no,no
"https://people.utm.my/murtadha/2016/04/12/tiga-penjenayah-ditembak-mati-di-highland-towers/","",post,publish,exclude-legacy-post,no,no
"https://people.utm.my/murtadha/2016/04/12/wajib-nyatakan-jantina-pengarah-pengurusan-kanan-pm/","",post,publish,exclude-legacy-post,no,no
"https://people.utm.my/murtadha/2016/04/12/insentif-untuk-sistem-kredit-karbon-pm/","",post,publish,exclude-legacy-post,no,no
"https://people.utm.my/murtadha/2016/04/12/kat-graham-wore-beyonces-dress-from-13-years-ago/","",post,publish,exclude-legacy-post,no,no
"https://people.utm.my/murtadha/2016/04/12/paris-brussels-attacks-network-a-supercell-of-extremism/","",post,publish,exclude-legacy-post,no,no
"https://people.utm.my/murtadha/2016/04/11/that-video-of-a-bear-chasing-a-snowboarder-is-totally-fake/","",post,publish,exclude-legacy-post,no,no
"https://people.utm.my/murtadha/2016/04/11/jeremy-corbyn-publishes-his-tax-return-but-people-cant-read-his-handwriting/","",post,publish,exclude-legacy-post,no,no
"https://people.utm.my/murtadha/2016/04/11/fadillah-yakin-bn-menang-besar-pada-prn-11/","",post,publish,exclude-legacy-post,no,no
"https://people.utm.my/murtadha/2016/04/11/fashion-designer-jason-wu-had-a-star-studded-wedding-with-longtime-partner/","",post,publish,exclude-legacy-post,no,no
"https://people.utm.my/murtadha/2016/04/11/air-asia-leaves-passengers-luggage-behind-in-australia/","",post,publish,exclude-legacy-post,no,no
"https://people.utm.my/murtadha/2016/04/11/operasi-rayani-air-digantung-3-bulan/","",post,publish,exclude-legacy-post,no,no
"https://people.utm.my/murtadha/2016/04/11/polis-arah-batal-program-zakir-naik-di-melaka/","",post,publish,exclude-legacy-post,no,no
"https://people.utm.my/murtadha/2016/04/11/prn-sarawak-ke-11-spr-mesyuarat-khamis-ini/","",post,publish,exclude-legacy-post,no,no
"https://people.utm.my/murtadha/2016/04/11/mtv-movie-awards-2016-see-all-the-sexy-red-carpet-looks-here/","",post,publish,exclude-legacy-post,no,no
"https://people.utm.my/murtadha/2016/04/11/kanye-wests-pablo-is-billboards-first-mostly-streaming-number-one/","",post,publish,exclude-legacy-post,no,no
"https://people.utm.my/murtadha/2016/04/10/5-meditation-experts-to-relax-with-on-youtube/","",post,publish,exclude-legacy-post,no,no
"https://people.utm.my/murtadha/2016/04/10/how-to-say-i-do-to-a-feminist-wedding/","",post,publish,exclude-legacy-post,no,no
"https://people.utm.my/murtadha/2016/04/10/malaysia-pantau-pelarian-dari-china-tpm/","",post,publish,exclude-legacy-post,no,no
"https://people.utm.my/murtadha/2016/04/10/castaways-rescued-from-deserted-island-after-writing-help-in-sand-with-palm-tree-fronds/","",post,publish,exclude-legacy-post,no,no
"https://people.utm.my/murtadha/2016/04/10/huge-fireworks-explosion-kills-at-least-75-in-india/","",post,publish,exclude-legacy-post,no,no
"https://people.utm.my/murtadha/2016/04/10/rm2b-untuk-cegah-hakisan-sungai-tebatan-banjir-tpm/","",post,publish,exclude-legacy-post,no,no
"https://people.utm.my/murtadha/2016/04/10/sekurang-kurangnya-77-maut-di-kuil-kerala/","",post,publish,exclude-legacy-post,no,no
"https://people.utm.my/murtadha/2016/04/10/bernie-sanders-and-his-wife-went-on-a-date-to-see-hamilton/","",post,publish,exclude-legacy-post,no,no
"https://people.utm.my/murtadha/2016/04/10/mohamed-abrini-confesses-to-being-man-in-hat-in-brussels-airport-attack/","",post,publish,exclude-legacy-post,no,no
"https://people.utm.my/murtadha/2016/04/09/guru-pukul-pelajar-ditamatkan-perkhidmatan-serta-merta/","",post,publish,exclude-legacy-post,no,no
"https://people.utm.my/murtadha/2016/04/09/ewan-mcgregor-tells-us-more-about-his-last-minute-cameo-in-the-force-awakens/","",post,publish,exclude-legacy-post,no,no
"https://people.utm.my/murtadha/2016/04/09/a-taste-of-country-life-at-one-of-americas-first-dude-ranches/","",post,publish,exclude-legacy-post,no,no
"https://people.utm.my/murtadha/2016/04/09/chong-wei-mara-final-terbuka-malaysia-celcom-axiata/","",post,publish,exclude-legacy-post,no,no
"https://people.utm.my/murtadha/2016/04/09/starbucks-customer-says-his-mocha-was-labeled-diabetes-here-i-come/","",post,publish,exclude-legacy-post,no,no
"https://people.utm.my/murtadha/2016/04/09/sleepy-hollow-shocks-fans-with-major-controversial-twist/","",post,publish,exclude-legacy-post,no,no
"https://people.utm.my/murtadha/2016/04/09/fans-are-thrilled-and-finally-at-peace-with-melissa-mccarthy-returning-to-gilmore-girls/","",post,publish,exclude-legacy-post,no,no
"https://people.utm.my/murtadha/2016/04/09/top-5-australian-panoramic-views-to-plan-your-roadtrip-around/","",post,publish,exclude-legacy-post,no,no
"https://people.utm.my/murtadha/2016/04/09/cheeky-student-does-least-work-possible-on-silly-algebra-question/","",post,publish,exclude-legacy-post,no,no
"https://people.utm.my/murtadha/2016/04/08/chong-wei-melangkah-ke-separuh-akhir-terbuka-malaysia/","",post,publish,exclude-legacy-post,no,no
"https://people.utm.my/murtadha/2016/04/08/mr-os-sudah-tiada/","",post,publish,exclude-legacy-post,no,no
"https://people.utm.my/murtadha/2016/04/08/moratorium-perlombongan-bauksit-dilanjut-3-bulan/","",post,publish,exclude-legacy-post,no,no
"https://people.utm.my/murtadha/2016/04/08/kerajaan-lulus-pinjaman-mudah-rm1-5b-kepada-proton/","",post,publish,exclude-legacy-post,no,no
"https://people.utm.my/murtadha/2016/04/08/australian-film-crew-and-mother-detained-after-beirut-child-abduction/","",post,publish,exclude-legacy-post,no,no
"https://people.utm.my/murtadha/2016/04/08/mischievous-baby-wombat-tries-to-steal-womans-glasses/","",post,publish,exclude-legacy-post,no,no
"https://people.utm.my/murtadha/2016/04/08/caf-applauded-for-offering-free-cup-of-tea-to-breastfeeding-mothers/","",post,publish,exclude-legacy-post,no,no
"https://people.utm.my/murtadha/2016/04/08/is-labelling-food-with-calorie-burn-times-to-beat-obesity-a-good-idea/","",post,publish,exclude-legacy-post,no,no
"https://people.utm.my/murtadha/2016/04/08/police-officer-slams-12-year-old-girl-to-ground-in-shocking-video/","",post,publish,exclude-legacy-post,no,no
"https://people.utm.my/murtadha/2016/04/07/mickey-friends-handheld-game-was-the-coolest-way-to-waste-time-in-the-90s/","",post,publish,exclude-legacy-post,no,no
"https://people.utm.my/murtadha/2016/04/07/artist-photographs-toys-in-the-fantastical-scenes-you-imagined-as-a-child/","",post,publish,exclude-legacy-post,no,no
"https://people.utm.my/murtadha/2016/04/07/tipu-pakej-umrah-wanita-hamil-7-bulan-hadapi-30-tuduhan/","",post,publish,exclude-legacy-post,no,no
"https://people.utm.my/murtadha/2016/04/07/siasat-bekas-ceo-1mdb-pac/","",post,publish,exclude-legacy-post,no,no
"https://people.utm.my/murtadha/2016/04/07/volvo-plans-to-test-100-autonomous-cars-on-public-roads-in-china/","",post,publish,exclude-legacy-post,no,no
"https://people.utm.my/murtadha/2016/04/07/doll-refuses-to-play-fetch-with-very-confused-dog/","",post,publish,exclude-legacy-post,no,no
"https://people.utm.my/murtadha/2016/04/07/the-local-news-is-an-endless-source-for-hilarious-news-bloopers/","",post,publish,exclude-legacy-post,no,no
"https://people.utm.my/murtadha/2016/04/07/kwsp-beli-portfolio-18-hartanah-logistik-di-uk/","",post,publish,exclude-legacy-post,no,no
"https://people.utm.my/murtadha/2016/04/07/hand-painted-butterfly-scarves-will-help-you-realize-your-fairy-goals/","",post,publish,exclude-legacy-post,no,no
"https://people.utm.my/murtadha/2016/04/07/kal-penn-and-tyler-labine-do-their-best-swayze-and-demi-in-deadbeat-poster/","",post,publish,exclude-legacy-post,no,no
"https://people.utm.my/murtadha/2016/04/06/malaysia-airlines-mula-catat-untung/","",post,publish,exclude-legacy-post,no,no
"https://people.utm.my/murtadha/2016/04/06/mydeposit-mula-dilaksana-pm/","",post,publish,exclude-legacy-post,no,no
"https://people.utm.my/murtadha/2016/04/06/usaha-singkir-mb-johor-hanya-khayalan-pihak-tertentu/","",post,publish,exclude-legacy-post,no,no
"https://people.utm.my/murtadha/2016/04/06/delhi-teenager-sells-his-carpooling-website-ahead-of-second-phase-of-odd-even-car-restrictions/","",post,publish,exclude-legacy-post,no,no
"https://people.utm.my/murtadha/2016/04/06/british-model-shuts-down-body-shamer-with-2-epic-instagram-posts/","",post,publish,exclude-legacy-post,no,no
"https://people.utm.my/murtadha/2016/04/06/dedah-dokumen-rahsia-rafizi-direman-3-hari/","",post,publish,exclude-legacy-post,no,no
"https://people.utm.my/murtadha/2016/04/06/sabah-gantung-perniagaan-tukar-barang/","",post,publish,exclude-legacy-post,no,no
"https://people.utm.my/murtadha/2016/04/06/executions-went-way-up-in-2015-mainly-fueled-by-three-countries/","",post,publish,exclude-legacy-post,no,no
"https://people.utm.my/murtadha/2016/04/06/san-francisco-approves-fully-paid-leave-for-new-parents/","",post,publish,exclude-legacy-post,no,no
"https://people.utm.my/murtadha/2016/04/06/mississippi-governor-just-signed-a-law-that-allows-businesses-deny-service-to-gay-couples/","",post,publish,exclude-legacy-post,no,no
"https://people.utm.my/murtadha/2016/04/06/gorgeous-castlevania-and-silent-hill-posters-make-us-miss-konami/","",post,publish,exclude-legacy-post,no,no
"https://people.utm.my/murtadha/2016/04/05/rafizi-ramli-ditahan-polis/","",post,publish,exclude-legacy-post,no,no
"https://people.utm.my/murtadha/2016/04/05/android-auto-available-in-18-new-countries-including-russia-india-and-brazil/","",post,publish,exclude-legacy-post,no,no
"https://people.utm.my/murtadha/2016/04/05/singaporeans-pre-ordering-the-tesla-model-3-dont-know-how-theyll-charge-the-cars-yet/","",post,publish,exclude-legacy-post,no,no
"https://people.utm.my/murtadha/2016/04/05/panduan-menulis-tesis-utm/","",post,publish,exclude-legacy-post,no,no
"https://people.utm.my/murtadha/2016/04/05/russian-cellist-named-in-panama-papers-is-at-the-heart-of-a-2-billion-scandal/","",post,publish,exclude-legacy-post,no,no
"https://people.utm.my/murtadha/2016/04/05/watch-the-iphone-se-and-6s-go-head-to-head-in-durability-tests/","",post,publish,exclude-legacy-post,no,no
"https://people.utm.my/murtadha/2016/04/04/john-oliver-explains-why-congress-spends-all-its-time-raising-money-for-congress/","",post,publish,exclude-legacy-post,no,no
"https://people.utm.my/murtadha/2016/04/04/disturbingly-cute-hairless-guinea-pig-is-your-newest-insta-famous-bff/","",post,publish,exclude-legacy-post,no,no
"https://people.utm.my/murtadha/2016/04/04/pm-umum-5-langkah-majukan-mara/","",post,publish,exclude-legacy-post,no,no
"https://people.utm.my/murtadha/2016/04/04/jerebu-83-sekolah-di-beaufort-papar-dan-kuala-penyu-ditutup-esok/","",post,publish,exclude-legacy-post,no,no
"https://people.utm.my/murtadha/2016/04/04/blue-origin-rocket-video-shows-smoothest-return-to-earth-yet/","",post,publish,exclude-legacy-post,no,no
"https://people.utm.my/murtadha/2016/04/04/tulip-blooms-turn-chinese-landscape-into-a-pointillist-painting/","",post,publish,exclude-legacy-post,no,no
"https://people.utm.my/murtadha/2016/04/04/taylor-swift-gets-photobombed-by-her-unimpressed-bodyguard/","",post,publish,exclude-legacy-post,no,no
"https://people.utm.my/murtadha/2016/04/04/in-historic-win-sikh-officer-gets-to-keep-his-beard-and-turban/","",post,publish,exclude-legacy-post,no,no
"https://people.utm.my/murtadha/2016/04/04/khairul-idham-buat-kejutan-juarai-mot03-gp-argentina/","",post,publish,exclude-legacy-post,no,no
"https://people.utm.my/murtadha/2016/04/03/leicester-city-menang-lagi/","",post,publish,exclude-legacy-post,no,no
"https://people.utm.my/murtadha/2016/04/03/kes-bunuh-jaga-suspek-cuba-lolos-ke-china-ditahan-di-klia2/","",post,publish,exclude-legacy-post,no,no
"https://people.utm.my/murtadha/2016/04/03/steve-wozniak-says-todays-silicon-valley-cares-too-much-about-money/","",post,publish,exclude-legacy-post,no,no
"https://people.utm.my/murtadha/2016/04/03/the-12-most-impressive-social-good-innovations-from-march/","",post,publish,exclude-legacy-post,no,no
"https://people.utm.my/murtadha/2016/04/03/77-sekolah-di-beaufort-papar-dan-kuala-penyu-tutup-esok/","",post,publish,exclude-legacy-post,no,no
"https://people.utm.my/murtadha/2016/04/03/lelaki-raba-punggung-wanita-dapat-padah/","",post,publish,exclude-legacy-post,no,no
"https://people.utm.my/murtadha/2016/04/03/nasa-rover-snaps-photo-of-a-dust-devil-swirling-on-mars/","",post,publish,exclude-legacy-post,no,no
"https://people.utm.my/murtadha/2016/04/03/surprise-the-average-womans-morning-beauty-routine-costs-way-more-than-a-mans/","",post,publish,exclude-legacy-post,no,no
"https://people.utm.my/murtadha/2016/04/03/the-internets-lowercase-demotion-by-ap-stylebook-upsets-the-internets/","",post,publish,exclude-legacy-post,no,no
"https://people.utm.my/murtadha/2016/04/02/airport-to-nowhere-thousands-of-migrants-stranded-in-abandoned-athens-terminal/","",post,publish,exclude-legacy-post,no,no
"https://people.utm.my/murtadha/2016/04/02/these-bathing-beauties-had-the-sexiest-knees-in-america/","",post,publish,exclude-legacy-post,no,no
"https://people.utm.my/murtadha/2016/04/02/10-of-the-best-april-fools-day-jokes-on-the-internet-this-year/","",post,publish,exclude-legacy-post,no,no
"https://people.utm.my/murtadha/2016/04/02/jon-stewart-saved-a-runaway-bull-named-frank-from-being-slaughtered/","",post,publish,exclude-legacy-post,no,no
"https://people.utm.my/murtadha/2016/04/02/batpup-has-arrived-to-save-the-animals-of-gotham/","",post,publish,exclude-legacy-post,no,no
"https://people.utm.my/murtadha/2016/04/02/chelsea-peretti-and-jordan-peele-are-having-a-super-majestic-engagement/","",post,publish,exclude-legacy-post,no,no
"https://people.utm.my/murtadha/2016/04/01/bayi-maut-dihempas-teman-lelaki-ibu/","",post,publish,exclude-legacy-post,no,no
"https://people.utm.my/murtadha/2016/04/01/proton-tidak-mampu-bersaing-di-peringkat-global-mustapa/","",post,publish,exclude-legacy-post,no,no
"https://people.utm.my/murtadha/2016/04/01/royal-caribbean-wants-to-take-you-to-space-in-2030/","",post,publish,exclude-legacy-post,no,no
"https://people.utm.my/murtadha/2016/04/01/celebrate-opening-day-with-this-roster-of-tiny-baseball-playing-chicks/","",post,publish,exclude-legacy-post,no,no
"https://people.utm.my/murtadha/2016/04/01/i-told-everyone-i-was-dead-to-make-my-folk-band-famous/","",post,publish,exclude-legacy-post,no,no
"https://people.utm.my/murtadha/2016/04/01/model-perniagaan-proton-tidak-mapan-mustapa/","",post,publish,exclude-legacy-post,no,no
"https://people.utm.my/murtadha/2016/04/01/pemuda-umno-cawangan-mesyuarat-dalam-sungai/","",post,publish,exclude-legacy-post,no,no
"https://people.utm.my/murtadha/2016/04/01/canadian-man-writes-his-own-hilarious-obituary/","",post,publish,exclude-legacy-post,no,no
"https://people.utm.my/murtadha/2016/04/01/how-to-watch-the-tesla-model-3-unveiling/","",post,publish,exclude-legacy-post,no,no
"https://people.utm.my/murtadha/2016/04/01/this-april-fools-day-think-twice-before-pulling-a-pregnancy-prank/","",post,publish,exclude-legacy-post,no,no
"https://people.utm.my/murtadha/2016/04/01/14-stop-motion-animations-that-celebrate-kick-ass-women/","",post,publish,exclude-legacy-post,no,no
"https://people.utm.my/murtadha/2016/03/31/chong-wei-bungkus-di-terbuka-india-pula/","",post,publish,exclude-legacy-post,no,no
"https://people.utm.my/murtadha/2016/03/31/remaja-lelaki-trauma-dicabul-di-hospital/","",post,publish,exclude-legacy-post,no,no
"https://people.utm.my/murtadha/2016/03/31/petrol-naik-10-sen-ron95-jadi-rm1-70-pada-april/","",post,publish,exclude-legacy-post,no,no
"https://people.utm.my/murtadha/2016/03/31/subjudis-jika-bincang-dana-rm2-6b-src-dalam-parlimen/","",post,publish,exclude-legacy-post,no,no
"https://people.utm.my/murtadha/2016/03/31/ringgit-cecah-paras-tertinggi-dalam-tempoh-7-bulan/","",post,publish,exclude-legacy-post,no,no
"https://people.utm.my/murtadha/2016/03/31/10-maut-jejambat-runtuh-di-india-beratus-masih-hilang/","",post,publish,exclude-legacy-post,no,no
"https://people.utm.my/murtadha/2016/03/31/mpb-lancar-cj-wow-shop/","",post,publish,exclude-legacy-post,no,no
"https://people.utm.my/murtadha/2016/03/31/hukuman-gantung-4-tahun-sazali-kekal/","",post,publish,exclude-legacy-post,no,no
"https://people.utm.my/murtadha/2016/03/31/arul-kanda-nafi-kononnya-letak-jawatan/","",post,publish,exclude-legacy-post,no,no
"https://people.utm.my/murtadha/2016/03/31/4-people-who-quit-their-lucrative-jobs-to-follow-their-passions-and-prospered/","",post,publish,exclude-legacy-post,no,no
"https://people.utm.my/murtadha/2016/03/31/ewan-mcgregor-is-very-interested-in-an-obi-wan-kenobi-star-wars-spinoff/","",post,publish,exclude-legacy-post,no,no
"https://people.utm.my/murtadha/2016/03/31/christopher-walken-as-a-child-dressed-like-a-clown/","",post,publish,exclude-legacy-post,no,no
"https://people.utm.my/murtadha/2016/03/31/hololens-could-get-into-finance-with-this-vr-workstation/","",post,publish,exclude-legacy-post,no,no
"https://people.utm.my/murtadha/2016/03/30/gratuiti-ltat-beri-rafizi-tempoh-hingga-esok-buktikan-dakwaan/","",post,publish,exclude-legacy-post,no,no
"https://people.utm.my/murtadha/2016/03/30/sekolah-di-kedah-perlis-tutup-esok/","",post,publish,exclude-legacy-post,no,no
"https://people.utm.my/murtadha/2016/03/30/grinning-british-man-with-egyptair-hijacker-wanted-the-selfie-of-a-lifetime/","",post,publish,exclude-legacy-post,no,no
"https://people.utm.my/murtadha/2016/03/30/kanye-kissing-kanye-artist-will-paint-over-mural-if-someone-buys-100000-print/","",post,publish,exclude-legacy-post,no,no
"https://people.utm.my/murtadha/2016/03/30/these-1955-record-store-listening-booths-were-very-space-age/","",post,publish,exclude-legacy-post,no,no
"https://people.utm.my/murtadha/2016/03/30/northern-great-barrier-reef-in-midst-of-its-worst-bleaching-event-on-record/","",post,publish,exclude-legacy-post,no,no
"https://people.utm.my/murtadha/2016/03/30/mark-zuckerberg-goes-live-on-facebook-to-talk-oculus-future-of-virtual-reality/","",post,publish,exclude-legacy-post,no,no
"https://people.utm.my/murtadha/2016/03/29/egyptian-tour-company-exemplifies-too-soon-uses-hijacking-to-promote-travel/","",post,publish,exclude-legacy-post,no,no
"https://people.utm.my/murtadha/2016/03/29/i-love-the-90s-tour-will-get-jiggy-in-29-lucky-choker-wearing-cities/","",post,publish,exclude-legacy-post,no,no
"https://people.utm.my/murtadha/2016/03/29/tun-m-disiasat-mengikut-akta-hasutan/","",post,publish,exclude-legacy-post,no,no
"https://people.utm.my/murtadha/2016/03/29/rampasan-pesawat-tiada-kaitan-dengan-keganasan-presiden-cyprus/","",post,publish,exclude-legacy-post,no,no
"https://people.utm.my/murtadha/2016/03/29/perampas-pesawat-egyptair-warga-mesir/","",post,publish,exclude-legacy-post,no,no
"https://people.utm.my/murtadha/2016/03/29/egyptair-semua-penumpang-kecuali-4-warga-asing-kru-dibebaskan/","",post,publish,exclude-legacy-post,no,no
"https://people.utm.my/murtadha/2016/03/29/pesawat-egyptair-dirampas/","",post,publish,exclude-legacy-post,no,no
"https://people.utm.my/murtadha/2016/03/29/man-beheaded-4-year-old-girl-outside-taipei-metro-station-in-shock-killing/","",post,publish,exclude-legacy-post,no,no
"https://people.utm.my/murtadha/2016/03/29/how-a-tech-ceo-scammed-everyone-by-laundering-money-through-china/","",post,publish,exclude-legacy-post,no,no
"https://people.utm.my/murtadha/2016/03/29/watch-the-obamas-host-their-final-easter-egg-roll-in-style/","",post,publish,exclude-legacy-post,no,no
"https://people.utm.my/murtadha/2016/03/29/the-new-reality-4-terrorist-attacks-in-8-days/","",post,publish,exclude-legacy-post,no,no
"https://people.utm.my/murtadha/2016/03/29/kiefer-sutherland-has-released-a-serious-video-for-his-serious-country-song/","",post,publish,exclude-legacy-post,no,no
"https://people.utm.my/murtadha/2016/03/28/no-cgi-but-the-1970s-spider-man-tv-show-had-spunk/","",post,publish,exclude-legacy-post,no,no
"https://people.utm.my/murtadha/2016/03/28/three-men-charged-for-terrorism-as-death-toll-from-brussels-attacks-rises-to-35/","",post,publish,exclude-legacy-post,no,no
"https://people.utm.my/murtadha/2016/03/28/shanghai-disneyland-opening-tickets-sell-out-within-hours/","",post,publish,exclude-legacy-post,no,no
"https://people.utm.my/murtadha/2016/03/28/game-of-thrones-jaime-lannister-meets-alison-brie-in-apple-tv-ad/","",post,publish,exclude-legacy-post,no,no
"https://people.utm.my/murtadha/2016/03/28/what-in-the-bloody-hell-just-happened-on-the-walking-dead/","",post,publish,exclude-legacy-post,no,no
"https://people.utm.my/murtadha/2016/03/28/once-upon-a-time-starts-fight-against-hades-with-a-surprising-hero-leading-the-charge/","",post,publish,exclude-legacy-post,no,no
"https://people.utm.my/murtadha/2016/03/28/9-passionate-streamers-to-watch-on-twitch-creative/","",post,publish,exclude-legacy-post,no,no
"https://people.utm.my/murtadha/2016/03/28/easter-sunday-explosion-in-pakistan-leaves-44-dead/","",post,publish,exclude-legacy-post,no,no
"https://people.utm.my/murtadha/2016/03/28/facebook-asks-people-nowhere-near-pakistan-explosion-if-theyre-ok/","",post,publish,exclude-legacy-post,no,no
"https://people.utm.my/murtadha/2016/03/27/38-terbunuh-angkara-pengebom-nekad-di-pakistan/","",post,publish,exclude-legacy-post,no,no
"https://people.utm.my/murtadha/2016/03/27/the-nra-is-giving-your-favorite-fairy-tale-characters-guns/","",post,publish,exclude-legacy-post,no,no
"https://people.utm.my/murtadha/2016/03/27/amazing-news-clone-club-orphan-black-is-getting-an-after-show/","",post,publish,exclude-legacy-post,no,no
"https://people.utm.my/murtadha/2016/03/27/edible-spoons-promise-to-be-tasty-while-saving-the-planet/","",post,publish,exclude-legacy-post,no,no
"https://people.utm.my/murtadha/2016/03/27/little-t-ball-player-finally-makes-it-to-first-base-dances-accordingly/","",post,publish,exclude-legacy-post,no,no
"https://people.utm.my/murtadha/2016/03/27/the-fangirl-returns-batman-v-superman-not-as-bad-as-feared-still-terrible/","",post,publish,exclude-legacy-post,no,no
"https://people.utm.my/murtadha/2016/03/27/dad-extraordinaire-david-beckham-sews-dresses-for-his-daughters-dolls/","",post,publish,exclude-legacy-post,no,no
"https://people.utm.my/murtadha/2016/03/26/finding-the-egg-in-a-sea-of-bunnies-is-a-mindbending-way-to-spend-your-easter/","",post,publish,exclude-legacy-post,no,no
"https://people.utm.my/murtadha/2016/03/26/as-donald-trump-targets-women-republicans-say-he-could-cost-the-party-everything/","",post,publish,exclude-legacy-post,no,no
"https://people.utm.my/murtadha/2016/03/26/you-hunt-for-them-on-easter-but-how-much-do-you-really-know-about-eggs/","",post,publish,exclude-legacy-post,no,no
"https://people.utm.my/murtadha/2016/03/26/miley-cyrus-alicia-keys-will-coach-the-next-season-of-the-voice/","",post,publish,exclude-legacy-post,no,no
"https://people.utm.my/murtadha/2016/03/26/rolling-stones-in-cuba-see-photos-and-footage-from-the-historic-show/","",post,publish,exclude-legacy-post,no,no
"https://people.utm.my/murtadha/2016/03/26/batman-v-superman-what-actually-happened-in-batmans-dream-and-what-it-means-for-justice-league/","",post,publish,exclude-legacy-post,no,no
"https://people.utm.my/murtadha/2016/03/26/batman-in-training-successfully-tests-self-made-batclaw/","",post,publish,exclude-legacy-post,no,no
"https://people.utm.my/murtadha/2016/03/26/apple-wants-to-replace-your-laptop-with-the-powerful-ipad-pro-9-7/","",post,publish,exclude-legacy-post,no,no
"https://people.utm.my/murtadha/2016/03/26/watch-e-t-and-more-on-showtime-in-april/","",post,publish,exclude-legacy-post,no,no
"https://people.utm.my/murtadha/2016/03/25/pengawal-peribadi-disangka-datuk-parah-ditembak/","",post,publish,exclude-legacy-post,no,no
"https://people.utm.my/murtadha/2016/03/25/americans-confirmed-among-the-dead-in-brussels-attacks/","",post,publish,exclude-legacy-post,no,no
"https://people.utm.my/murtadha/2016/03/25/photographer-turns-old-food-scraps-into-new-pieces-of-art/","",post,publish,exclude-legacy-post,no,no
"https://people.utm.my/murtadha/2016/03/25/demolition-team-tears-down-wrong-house-blames-google-maps/","",post,publish,exclude-legacy-post,no,no
"https://people.utm.my/murtadha/2016/03/25/abdullah-badawi-dilantik-penasihat-petronas/","",post,publish,exclude-legacy-post,no,no
"https://people.utm.my/murtadha/2016/03/25/6-detained-in-brussels-raids-linked-to-terror-attacks/","",post,publish,exclude-legacy-post,no,no
"https://people.utm.my/murtadha/2016/03/25/lets-get-weird-steph-curry-face-swaps-with-his-own-wax-statue-at-madame-tussauds/","",post,publish,exclude-legacy-post,no,no
"https://people.utm.my/murtadha/2016/03/25/syrian-forces-clash-with-isis-in-advance-on-palmyra/","",post,publish,exclude-legacy-post,no,no
"https://people.utm.my/murtadha/2016/03/25/selena-gomez-shows-up-at-justin-biebers-concert-seems-down-to-be-friends/","",post,publish,exclude-legacy-post,no,no
"https://people.utm.my/murtadha/2016/03/25/the-ya-genre-isnt-dead-its-digital/","",post,publish,exclude-legacy-post,no,no
"https://people.utm.my/murtadha/2016/03/25/baidu-built-an-a-i-that-predicts-dangerous-crowds-and-stampedes/","",post,publish,exclude-legacy-post,no,no
"https://people.utm.my/murtadha/2016/03/24/radoban-karadzic-bersalah-lakukan-genosid-dipenjara-40-tahun/","",post,publish,exclude-legacy-post,no,no
"https://people.utm.my/murtadha/2016/03/24/johan-cruyff-meninggal-dunia/","",post,publish,exclude-legacy-post,no,no
"https://people.utm.my/murtadha/2016/03/24/guy-being-cheated-on-gets-his-comeuppance-in-a-birthday-card/","",post,publish,exclude-legacy-post,no,no
"https://people.utm.my/murtadha/2016/03/24/184-year-old-tortoise-named-jonathan-gets-his-first-bath-ever/","",post,publish,exclude-legacy-post,no,no
"https://people.utm.my/murtadha/2016/03/24/justin-biebers-purpose-tour-is-half-concert-half-sermon/","",post,publish,exclude-legacy-post,no,no
"https://people.utm.my/murtadha/2016/03/24/obamas-bust-out-smooth-tango-moves-in-argentina/","",post,publish,exclude-legacy-post,no,no
"https://people.utm.my/murtadha/2016/03/24/brie-larson-and-jacob-tremblay-are-the-only-celebrity-bffs-worth-caring-about/","",post,publish,exclude-legacy-post,no,no
"https://people.utm.my/murtadha/2016/03/24/debris-found-on-mozambique-almost-certainly-from-mh370-authorities-say/","",post,publish,exclude-legacy-post,no,no
"https://people.utm.my/murtadha/2016/03/24/hanson-drops-a-bombshell-weve-all-been-singing-mmmbop-wrong/","",post,publish,exclude-legacy-post,no,no
"https://people.utm.my/murtadha/2016/03/24/inside-san-quentin-an-intimate-look-at-life-behind-bars/","",post,publish,exclude-legacy-post,no,no
"https://people.utm.my/murtadha/2016/03/24/why-brussels-mattered-and-istanbul-didnt-the-double-standard-on-terror/","",post,publish,exclude-legacy-post,no,no
"https://people.utm.my/murtadha/2016/03/23/pornhub-gets-immersive-with-new-virtual-reality-category/","",post,publish,exclude-legacy-post,no,no
"https://people.utm.my/murtadha/2016/03/23/saya-tak-lupa-krisis-perlembagaan-1992-tmj/","",post,publish,exclude-legacy-post,no,no
"https://people.utm.my/murtadha/2016/03/23/melbournes-public-transport-routes-are-finally-on-google-maps/","",post,publish,exclude-legacy-post,no,no
"https://people.utm.my/murtadha/2016/03/23/singapore-remembers-lee-kuan-yew-on-the-first-year-since-his-death/","",post,publish,exclude-legacy-post,no,no
"https://people.utm.my/murtadha/2016/03/23/trump-and-clinton-take-arizona-but-sanders-and-cruz-put-up-a-fight/","",post,publish,exclude-legacy-post,no,no
"https://people.utm.my/murtadha/2016/03/23/william-daniels-admits-to-faking-history-grades-before-starring-in-1776-teaching-as-mr-feeny/","",post,publish,exclude-legacy-post,no,no
"https://people.utm.my/murtadha/2016/03/23/moving-front-pages-capture-terror-aftermath-of-brussels-attacks/","",post,publish,exclude-legacy-post,no,no
"https://people.utm.my/murtadha/2016/03/23/master-your-mac-with-these-tricks-and-shortcuts-you-didnt-know-you-needed/","",post,publish,exclude-legacy-post,no,no
"https://people.utm.my/murtadha/2016/03/23/is-mengaku-lancar-serangan-bom-brussels/","",post,publish,exclude-legacy-post,no,no
"https://people.utm.my/murtadha/2016/03/22/stunned-survivors-try-to-make-sense-of-belgium-attacks/","",post,publish,exclude-legacy-post,no,no
"https://people.utm.my/murtadha/2016/03/22/todd-stern-the-chief-u-s-climate-negotiator-to-step-down/","",post,publish,exclude-legacy-post,no,no
"https://people.utm.my/murtadha/2016/03/22/raw-footage-shows-brussels-airport-and-metro-moments-after-attacks/","",post,publish,exclude-legacy-post,no,no
"https://people.utm.my/murtadha/2016/03/22/terkini-15-maut-55-cedera-serangan-di-stesen-transit-brussels/","",post,publish,exclude-legacy-post,no,no
"https://people.utm.my/murtadha/2016/03/22/south-korea-confirms-first-zika-virus-case/","",post,publish,exclude-legacy-post,no,no
"https://people.utm.my/murtadha/2016/03/22/other-australian-mobile-networks-are-capitalising-on-telstras-outages/","",post,publish,exclude-legacy-post,no,no
"https://people.utm.my/murtadha/2016/03/22/10000-angry-cabbies-brought-jakarta-to-a-standstill/","",post,publish,exclude-legacy-post,no,no
"https://people.utm.my/murtadha/2016/03/22/apple-finally-ran-out-of-ways-to-resell-us-the-same-product/","",post,publish,exclude-legacy-post,no,no
"https://people.utm.my/murtadha/2016/03/22/the-100-executive-producer-finally-breaks-his-silence-about-that-huge-death/","",post,publish,exclude-legacy-post,no,no
"https://people.utm.my/murtadha/2016/03/22/7-things-we-learned-from-harrison-fords-tumblr-qa/","",post,publish,exclude-legacy-post,no,no
"https://people.utm.my/murtadha/2016/03/21/ryan-murphy-still-hasnt-decided-what-the-next-season-of-american-horror-story-will-be-about/","",post,publish,exclude-legacy-post,no,no
"https://people.utm.my/murtadha/2016/03/21/tiger-peeking-out-of-the-water-emerges-as-another-great-photoshop-battle/","",post,publish,exclude-legacy-post,no,no
"https://people.utm.my/murtadha/2016/03/21/what-big-apple-announcement-they-might-just-want-to-chill-with-their-friends/","",post,publish,exclude-legacy-post,no,no
"https://people.utm.my/murtadha/2016/03/21/what-does-justin-bieber-mean-by-this-intimate-instagram-with-selena-gomez/","",post,publish,exclude-legacy-post,no,no
"https://people.utm.my/murtadha/2016/03/21/indonesian-army-helicopter-hunting-most-wanted-militant-crashes-killing-at-least-12/","",post,publish,exclude-legacy-post,no,no
"https://people.utm.my/murtadha/2016/03/21/i-have-a-message-to-read-sydney-siege-victims-emergency-call-released/","",post,publish,exclude-legacy-post,no,no
"https://people.utm.my/murtadha/2016/03/21/ben-affleck-confirms-his-massive-back-tattoo-of-a-phoenix-is-fake/","",post,publish,exclude-legacy-post,no,no
"https://people.utm.my/murtadha/2016/03/21/airbnbs-cuba-listings-can-now-be-rented-by-everyone/","",post,publish,exclude-legacy-post,no,no
"https://people.utm.my/murtadha/2016/03/21/uk-asks-for-boat-name-internet-overwhelmingly-responds-boaty-mcboatface/","",post,publish,exclude-legacy-post,no,no
"https://people.utm.my/murtadha/2016/03/20/what-do-bernie-sanders-and-donald-trump-have-in-common-this-message/","",post,publish,exclude-legacy-post,no,no
"https://people.utm.my/murtadha/2016/03/20/heres-why-were-all-transfixed-by-twitter-trolling-from-kanye-trump-and-martin-shkreli/","",post,publish,exclude-legacy-post,no,no
"https://people.utm.my/murtadha/2016/03/20/5-best-apps-to-get-you-through-spring-cleaning/","",post,publish,exclude-legacy-post,no,no
"https://people.utm.my/murtadha/2016/03/20/4-negeri-di-semenanjung-catat-bacaan-suhu-tertinggi/","",post,publish,exclude-legacy-post,no,no
"https://people.utm.my/murtadha/2016/03/20/6-things-we-learned-about-season-2-of-fear-the-walking-dead/","",post,publish,exclude-legacy-post,no,no
"https://people.utm.my/murtadha/2016/03/20/black-sails-producers-take-you-inside-that-big-plot-twist/","",post,publish,exclude-legacy-post,no,no
"https://people.utm.my/murtadha/2016/03/20/derrick-the-baby-wombat-is-the-best-jogging-buddy/","",post,publish,exclude-legacy-post,no,no
"https://people.utm.my/murtadha/2016/03/20/server-with-pink-hair-stiffed-on-tip-for-not-being-normal-looking/","",post,publish,exclude-legacy-post,no,no
"https://people.utm.my/murtadha/2016/03/20/this-drone-hides-underwater-then-takes-to-the-skies-to-execute-its-mission/","",post,publish,exclude-legacy-post,no,no
"https://people.utm.my/murtadha/2016/03/20/5-cant-miss-apps-protonmail-scanner-pro-7-digit-and-more/","",post,publish,exclude-legacy-post,no,no
"https://people.utm.my/murtadha/2016/03/19/adele-set-to-headline-glastonbury-festival/","",post,publish,exclude-legacy-post,no,no
"https://people.utm.my/murtadha/2016/03/19/heres-the-best-buzzer-beater-youll-see-all-day/","",post,publish,exclude-legacy-post,no,no
"https://people.utm.my/murtadha/2016/03/19/4-super-simple-ways-to-make-your-computer-start-faster/","",post,publish,exclude-legacy-post,no,no
"https://people.utm.my/murtadha/2016/03/19/hulk-hogan-wins-sex-tape-lawsuit-against-gawker-awarded-115-million/","",post,publish,exclude-legacy-post,no,no
"https://people.utm.my/murtadha/2016/03/19/tray-walker-baltimore-ravens-cornerback-dead-at-23/","",post,publish,exclude-legacy-post,no,no
"https://people.utm.my/murtadha/2016/03/19/at-kanye-wests-pop-up-shop-everyone-gets-a-chance-to-feel-like-pablo/","",post,publish,exclude-legacy-post,no,no
"https://people.utm.my/murtadha/2016/03/18/fingerprints-of-suspected-paris-attacker-found-in-brussels-apartment/","",post,publish,exclude-legacy-post,no,no
"https://people.utm.my/murtadha/2016/03/18/kid-president-declares-2016-the-year-of-the-kid/","",post,publish,exclude-legacy-post,no,no
"https://people.utm.my/murtadha/2016/03/18/8-things-you-mightve-missed-at-the-mashable-house/","",post,publish,exclude-legacy-post,no,no
"https://people.utm.my/murtadha/2016/03/18/kecemasan-gelombang-haba-jika-suhu-capai-40-darjah-celsius/","",post,publish,exclude-legacy-post,no,no
"https://people.utm.my/murtadha/2016/03/18/football-ceo-apologises-for-racist-booing-from-fans/","",post,publish,exclude-legacy-post,no,no
"https://people.utm.my/murtadha/2016/03/18/10-ways-the-how-to-get-away-with-murder-season-finale-changed-our-lives/","",post,publish,exclude-legacy-post,no,no
"https://people.utm.my/murtadha/2016/03/18/lay-your-eyes-on-these-tiny-adorable-feathertail-gliders/","",post,publish,exclude-legacy-post,no,no
"https://people.utm.my/murtadha/2016/03/18/annuar-musa-serah-maklumat-mara-inc-kepada-sprm/","",post,publish,exclude-legacy-post,no,no
"https://people.utm.my/murtadha/2016/03/18/marvel-superheroes-get-reimagined-as-chinese-opera-characters/","",post,publish,exclude-legacy-post,no,no
"https://people.utm.my/murtadha/2016/03/18/sheep-attempting-to-impress-his-crush-is-all-of-us-trying-to-flirt/","",post,publish,exclude-legacy-post,no,no
"https://people.utm.my/murtadha/2016/03/18/kanye-west-announces-the-life-of-pablo-pop-up-shop-in-new-york/","",post,publish,exclude-legacy-post,no,no
"https://people.utm.my/murtadha/2016/03/17/kate-moss-stars-in-raw-ritualistic-new-massive-attack-video/","",post,publish,exclude-legacy-post,no,no
"https://people.utm.my/murtadha/2016/03/17/dashcam-captures-green-st-patricks-day-meteor-over-britain/","",post,publish,exclude-legacy-post,no,no
"https://people.utm.my/murtadha/2016/03/17/heres-the-only-guide-you-need-to-being-a-millennial/","",post,publish,exclude-legacy-post,no,no
"https://people.utm.my/murtadha/2016/03/17/awas-dan-kejara-dilaksana-mei-ini/","",post,publish,exclude-legacy-post,no,no
"https://people.utm.my/murtadha/2016/03/17/rumah-pegawai-daerah-hulu-langat-dilempar-bahan-letupan/","",post,publish,exclude-legacy-post,no,no
"https://people.utm.my/murtadha/2016/03/17/rooster-teeth-is-bringing-its-anime-series-rwby-to-theaters/","",post,publish,exclude-legacy-post,no,no
"https://people.utm.my/murtadha/2016/03/17/5-cops-punished-for-ignoring-violence-at-trumps-north-carolina-rally/","",post,publish,exclude-legacy-post,no,no
"https://people.utm.my/murtadha/2016/03/17/safe-smartphones-to-be-given-to-australian-domestic-violence-victims/","",post,publish,exclude-legacy-post,no,no
"https://people.utm.my/murtadha/2016/03/17/google-says-77-percent-of-its-traffic-is-encrypted/","",post,publish,exclude-legacy-post,no,no
"https://people.utm.my/murtadha/2016/03/17/face-swapped-mulder-and-scully-could-be-its-own-x-file/","",post,publish,exclude-legacy-post,no,no
"https://people.utm.my/murtadha/2016/03/17/inside-the-mind-of-ibms-most-prolific-female-inventor/","",post,publish,exclude-legacy-post,no,no
"https://people.utm.my/murtadha/2016/03/16/murid-taiping-juara-dunia-muay-thai-di-bangkok/","",post,publish,exclude-legacy-post,no,no
"https://people.utm.my/murtadha/2016/03/16/australian-police-unveil-latest-patrol-car-a-mercedes-benz-amg-coup/","",post,publish,exclude-legacy-post,no,no
"https://people.utm.my/murtadha/2016/03/16/china-destroys-20-tons-of-spanish-oranges-that-failed-quality-standards/","",post,publish,exclude-legacy-post,no,no
"https://people.utm.my/murtadha/2016/03/16/last-years-iconic-mauka-mauka-ad-is-back-in-time-for-the-india-pakistan-icc-world-cup-t20-match/","",post,publish,exclude-legacy-post,no,no
"https://people.utm.my/murtadha/2016/03/16/8-suspek-dalang-jual-darjah-kebesaran-palsu-ditahan/","",post,publish,exclude-legacy-post,no,no
"https://people.utm.my/murtadha/2016/03/16/beyonc-helps-7th-grade-teacher-school-her-math-students/","",post,publish,exclude-legacy-post,no,no
"https://people.utm.my/murtadha/2016/03/16/loose-ends-get-tied-as-happy-valley-reaches-its-season-finale/","",post,publish,exclude-legacy-post,no,no
"https://people.utm.my/murtadha/2016/03/16/samsungs-new-headphones-for-vr-trick-your-brain-into-feeling-motion/","",post,publish,exclude-legacy-post,no,no
"https://people.utm.my/murtadha/2016/03/15/wieners-fight-for-their-lives-in-sausage-party-trailer/","",post,publish,exclude-legacy-post,no,no
"https://people.utm.my/murtadha/2016/03/15/mumford-and-sons-kanye-west-and-more-join-global-citizen-album/","",post,publish,exclude-legacy-post,no,no
"https://people.utm.my/murtadha/2016/03/15/hiker-stumbles-across-rare-2000-year-old-roman-coin/","",post,publish,exclude-legacy-post,no,no
"https://people.utm.my/murtadha/2016/03/15/htin-kyaw-dipilih-sebagai-presiden-myanmar/","",post,publish,exclude-legacy-post,no,no
"https://people.utm.my/murtadha/2016/03/15/philips-hue-white-ambiance-smart-lightbulbs-may-help-you-sleep-better/","",post,publish,exclude-legacy-post,no,no
"https://people.utm.my/murtadha/2016/03/15/chris-harrison-announces-new-bachelorette-after-bachelor-finale/","",post,publish,exclude-legacy-post,no,no
"https://people.utm.my/murtadha/2016/03/15/rabbit-seized-in-australia-after-owners-tried-to-pass-it-off-as-guinea-pig/","",post,publish,exclude-legacy-post,no,no
"https://people.utm.my/murtadha/2016/03/15/man-dayak-meninggal-dunia-selepas-mengadu-sesak-nafas/","",post,publish,exclude-legacy-post,no,no
"https://people.utm.my/murtadha/2016/03/15/as-apple-vs-fbi-looms-whatsapp-and-others-look-to-increase-encryption/","",post,publish,exclude-legacy-post,no,no
"https://people.utm.my/murtadha/2016/03/15/amy-poehler-gets-called-out-for-wasting-water-during-california-drought/","",post,publish,exclude-legacy-post,no,no
"https://people.utm.my/murtadha/2016/03/15/creepy-note-is-the-reason-women-dont-trust-nice-guys/","",post,publish,exclude-legacy-post,no,no
"https://people.utm.my/murtadha/2016/03/14/get-inside-the-most-technically-advanced-car-on-the-road/","",post,publish,exclude-legacy-post,no,no
"https://people.utm.my/murtadha/2016/03/14/5-pies-inspired-by-cafeteria-lunch/","",post,publish,exclude-legacy-post,no,no
"https://people.utm.my/murtadha/2016/03/14/ian-mcshane-is-spectacularly-blunt-about-his-upcoming-game-of-thrones-role/","",post,publish,exclude-legacy-post,no,no
"https://people.utm.my/murtadha/2016/03/14/ksn-umum-pelantikan-3-pegawai-kanan/","",post,publish,exclude-legacy-post,no,no
"https://people.utm.my/murtadha/2016/03/14/lelaki-aibkan-sultan-johor-dipenjara-4-bulan/","",post,publish,exclude-legacy-post,no,no
"https://people.utm.my/murtadha/2016/03/14/once-upon-a-time-welcomes-hercules-and-threatens-all-the-fairytale-characters/","",post,publish,exclude-legacy-post,no,no
"https://people.utm.my/murtadha/2016/03/14/marco-rubios-nevertrump-press-conference-goes-viral-a-little-too-late/","",post,publish,exclude-legacy-post,no,no
"https://people.utm.my/murtadha/2016/03/14/students-paper-airplane-brings-joy-to-teachers-around-the-world/","",post,publish,exclude-legacy-post,no,no
"https://people.utm.my/murtadha/2016/03/14/polis-buru-suspek-pecah-rumah-di-subang-jaya/","",post,publish,exclude-legacy-post,no,no
"https://people.utm.my/murtadha/2016/03/14/how-i-dont-have-facebook-became-the-new-annoying-i-dont-watch-tv/","",post,publish,exclude-legacy-post,no,no
"https://people.utm.my/murtadha/2016/03/14/kanye-west-says-justin-bieber-hit-was-his-favorite-song-of-2015/","",post,publish,exclude-legacy-post,no,no
"https://people.utm.my/murtadha/2016/03/14/kansas-university-players-uncle-is-the-ultimate-march-madness-fan/","",post,publish,exclude-legacy-post,no,no
"https://people.utm.my/murtadha/2016/03/13/nicola-sturgeon-to-launch-new-drive-for-scottish-independence-this-summer/","",post,publish,exclude-legacy-post,no,no
"https://people.utm.my/murtadha/2016/03/13/lane-bryant-commercial-shows-plus-sized-models-loving-their-bodies-is-rejected-by-tv-networks/","",post,publish,exclude-legacy-post,no,no
"https://people.utm.my/murtadha/2016/03/13/8-apps-revolutionizing-maternal-health-care-in-developing-nations/","",post,publish,exclude-legacy-post,no,no
"https://people.utm.my/murtadha/2016/03/13/virtual-reality-app-lets-you-meet-others-in-imaginary-places/","",post,publish,exclude-legacy-post,no,no
"https://people.utm.my/murtadha/2016/03/13/february-obliterated-global-heat-records-nasa-confirms/","",post,publish,exclude-legacy-post,no,no
"https://people.utm.my/murtadha/2016/03/13/artists-create-living-paintings-from-glow-in-the-dark-bacteria/","",post,publish,exclude-legacy-post,no,no
"https://people.utm.my/murtadha/2016/03/13/kornea-babi-bantu-remaja-lihat-kembali/","",post,publish,exclude-legacy-post,no,no
"https://people.utm.my/murtadha/2016/03/13/is-amal-perancang-keluarga-elak-hamba-seks-hamil/","",post,publish,exclude-legacy-post,no,no
"https://people.utm.my/murtadha/2016/03/13/donald-trumps-dayton-rally-was-tense-as-security-detail-stormed-stage/","",post,publish,exclude-legacy-post,no,no
"https://people.utm.my/murtadha/2016/03/13/twitter-calls-out-neil-degrasse-tyson-for-saying-no-animal-feels-pain-during-sex/","",post,publish,exclude-legacy-post,no,no
"https://people.utm.my/murtadha/2016/03/13/this-is-how-hard-it-was-to-send-email-in-1984/","",post,publish,exclude-legacy-post,no,no
"https://people.utm.my/murtadha/2016/03/12/john-legend-just-schooled-trumps-son-on-racism/","",post,publish,exclude-legacy-post,no,no
"https://people.utm.my/murtadha/2016/03/12/all-the-times-trump-has-called-for-violence-at-his-rallies/","",post,publish,exclude-legacy-post,no,no
"https://people.utm.my/murtadha/2016/03/12/google-ai-wins-3-in-a-row-against-human-go-champion-in-historic-match/","",post,publish,exclude-legacy-post,no,no
"https://people.utm.my/murtadha/2016/03/12/tidak-benar-lagi-bawa-masuk-pekerja-asing-tpm/","",post,publish,exclude-legacy-post,no,no
"https://people.utm.my/murtadha/2016/03/12/bosch-season-2-streamings-most-binge-able-cop-show-just-got-better/","",post,publish,exclude-legacy-post,no,no
"https://people.utm.my/murtadha/2016/03/12/4-easy-ways-to-type-emoji-on-your-mac/","",post,publish,exclude-legacy-post,no,no
"https://people.utm.my/murtadha/2016/03/12/little-kid-wearing-heavy-football-helmet-learns-important-lesson-about-gravity/","",post,publish,exclude-legacy-post,no,no
"https://people.utm.my/murtadha/2016/03/12/nahas-2-kereta-4-sekeluarga-maut-3-parah/","",post,publish,exclude-legacy-post,no,no
"https://people.utm.my/murtadha/2016/03/12/danny-meyer-restaurant-doing-better-than-ever-with-no-tipping/","",post,publish,exclude-legacy-post,no,no
"https://people.utm.my/murtadha/2016/03/12/breitbart-reporter-files-criminal-complaint-against-trump-campaign-manager-over-alleged-assault/","",post,publish,exclude-legacy-post,no,no
"https://people.utm.my/murtadha/2016/03/12/chick-fil-a-cow-busts-out-its-best-dance-moves-in-the-drive-thru/","",post,publish,exclude-legacy-post,no,no
"https://people.utm.my/murtadha/2016/03/11/pelantikan-tun-mahathir-sebagai-penasihat-petronas-ditamatkan/","",post,publish,exclude-legacy-post,no,no
"https://people.utm.my/murtadha/2016/03/11/australian-students-zero-emissions-cargo-motorcycle-is-pretty-cool/","",post,publish,exclude-legacy-post,no,no
"https://people.utm.my/murtadha/2016/03/11/check-out-the-awe-inspiring-images-from-sonys-photo-competition/","",post,publish,exclude-legacy-post,no,no
"https://people.utm.my/murtadha/2016/03/11/singapore-is-still-the-most-expensive-city-to-live-in/","",post,publish,exclude-legacy-post,no,no
"https://people.utm.my/murtadha/2016/03/11/apple-confirms-killing-your-apps-doesnt-really-save-battery-life/","",post,publish,exclude-legacy-post,no,no
"https://people.utm.my/murtadha/2016/03/11/justin-bieber-invites-you-to-his-therapy-session-performs-love-yourself-on-a-couch/","",post,publish,exclude-legacy-post,no,no
"https://people.utm.my/murtadha/2016/03/11/rescue-dog-lovingly-looks-after-his-foster-ducklings/","",post,publish,exclude-legacy-post,no,no
"https://people.utm.my/murtadha/2016/03/10/zayn-malik-releases-next-mind-of-mine-song-like-i-would/","",post,publish,exclude-legacy-post,no,no
"https://people.utm.my/murtadha/2016/03/10/justin-trudeau-is-coming-to-the-white-house-and-poutine-will-be-served/","",post,publish,exclude-legacy-post,no,no
"https://people.utm.my/murtadha/2016/03/10/chumlee-from-pawn-stars-jailed-in-vegas-on-weapon-drug-charges/","",post,publish,exclude-legacy-post,no,no
"https://people.utm.my/murtadha/2016/03/10/dua-lelaki-cuba-samun-pengurup-wang-ditembak/","",post,publish,exclude-legacy-post,no,no
"https://people.utm.my/murtadha/2016/03/10/105-year-old-artist-is-winning-fans-across-the-world/","",post,publish,exclude-legacy-post,no,no
"https://people.utm.my/murtadha/2016/03/10/you-can-be-frustrated-by-the-american-crime-finale-but-dont-deny-it-was-great/","",post,publish,exclude-legacy-post,no,no
"https://people.utm.my/murtadha/2016/03/10/syrian-artists-stunning-calligraphy-captures-the-hope-of-a-war-torn-country/","",post,publish,exclude-legacy-post,no,no
"https://people.utm.my/murtadha/2016/03/10/helah-ayam-vietnam-tak-menjadi/","",post,publish,exclude-legacy-post,no,no
"https://people.utm.my/murtadha/2016/03/10/chong-wei-tumbang-pusingan-pertama-all-england/","",post,publish,exclude-legacy-post,no,no
"https://people.utm.my/murtadha/2016/03/10/pentagon-confirms-it-has-used-spy-drones-in-u-s-air-space/","",post,publish,exclude-legacy-post,no,no
"https://people.utm.my/murtadha/2016/03/10/jeremy-meeks-noted-hot-felon-is-out-of-prison/","",post,publish,exclude-legacy-post,no,no
"https://people.utm.my/murtadha/2016/03/10/the-budding-cannabusiness-5-top-economic-opportunities-in-marijuana/","",post,publish,exclude-legacy-post,no,no
"https://people.utm.my/murtadha/2016/03/09/balang-ditemui-di-aquaria-klcc-bukan-bom-polis/","",post,publish,exclude-legacy-post,no,no
"https://people.utm.my/murtadha/2016/03/09/2-objek-mencurigakan-ditemui-di-aquaria-klcc/","",post,publish,exclude-legacy-post,no,no
"https://people.utm.my/murtadha/2016/03/09/galaxy-s7-edge-vs-iphone-6s-plus-which-phone-has-the-better-camera/","",post,publish,exclude-legacy-post,no,no
"https://people.utm.my/murtadha/2016/03/09/9-foods-trying-really-hard-to-be-sushi/","",post,publish,exclude-legacy-post,no,no
"https://people.utm.my/murtadha/2016/03/09/age-of-the-freelancer-how-a-new-breed-of-worker-is-redefining-the-9-to-5/","",post,publish,exclude-legacy-post,no,no
"https://people.utm.my/murtadha/2016/03/09/american-crime-story-star-sarah-paulson-on-marcia-clarks-most-trying-hour-yet/","",post,publish,exclude-legacy-post,no,no
"https://people.utm.my/murtadha/2016/03/09/what-the-solar-eclipse-looked-like-from-our-phones-and-dslrs/","",post,publish,exclude-legacy-post,no,no
"https://people.utm.my/murtadha/2016/03/09/bernie-sanders-gives-last-minute-news-conference-next-to-some-guys-shed/","",post,publish,exclude-legacy-post,no,no
"https://people.utm.my/murtadha/2016/03/09/college-students-are-using-social-media-to-keep-gunsout-of-schools/","",post,publish,exclude-legacy-post,no,no
"https://people.utm.my/murtadha/2016/03/09/if-you-tweet-jokes-about-killing-trump-the-secret-service-will-find-you/","",post,publish,exclude-legacy-post,no,no
"https://people.utm.my/murtadha/2016/03/09/emma-watson-shares-custom-emoji-on-international-womens-day/","",post,publish,exclude-legacy-post,no,no
"https://people.utm.my/murtadha/2016/03/09/malaysia-komited-selesaikan-misteri-mh370-najib-2/","",post,publish,exclude-legacy-post,no,no
"https://people.utm.my/murtadha/2016/03/08/this-is-why-small-children-and-weddings-really-dont-mix-well/","",post,publish,exclude-legacy-post,no,no
"https://people.utm.my/murtadha/2016/03/08/sinad-oconnors-version-of-life-on-mars-is-a-touching-tribute-to-david-bowie/","",post,publish,exclude-legacy-post,no,no
"https://people.utm.my/murtadha/2016/03/08/googles-international-womens-day-doodle-celebrates-the-remarkable-women-of-the-future/","",post,publish,exclude-legacy-post,no,no
"https://people.utm.my/murtadha/2016/03/08/malaysia-komited-selesaikan-misteri-mh370-najib/","",post,publish,exclude-legacy-post,no,no
"https://people.utm.my/murtadha/2016/03/08/mh370-laporan-interim-fokus-8-bidang-utama/","",post,publish,exclude-legacy-post,no,no
"https://people.utm.my/murtadha/2016/03/08/dun-terengganu-tolak-usul-undi-tidak-percaya-mb/","",post,publish,exclude-legacy-post,no,no
"https://people.utm.my/murtadha/2016/03/08/lady-gaga-on-kesha-and-why-the-music-industry-is-scary-for-young-artists/","",post,publish,exclude-legacy-post,no,no
"https://people.utm.my/murtadha/2016/03/08/class-action-suit-filed-by-residents-over-flint-water-crisis/","",post,publish,exclude-legacy-post,no,no
"https://people.utm.my/murtadha/2016/03/08/kim-kardashian-doesnt-kare-what-you-think-of-her-nude-selfie-bette-midler/","",post,publish,exclude-legacy-post,no,no
"https://people.utm.my/murtadha/2016/03/08/syor-majikan-sertai-2u2i-diberi-pengecualian-cukai/","",post,publish,exclude-legacy-post,no,no
"https://people.utm.my/murtadha/2016/03/08/wenger-berang-kritikan-membosankan/","",post,publish,exclude-legacy-post,no,no
"https://people.utm.my/murtadha/2016/03/08/perdana-menteri-israel-tak-mahu-jumpa-obama/","",post,publish,exclude-legacy-post,no,no
"https://people.utm.my/murtadha/2016/03/08/graphic-novel-of-the-week-you-must-have-patience/","",post,publish,exclude-legacy-post,no,no
"https://people.utm.my/murtadha/2016/03/08/hangry-cats-intensely-watch-their-humans-every-time-they-eat/","",post,publish,exclude-legacy-post,no,no
"https://people.utm.my/murtadha/2016/03/08/woman-leads-police-on-a-high-speed-chase-in-real-life-mystery-machine/","",post,publish,exclude-legacy-post,no,no
"https://people.utm.my/murtadha/2016/03/07/shanghai-tower-getting-built-looks-like-giant-knitting-needles-in-the-sky/","",post,publish,exclude-legacy-post,no,no
"https://people.utm.my/murtadha/2016/03/07/thousands-of-dead-fish-surface-at-bengalurus-ulsoor-lake/","",post,publish,exclude-legacy-post,no,no
"https://people.utm.my/murtadha/2016/03/07/china-braces-for-a-new-wave-of-cold-weather/","",post,publish,exclude-legacy-post,no,no
"https://people.utm.my/murtadha/2016/03/07/misha-omar-hamil/","",post,publish,exclude-legacy-post,no,no
"https://people.utm.my/murtadha/2016/03/07/creator-of-modern-email-ray-tomlinson-dies-at-74/","",post,publish,exclude-legacy-post,no,no
"https://people.utm.my/murtadha/2016/03/07/i-am-sick-of-being-silenced-9-women-share-their-abortion-stories/","",post,publish,exclude-legacy-post,no,no
"https://people.utm.my/murtadha/2016/03/07/hillary-clinton-drops-in-on-reddit-reddit-plays-nice/","",post,publish,exclude-legacy-post,no,no
"https://people.utm.my/murtadha/2016/03/07/the-only-thing-holding-this-ice-sculptor-back-is-gravity/","",post,publish,exclude-legacy-post,no,no
"https://people.utm.my/murtadha/2016/03/07/peyton-manning-expected-to-retire-monday-after-18-nfl-seasons/","",post,publish,exclude-legacy-post,no,no
"https://people.utm.my/murtadha/2016/03/07/racists-for-trump-is-an-snl-sketch-not-a-campaign-ad/","",post,publish,exclude-legacy-post,no,no
"https://people.utm.my/murtadha/2016/03/06/the-race-for-the-republican-nomination-isnt-ending-anytime-soon/","",post,publish,exclude-legacy-post,no,no
"https://people.utm.my/murtadha/2016/03/06/trump-calls-for-rubio-to-get-out-of-the-race/","",post,publish,exclude-legacy-post,no,no
"https://people.utm.my/murtadha/2016/03/06/this-app-teaches-australia-about-its-500-indigenous-first-nations/","",post,publish,exclude-legacy-post,no,no
"https://people.utm.my/murtadha/2016/03/06/side-effects-of-340-days-in-space-burning-skin-and-terrible-basketball-skills/","",post,publish,exclude-legacy-post,no,no
"https://people.utm.my/murtadha/2016/03/06/your-guide-to-the-hillary-clinton-email-investigation/","",post,publish,exclude-legacy-post,no,no
"https://people.utm.my/murtadha/2016/03/06/sony-video-teases-new-wearable-wireless-audio-device/","",post,publish,exclude-legacy-post,no,no
"https://people.utm.my/murtadha/2016/03/05/semburan-racun-rumput-punca-keracunan-makanan/","",post,publish,exclude-legacy-post,no,no
"https://people.utm.my/murtadha/2016/03/05/anti-establishment-morrissey-is-considering-a-run-for-mayor-of-london/","",post,publish,exclude-legacy-post,no,no
"https://people.utm.my/murtadha/2016/03/05/jeremy-clarkson-and-his-squad-roll-into-a-village-in-a-souped-up-mercedes/","",post,publish,exclude-legacy-post,no,no
"https://people.utm.my/murtadha/2016/03/05/someone-stole-a-fire-truck-and-crashed-it-into-houses-and-cars/","",post,publish,exclude-legacy-post,no,no
"https://people.utm.my/murtadha/2016/03/05/joey-feek-half-of-country-duo-joeyrory-dies-after-cancer-battle/","",post,publish,exclude-legacy-post,no,no
"https://people.utm.my/murtadha/2016/03/05/marcia-clark-doubts-legitimacy-of-knife-found-on-o-j-simpsons-property/","",post,publish,exclude-legacy-post,no,no
"https://people.utm.my/murtadha/2016/03/05/astronaut-scott-kelly-who-spent-340-days-in-space-gives-the-hololens-his-stamp-of-approval/","",post,publish,exclude-legacy-post,no,no
"https://people.utm.my/murtadha/2016/03/05/if-you-get-rough-with-a-protester-at-a-trump-rally-the-donald-has-your-back/","",post,publish,exclude-legacy-post,no,no
"https://people.utm.my/murtadha/2016/03/05/fashion-forward-4-year-old-boy-is-a-runway-model-with-an-awesome-hairstyle/","",post,publish,exclude-legacy-post,no,no
"https://people.utm.my/murtadha/2016/03/05/donald-trump-flips-off-conservatives-cancels-planned-speech/","",post,publish,exclude-legacy-post,no,no
"https://people.utm.my/murtadha/2016/03/04/langkah-dr-mahathir-tindakan-terdesak/","",post,publish,exclude-legacy-post,no,no
"https://people.utm.my/murtadha/2016/03/04/ahmad-fairuz-dilantik-timbalan-ketua-eksekutif-suruhanjaya-sekuriti/","",post,publish,exclude-legacy-post,no,no
"https://people.utm.my/murtadha/2016/03/04/theres-a-puppy-subscription-service-in-australia-and-its-free/","",post,publish,exclude-legacy-post,no,no
"https://people.utm.my/murtadha/2016/03/04/this-scratching-post-lets-your-cat-tear-donald-trump-down/","",post,publish,exclude-legacy-post,no,no
"https://people.utm.my/murtadha/2016/03/04/six-flags-teams-up-with-samsung-to-bring-vr-to-real-roller-coasters/","",post,publish,exclude-legacy-post,no,no
"https://people.utm.my/murtadha/2016/03/04/chimp-best-friends-reunite-with-the-cutest-hug/","",post,publish,exclude-legacy-post,no,no
"https://people.utm.my/murtadha/2016/03/04/hypnotic-sounds-disprove-our-assumptions-about-the-deepest-part-of-the-ocean/","",post,publish,exclude-legacy-post,no,no
"https://people.utm.my/murtadha/2016/03/04/caitlyn-jenner-wants-to-be-ted-cruzs-trans-ambassador/","",post,publish,exclude-legacy-post,no,no
"https://people.utm.my/murtadha/2016/03/04/malaysia-layak-ke-piala-thomas-uber/","",post,publish,exclude-legacy-post,no,no
"https://people.utm.my/murtadha/2016/03/03/1-year-old-social-butterfly-spreads-joy-throughout-grocery-store/","",post,publish,exclude-legacy-post,no,no
"https://people.utm.my/murtadha/2016/03/03/the-first-ghostbusters-reboot-trailer-is-finally-here-and-its-glorious/","",post,publish,exclude-legacy-post,no,no
"https://people.utm.my/murtadha/2016/03/03/flight-attendant-arrested-for-allegedly-starting-fire-in-airplane-bathroom/","",post,publish,exclude-legacy-post,no,no
"https://people.utm.my/murtadha/2016/03/03/lifelike-velociraptor-invades-australia-in-hunt-for-jurassic-world/","",post,publish,exclude-legacy-post,no,no
"https://people.utm.my/murtadha/2016/03/03/ioc-approves-refugee-team-for-rio-2016/","",post,publish,exclude-legacy-post,no,no
"https://people.utm.my/murtadha/2016/03/03/apple-reportedly-leases-former-pepsi-bottling-plant-more-room-for-apple-car/","",post,publish,exclude-legacy-post,no,no
"https://people.utm.my/murtadha/2016/03/03/saya-kekal-dalam-umno-muhyiddin/","",post,publish,exclude-legacy-post,no,no
"https://people.utm.my/murtadha/2016/03/03/apartmen-mewah-pusat-judi-diserbu-25-ditahan/","",post,publish,exclude-legacy-post,no,no
"https://people.utm.my/murtadha/2016/03/03/adiwira-deadpool-jual-sandwich-tuna-tepi-jalan/","",post,publish,exclude-legacy-post,no,no
"https://people.utm.my/murtadha/2016/03/03/17-of-women-miss-work-school-out-of-fear-their-periods-will-be-discovered/","",post,publish,exclude-legacy-post,no,no
"https://people.utm.my/murtadha/2016/03/03/kanye-west-goes-after-deadmau5-do-you-do-birthday-parties/","",post,publish,exclude-legacy-post,no,no
"https://people.utm.my/murtadha/2016/03/03/zootopia-is-a-movie-every-kid-should-take-their-parent-to-see/","",post,publish,exclude-legacy-post,no,no
"https://people.utm.my/murtadha/2016/03/03/penduduk-perlis-kedah-pulau-pinang-dinasihat-jauhi-pantai/","",post,publish,exclude-legacy-post,no,no
"https://people.utm.my/murtadha/2016/03/03/penduduk-perlis-kedah-pualau-pinang-dinasihat-jauhi-pantai/","",post,publish,exclude-legacy-post,no,no
"https://people.utm.my/murtadha/2016/03/02/malaysia-dimaklumkan-penemuan-serpihan-boeing-777-liow/","",post,publish,exclude-legacy-post,no,no
"https://people.utm.my/murtadha/2016/03/02/tiada-ancaman-tsunami-terhadap-malaysia/","",post,publish,exclude-legacy-post,no,no
"https://people.utm.my/murtadha/2016/03/02/indonesia-keluar-amaran-tsunami-susulan-gempa-kuat/","",post,publish,exclude-legacy-post,no,no
"https://people.utm.my/murtadha/2016/03/02/gempa-bumi-kuat-8-1-magnitud-landa-sumatera/","",post,publish,exclude-legacy-post,no,no
"https://people.utm.my/murtadha/2016/03/02/10-brutally-honest-british-seaside-artworks/","",post,publish,exclude-legacy-post,no,no
"https://people.utm.my/murtadha/2016/03/02/indian-cricketer-fights-against-the-odds-to-master-the-game-without-arms/","",post,publish,exclude-legacy-post,no,no
"https://people.utm.my/murtadha/2016/03/02/runner-finds-a-creative-way-to-propose-using-a-fitness-app/","",post,publish,exclude-legacy-post,no,no
"https://people.utm.my/murtadha/2016/03/02/apa-agenda-sebenar-wsj/","",post,publish,exclude-legacy-post,no,no
"https://people.utm.my/murtadha/2016/03/02/lee-reherman-hawk-on-american-gladiators-dead-at-49/","",post,publish,exclude-legacy-post,no,no
"https://people.utm.my/murtadha/2016/03/02/now-you-can-start-brewing-your-coffee-with-your-smartphone/","",post,publish,exclude-legacy-post,no,no
"https://people.utm.my/murtadha/2016/03/02/this-chinese-smartphone-is-almost-perfect-except-for-one-thing/","",post,publish,exclude-legacy-post,no,no
"https://people.utm.my/murtadha/2016/03/02/high-schoolers-allegedly-chant-build-a-wall-at-latino-basketball-players/","",post,publish,exclude-legacy-post,no,no
"https://people.utm.my/murtadha/2016/03/02/classic-80s-cartoons-get-in-the-game-with-redesigned-nba-logos/","",post,publish,exclude-legacy-post,no,no
"https://people.utm.my/murtadha/2016/03/02/where-breastfeeding-mothers-pumped-at-the-oscars-was-unacceptable/","",post,publish,exclude-legacy-post,no,no
"https://people.utm.my/murtadha/2016/03/01/muhyiddin-perjelas-isu-khamis-ini/","",post,publish,exclude-legacy-post,no,no
"https://people.utm.my/murtadha/2016/03/01/china-to-lay-off-at-least-5-million-coal-and-steel-workers-by-2019/","",post,publish,exclude-legacy-post,no,no
"https://people.utm.my/murtadha/2016/03/01/you-can-now-buy-cardboard-directly-from-google/","",post,publish,exclude-legacy-post,no,no
"https://people.utm.my/murtadha/2016/03/01/aspiring-indian-army-candidates-asked-to-strip-for-exam-to-prevent-cheating/","",post,publish,exclude-legacy-post,no,no
"https://people.utm.my/murtadha/2016/03/01/tonto-ugut-cari-hingga-ke-lubang-cacing/","",post,publish,exclude-legacy-post,no,no
"https://people.utm.my/murtadha/2016/03/01/rampas-pistol-peluru-dalam-kotak-rokok/","",post,publish,exclude-legacy-post,no,no
"https://people.utm.my/murtadha/2016/03/01/sultan-nazrin-dukacita-tulisan-jawi-gagal-dipertahankan/","",post,publish,exclude-legacy-post,no,no
"https://people.utm.my/murtadha/2016/03/01/the-real-mad-max-dies-just-before-fury-road-wins-six-oscars/","",post,publish,exclude-legacy-post,no,no
"https://people.utm.my/murtadha/2016/03/01/smart-brita-pitcher-tracks-your-water-intake-and-orders-its-own-filter-replacements/","",post,publish,exclude-legacy-post,no,no
"https://people.utm.my/murtadha/2016/03/01/conchita-wurst-isnt-pleased-about-australias-lack-of-same-sex-marriage/","",post,publish,exclude-legacy-post,no,no
"https://people.utm.my/murtadha/2016/03/01/amy-winehouses-father-is-not-happy-that-amy-won-an-oscar/","",post,publish,exclude-legacy-post,no,no
"https://people.utm.my/murtadha/2016/03/01/san-francisco-wants-to-reimburse-steve-jobs-for-overpaid-parking-tickets/","",post,publish,exclude-legacy-post,no,no
"https://people.utm.my/murtadha/2016/03/01/the-donut-ice-cream-cone-has-arrived-to-make-your-dessert-dreams-come-true/","",post,publish,exclude-legacy-post,no,no
"https://people.utm.my/murtadha/2016/02/29/lelaki-tukar-nama-kepada-bacon-double-cheeseburger/","",post,publish,exclude-legacy-post,no,no
"https://people.utm.my/murtadha/2016/02/29/petronas-raih-pendapatan-rm247-7b-pada-2015/","",post,publish,exclude-legacy-post,no,no
"https://people.utm.my/murtadha/2016/02/29/dr-mahathir-umum-keluar-umno/","",post,publish,exclude-legacy-post,no,no
"https://people.utm.my/murtadha/2016/02/29/bayi-dibuang-dari-tingkat-18-rumah-pangsa/","",post,publish,exclude-legacy-post,no,no
"https://people.utm.my/murtadha/2016/02/29/tiga-sekeluarga-rentung-dalam-kebakaran-bilik/","",post,publish,exclude-legacy-post,no,no
"https://people.utm.my/murtadha/2016/02/29/the-internet-had-the-best-reactions-to-leonardo-dicaprios-oscar-win/","",post,publish,exclude-legacy-post,no,no
"https://people.utm.my/murtadha/2016/02/29/11-times-jacob-tremblay-stole-the-show-at-the-oscars/","",post,publish,exclude-legacy-post,no,no
"https://people.utm.my/murtadha/2016/02/29/the-best-audience-moments-from-the-2016-oscars/","",post,publish,exclude-legacy-post,no,no
"https://people.utm.my/murtadha/2016/02/29/kelirukan-pasaran-repco-low-dipenjara-5-tahun-denda-rm5j/","",post,publish,exclude-legacy-post,no,no
"https://people.utm.my/murtadha/2016/02/29/37-leka-layan-judi-dadu-di-kasino-mini/","",post,publish,exclude-legacy-post,no,no
"https://people.utm.my/murtadha/2016/02/29/manchester-city-juara-piala-liga-inggeris/","",post,publish,exclude-legacy-post,no,no
"https://people.utm.my/murtadha/2016/02/29/14-timeless-oscar-stars-posing-with-their-younger-selves/","",post,publish,exclude-legacy-post,no,no
"https://people.utm.my/murtadha/2016/02/29/pesawat-tudm-terhempas-di-kuala-selangor-3/","",post,publish,exclude-legacy-post,no,no
"https://people.utm.my/murtadha/2016/02/29/ltdl-saingan-peringkat-5-milik-guardini/","",post,publish,exclude-legacy-post,no,no
"https://people.utm.my/murtadha/2016/02/28/stumped-for-a-suitably-hipster-bar-idea-try-this-handy-generator/","",post,publish,exclude-legacy-post,no,no
"https://people.utm.my/murtadha/2016/02/28/saudi-man-gets-10-years-and-2000-lashes-for-atheist-tweets/","",post,publish,exclude-legacy-post,no,no
"https://people.utm.my/murtadha/2016/02/28/shark-spotting-drones-to-patrol-the-skies-above-australian-beaches/","",post,publish,exclude-legacy-post,no,no
"https://people.utm.my/murtadha/2016/02/28/pesawat-tudm-terhempas-di-kuala-selangor-2/","",post,publish,exclude-legacy-post,no,no
"https://people.utm.my/murtadha/2016/02/28/gencatan-senjata-di-syria-bermula-2/","",post,publish,exclude-legacy-post,no,no
"https://people.utm.my/murtadha/2016/02/28/wanita-maut-dipercayai-dibelasah-suami/","",post,publish,exclude-legacy-post,no,no
"https://people.utm.my/murtadha/2016/02/28/a-mass-extinction-of-bees-and-butterflies-could-threaten-world-food-crops-un-report-finds/","",post,publish,exclude-legacy-post,no,no
"https://people.utm.my/murtadha/2016/02/28/eddie-the-eagle-is-a-movie-more-80s-than-the-80s-themselves/","",post,publish,exclude-legacy-post,no,no
"https://people.utm.my/murtadha/2016/02/28/how-to-fake-your-way-through-the-oscars/","",post,publish,exclude-legacy-post,no,no
"https://people.utm.my/murtadha/2016/02/28/gencatan-senjata-di-syria-bermula/","",post,publish,exclude-legacy-post,no,no
"https://people.utm.my/murtadha/2016/02/28/muhyiddin-tidak-akan-merayu-penggantungan-2/","",post,publish,exclude-legacy-post,no,no
"https://people.utm.my/murtadha/2016/02/28/kes-zika-pertama-menerusi-hubungan-seks-di-perancis/","",post,publish,exclude-legacy-post,no,no
"https://people.utm.my/murtadha/2016/02/27/facebook-reactions-what-we-love-angry-and-haha-about-the-new-feature/","",post,publish,exclude-legacy-post,no,no
"https://people.utm.my/murtadha/2016/02/27/how-exclamation-points-can-help-you-score-a-date/","",post,publish,exclude-legacy-post,no,no
"https://people.utm.my/murtadha/2016/02/27/heres-what-the-samsung-galaxy-s7-and-s7-edge-offer-vs-the-competition/","",post,publish,exclude-legacy-post,no,no
"https://people.utm.my/murtadha/2016/02/27/muhyiddin-tidak-akan-merayu-penggantungan/","",post,publish,exclude-legacy-post,no,no
"https://people.utm.my/murtadha/2016/02/27/keputusan-stpm-diumum-rabu-ini/","",post,publish,exclude-legacy-post,no,no
"https://people.utm.my/murtadha/2016/02/27/ustaz-kazim-keluar-hospital/","",post,publish,exclude-legacy-post,no,no
"https://people.utm.my/murtadha/2016/02/27/umno-pagoh-tolak-keputusan-mt-gantung-muhyiddin/","",post,publish,exclude-legacy-post,no,no
"https://people.utm.my/murtadha/2016/02/27/this-460-snorlax-pillow-will-have-you-dreaming-of-pokmon/","",post,publish,exclude-legacy-post,no,no
"https://people.utm.my/murtadha/2016/02/27/ex-music-publicist-heathcliff-berru-apologizes-for-wildly-inappropriate-sexual-harassment/","",post,publish,exclude-legacy-post,no,no
"https://people.utm.my/murtadha/2016/02/27/surfer-conquers-60-foot-waves-to-win-75000/","",post,publish,exclude-legacy-post,no,no
"https://people.utm.my/murtadha/2016/02/27/pesawat-tudm-terhempas-di-kuala-selangor/","",post,publish,exclude-legacy-post,no,no
"https://people.utm.my/murtadha/2016/02/27/nahas-cn235-6-anggota-tudm-selamat/","",post,publish,exclude-legacy-post,no,no
"https://people.utm.my/murtadha/2016/02/27/semua-8-kru-cn235-selamat-tudm-3/","",post,publish,exclude-legacy-post,no,no
"https://people.utm.my/murtadha/2016/02/27/the-backstreet-boys-rose-from-the-dead-to-help-gigi-hadid-in-lip-sync-battle/","",post,publish,exclude-legacy-post,no,no
"https://people.utm.my/murtadha/2016/02/27/gotta-catch-em-all-1-fanboy-and-3-noobs-try-to-guess-pokmon-names/","",post,publish,exclude-legacy-post,no,no
"https://people.utm.my/murtadha/2016/02/27/ball-dogs-are-the-best-little-helpers-at-the-tennis-match/","",post,publish,exclude-legacy-post,no,no
"https://people.utm.my/murtadha/2016/02/27/semua-8-kru-cn235-selamat-tudm-2/","",post,publish,exclude-legacy-post,no,no
"https://people.utm.my/murtadha/2016/02/27/muhyiddin-digantung-jawatan-timbalan-presiden-umno/","",post,publish,exclude-legacy-post,no,no
"https://people.utm.my/murtadha/2016/02/27/keputusan-spm-diumum-khamis-ini/","",post,publish,exclude-legacy-post,no,no
"https://people.utm.my/murtadha/2016/02/26/fuller-house-bosses-answer-burning-question-are-the-tanners-cursed/","",post,publish,exclude-legacy-post,no,no
"https://people.utm.my/murtadha/2016/02/26/leonardo-dicaprios-child-model-glamour-shots-are-embarrassingly-dorky/","",post,publish,exclude-legacy-post,no,no
"https://people.utm.my/murtadha/2016/02/26/man-makes-ridiculously-long-selfie-stick-takes-disappointing-self-portrait/","",post,publish,exclude-legacy-post,no,no
"https://people.utm.my/murtadha/2016/02/26/semua-8-kru-cn235-selamat-tudm/","",post,publish,exclude-legacy-post,no,no
"https://people.utm.my/murtadha/2016/02/26/nahas-cn235-nelayan-lemas-ketika-cuba-selamatkan-mangsa/","",post,publish,exclude-legacy-post,no,no
"https://people.utm.my/murtadha/2016/02/26/muhyiddin-tidak-hadiri-mesyuarat-mt-umno/","",post,publish,exclude-legacy-post,no,no
"https://people.utm.my/murtadha/2016/02/26/rubio-to-apple-your-brand-is-not-superior-to-national-security/","",post,publish,exclude-legacy-post,no,no
"https://people.utm.my/murtadha/2016/02/26/kelly-clarkson-made-keith-urban-and-all-of-us-weep-with-moving-american-idol-performance/","",post,publish,exclude-legacy-post,no,no
"https://people.utm.my/murtadha/2016/02/26/nissanconnect-ev-app-disabled-due-to-security-vulnerabality/","",post,publish,exclude-legacy-post,no,no
"https://people.utm.my/murtadha/2016/02/26/latihan-bersama-tldm-msdf-perkukuh-persefahaman/","",post,publish,exclude-legacy-post,no,no
"https://people.utm.my/murtadha/2016/02/26/as-penjara-lelaki-kelahiran-korea-utara/","",post,publish,exclude-legacy-post,no,no
"https://people.utm.my/murtadha/2016/02/26/3-maut-20-cedera-insiden-tembakan-di-kansas/","",post,publish,exclude-legacy-post,no,no
"https://people.utm.my/murtadha/2016/02/26/bones-renewed-for-a-final-shortened-season/","",post,publish,exclude-legacy-post,no,no
"https://people.utm.my/murtadha/2016/02/26/california-gas-leak-was-largest-of-its-kind-in-u-s-history-study-shows/","",post,publish,exclude-legacy-post,no,no
"https://people.utm.my/murtadha/2016/02/26/first-un-attempt-to-deliver-food-to-besieged-syrian-city-fails/","",post,publish,exclude-legacy-post,no,no
"https://people.utm.my/murtadha/2016/02/25/fifa-election-all-you-need-to-know-about-the-race-to-replace-sepp-blatter/","",post,publish,exclude-legacy-post,no,no
"https://people.utm.my/murtadha/2016/02/25/this-is-the-week-the-robot-controlled-future-arrived-in-all-its-terrifying-glory/","",post,publish,exclude-legacy-post,no,no
"https://people.utm.my/murtadha/2016/02/25/drake-skips-brit-awards-after-party-to-support-the-rap-artists-who-werent-invited/","",post,publish,exclude-legacy-post,no,no
"https://people.utm.my/murtadha/2016/02/25/maybank-catat-untung-bersih-rm6-84-bilion/","",post,publish,exclude-legacy-post,no,no
"https://people.utm.my/murtadha/2016/02/25/mesin-atm-dilarikan-guna-jengkaut/","",post,publish,exclude-legacy-post,no,no
"https://people.utm.my/murtadha/2016/02/25/colorado-tourists-cant-hold-their-pot-keep-ending-up-in-the-hospital/","",post,publish,exclude-legacy-post,no,no
"https://people.utm.my/murtadha/2016/02/25/apple-may-finally-be-bringing-siri-to-the-mac/","",post,publish,exclude-legacy-post,no,no
"https://people.utm.my/murtadha/2016/02/25/idiot-prankster-sam-pepper-confesses-he-faked-his-youtube-videos/","",post,publish,exclude-legacy-post,no,no
"https://people.utm.my/murtadha/2016/02/25/5-maut-4-parah-nahas-di-beluran/","",post,publish,exclude-legacy-post,no,no
"https://people.utm.my/murtadha/2016/02/25/squarespace-taps-renowned-photojournalist-for-powerful-oscars-commercial/","",post,publish,exclude-legacy-post,no,no
"https://people.utm.my/murtadha/2016/02/25/topher-grace-supercut-all-the-seinfeld-scenes-from-curb-your-enthusiasm-into-one-episode/","",post,publish,exclude-legacy-post,no,no
"https://people.utm.my/murtadha/2016/02/25/this-is-the-most-insane-ski-video-ever-created/","",post,publish,exclude-legacy-post,no,no
"https://people.utm.my/murtadha/2016/02/24/saya-cuma-jawab-dalam-mahkamah-tun-m/","",post,publish,exclude-legacy-post,no,no
"https://people.utm.my/murtadha/2016/02/24/this-panda-just-doesnt-want-to-share-its-yummy-snack/","",post,publish,exclude-legacy-post,no,no
"https://people.utm.my/murtadha/2016/02/24/how-to-use-low-power-mode-on-the-iphone-to-save-battery-life/","",post,publish,exclude-legacy-post,no,no
"https://people.utm.my/murtadha/2016/02/24/how-the-internet-of-things-is-becoming-the-internet-of-commerce/","",post,publish,exclude-legacy-post,no,no
"https://people.utm.my/murtadha/2016/02/24/bangkai-pesawat-nepal-ditemui-hangus-mayat-bergelimpangan/","",post,publish,exclude-legacy-post,no,no
"https://people.utm.my/murtadha/2016/02/24/polis-rakam-percakapan-tun-dr-mahathir/","",post,publish,exclude-legacy-post,no,no
"https://people.utm.my/murtadha/2016/02/24/new-app-turns-the-entire-world-into-a-giant-game-of-laser-tag/","",post,publish,exclude-legacy-post,no,no
"https://people.utm.my/murtadha/2016/02/24/police-are-closing-the-borders-to-afghan-refugees-in-macedonia/","",post,publish,exclude-legacy-post,no,no
"https://people.utm.my/murtadha/2016/02/24/new-campus-gun-laws-have-texas-professors-rethinking-their-curriculum/","",post,publish,exclude-legacy-post,no,no
"https://people.utm.my/murtadha/2016/02/23/check-out-this-photo-by-tangota%f0%9f%87%b2%f0%9f%87%be-at-httpst-coeag0x8uxhj-via-eyeem-eyeemfivesenses-sight/","",post,publish,exclude-legacy-post,no,no
"https://people.utm.my/murtadha/2016/02/23/hundreds-of-people-complained-about-this-overtly-sexual-ad/","",post,publish,exclude-legacy-post,no,no
"https://people.utm.my/murtadha/2016/02/23/theres-a-hidden-twist-to-this-david-bowie-street-art-tribute/","",post,publish,exclude-legacy-post,no,no
"https://people.utm.my/murtadha/2016/02/23/disneys-solar-farm-looks-like-mickey-mouse-because-of-course-it-does/","",post,publish,exclude-legacy-post,no,no
"https://people.utm.my/murtadha/2016/02/23/fitch-sahkan-penarafan-malaysia-pada-a-dengan-unjuran-stabil/","",post,publish,exclude-legacy-post,no,no
"https://people.utm.my/murtadha/2016/02/23/baby-elephant-just-wants-to-cuddle-all-day-long/","",post,publish,exclude-legacy-post,no,no
"https://people.utm.my/murtadha/2016/02/23/mother-and-daughter-look-eerily-profoundly-alike/","",post,publish,exclude-legacy-post,no,no
"https://people.utm.my/murtadha/2016/02/23/new-study-claims-that-paleo-diet-may-be-terrible-for-you/","",post,publish,exclude-legacy-post,no,no
"https://people.utm.my/murtadha/2016/02/23/ramai-tawar-nak-beli-anak-kucing-bermuka-dua/","",post,publish,exclude-legacy-post,no,no
"https://people.utm.my/murtadha/2016/02/23/hockey-fight-goes-metal-thanks-to-air-guitaring-teammate/","",post,publish,exclude-legacy-post,no,no
"https://people.utm.my/murtadha/2016/02/23/new-web-series-on-female-driven-network-imagines-office-crying-room/","",post,publish,exclude-legacy-post,no,no
"https://people.utm.my/murtadha/2016/02/23/the-life-of-pablo-sandoval-is-a-very-good-life-indeed/","",post,publish,exclude-legacy-post,no,no
"https://people.utm.my/murtadha/2016/02/22/check-out-this-photo-by-tangota%f0%9f%87%b2%f0%9f%87%be-at-httpst-coq2sp3y9p9v-via-eyeem-eyeemfivesenses-sight/","",post,publish,exclude-legacy-post,no,no
"https://people.utm.my/murtadha/2016/02/22/check-out-this-photo-by-tangota%f0%9f%87%b2%f0%9f%87%be-at-httpst-co0oafgh7rfc-via-eyeem-eyeemfivesenses-sight/","",post,publish,exclude-legacy-post,no,no
"https://people.utm.my/murtadha/2016/02/22/ustaz-kazim-sambung-rawatan-di-ipoh/","",post,publish,exclude-legacy-post,no,no
"https://people.utm.my/murtadha/2016/02/22/geng-ah-seong-aktif-pecah-rumah-curi-kereta-tumpas/","",post,publish,exclude-legacy-post,no,no
"https://people.utm.my/murtadha/2016/02/22/kandungan-daripada-viu-untuk-pelanggan-unifi-streamyx-tm/","",post,publish,exclude-legacy-post,no,no
"https://people.utm.my/murtadha/2016/02/22/fbm-klci-turun-0-29-mata-kepada-1674-59/","",post,publish,exclude-legacy-post,no,no
"https://people.utm.my/murtadha/2016/02/22/dr-seuss-books-remade-in-yarn-will-make-you-want-to-be-a-kid-again/","",post,publish,exclude-legacy-post,no,no
"https://people.utm.my/murtadha/2016/02/22/taylor-swift-gives-kesha-250000/","",post,publish,exclude-legacy-post,no,no
"https://people.utm.my/murtadha/2016/02/22/why-are-indian-villages-banning-girls-from-using-mobile-phones/","",post,publish,exclude-legacy-post,no,no
"https://people.utm.my/murtadha/2016/02/22/check-out-this-photo-by-chris-p-on-eyeem-httpst-coeune0pxsls/","",post,publish,exclude-legacy-post,no,no
"https://people.utm.my/murtadha/2016/02/22/new-bill-would-prevent-people-from-using-food-stamps-to-buy-cake-and-steak/","",post,publish,exclude-legacy-post,no,no
"https://people.utm.my/murtadha/2016/02/22/astronaut-shows-off-microsoft-hololens-augmented-reality-in-space/","",post,publish,exclude-legacy-post,no,no
"https://people.utm.my/murtadha/2016/02/22/giving-young-people-a-chance-to-grow-up-without-online-shame/","",post,publish,exclude-legacy-post,no,no
"https://people.utm.my/murtadha/2016/02/21/4-letupan-bom-gegar-selatan-damsyik/","",post,publish,exclude-legacy-post,no,no
"https://people.utm.my/murtadha/2016/02/21/13-cheap-or-free-online-classes-you-should-take-to-boost-your-digital-skills/","",post,publish,exclude-legacy-post,no,no
"https://people.utm.my/murtadha/2016/02/21/the-unstoppable-donald-trump/","",post,publish,exclude-legacy-post,no,no
"https://people.utm.my/murtadha/2016/02/21/huawei-matebook-is-an-ultra-thin-12-inch-tabletlaptop-hybrid/","",post,publish,exclude-legacy-post,no,no
"https://people.utm.my/murtadha/2016/02/21/you-can-get-weird-in-amsterdam-without-getting-high/","",post,publish,exclude-legacy-post,no,no
"https://people.utm.my/murtadha/2016/02/21/rip-curl-clothes-produced-in-north-korean-factory-with-slave-like-conditions/","",post,publish,exclude-legacy-post,no,no
"https://people.utm.my/murtadha/2016/02/21/gunman-randomly-shoots-kills-6-in-kalamazoo-michigan/","",post,publish,exclude-legacy-post,no,no
"https://people.utm.my/murtadha/2016/02/21/15000-australians-protest-against-sydneys-controversial-nightlife-laws/","",post,publish,exclude-legacy-post,no,no
"https://people.utm.my/murtadha/2016/02/21/rusuhan-di-haryana-tiada-rakyat-malaysia-terbabit/","",post,publish,exclude-legacy-post,no,no
"https://people.utm.my/murtadha/2016/02/21/virgin-galactic-still-has-a-long-road-to-recovery-and-its-going-it-alone/","",post,publish,exclude-legacy-post,no,no
"https://people.utm.my/murtadha/2016/02/21/tropical-cyclone-winston-strongest-ever-seen-in-southern-hemisphere-hits-fiji/","",post,publish,exclude-legacy-post,no,no
"https://people.utm.my/murtadha/2016/02/21/the-truth-about-why-deadpool-wont-be-hosting-snl/","",post,publish,exclude-legacy-post,no,no
"https://people.utm.my/murtadha/2016/02/20/20-british-sex-terms-to-tell-bae-what-you-want-what-you-really-really-want/","",post,publish,exclude-legacy-post,no,no
"https://people.utm.my/murtadha/2016/02/20/6-ways-to-give-your-activism-a-much-needed-global-spin/","",post,publish,exclude-legacy-post,no,no
"https://people.utm.my/murtadha/2016/02/20/uk-going-to-polls-in-june-to-decide-future-with-european-union/","",post,publish,exclude-legacy-post,no,no
"https://people.utm.my/murtadha/2016/02/20/kwsp-isytihar-dividen-6-40-peratus-untuk-2015/","",post,publish,exclude-legacy-post,no,no
"https://people.utm.my/murtadha/2016/02/20/faiz-terharu-dicalonkan-anugerah-puskas/","",post,publish,exclude-legacy-post,no,no
"https://people.utm.my/murtadha/2016/02/20/natalie-maines-golden-pipes-take-dramatic-simpsons-montage-to-the-next-level/","",post,publish,exclude-legacy-post,no,no
"https://people.utm.my/murtadha/2016/02/20/apple-san-bernardino-county-screwed-up-the-iphone-the-fbi-wants-us-to-fix/","",post,publish,exclude-legacy-post,no,no
"https://people.utm.my/murtadha/2016/02/20/richard-branson-has-big-plans-for-virgin-galactic-beyond-space-planes/","",post,publish,exclude-legacy-post,no,no
"https://people.utm.my/murtadha/2016/02/20/pengambilan-pekerja-asing-ditangguhkan-tpm-2/","",post,publish,exclude-legacy-post,no,no
"https://people.utm.my/murtadha/2016/02/20/channel-tunnel-may-be-extended-to-stop-migrants-and-refugees-stowing-away/","",post,publish,exclude-legacy-post,no,no
"https://people.utm.my/murtadha/2016/02/20/kesha-breaks-down-when-court-rules-that-she-must-continue-working-with-her-alleged-rapist/","",post,publish,exclude-legacy-post,no,no
"https://people.utm.my/murtadha/2016/02/20/mourners-pack-supreme-court-to-pay-tribute-to-antonin-scalia/","",post,publish,exclude-legacy-post,no,no
"https://people.utm.my/murtadha/2016/02/19/pengambilan-pekerja-asing-ditangguhkan-tpm/","",post,publish,exclude-legacy-post,no,no
"https://people.utm.my/murtadha/2016/02/19/seleweng-gas-subsidi-17-akaun-dengan-rm7-4-juta-dibekukan/","",post,publish,exclude-legacy-post,no,no
"https://people.utm.my/murtadha/2016/02/19/dr-b-sugumaran-ditemui-selamat/","",post,publish,exclude-legacy-post,no,no
"https://people.utm.my/murtadha/2016/02/19/call-the-parents-hotline-to-fantasize-about-a-wild-night-out/","",post,publish,exclude-legacy-post,no,no
"https://people.utm.my/murtadha/2016/02/19/airline-accidentally-books-2-female-passengers-into-sm-hotel/","",post,publish,exclude-legacy-post,no,no
"https://people.utm.my/murtadha/2016/02/19/the-bizarre-world-of-queen-elizabeth-impersonators-captured-in-photos/","",post,publish,exclude-legacy-post,no,no
"https://people.utm.my/murtadha/2016/02/19/obama-akan-umum-pengganti-scalia/","",post,publish,exclude-legacy-post,no,no
"https://people.utm.my/murtadha/2016/02/19/penyu-tanpa-2-tonggak-import-jumpa-semut-merah/","",post,publish,exclude-legacy-post,no,no
"https://people.utm.my/murtadha/2016/02/19/perlu-tindakan-drastik-henti-politiking-berlebihan-salleh/","",post,publish,exclude-legacy-post,no,no
"https://people.utm.my/murtadha/2016/02/19/harga-minyak-diunjur-stabil-tiada-lagi-pengubahsuaian-bajet-pm/","",post,publish,exclude-legacy-post,no,no
"https://people.utm.my/murtadha/2016/02/19/8-hip-gift-ideas-for-your-favorite-supreme-court-nerd/","",post,publish,exclude-legacy-post,no,no
"https://people.utm.my/murtadha/2016/02/19/a-carb-tragedy-grips-nyc-as-rainbow-bagel-store-closes-indefinitely/","",post,publish,exclude-legacy-post,no,no
"https://people.utm.my/murtadha/2016/02/19/obama-will-be-the-first-american-president-to-visit-cuba-since-1928/","",post,publish,exclude-legacy-post,no,no
"https://people.utm.my/murtadha/2016/02/18/i-went-to-brazil-even-though-everyone-told-me-not-to-because-of-zika/","",post,publish,exclude-legacy-post,no,no
"https://people.utm.my/murtadha/2016/02/18/vanessa-hudgens-could-go-to-jail-for-allegedly-carving-a-heart-into-sedonas-red-rock/","",post,publish,exclude-legacy-post,no,no
"https://people.utm.my/murtadha/2016/02/18/jury-is-out-on-eurovision-song-contests-big-shake-up/","",post,publish,exclude-legacy-post,no,no
"https://people.utm.my/murtadha/2016/02/18/marco-rubio-loves-edm-because-it-doesnt-have-dirty-lyrics/","",post,publish,exclude-legacy-post,no,no
"https://people.utm.my/murtadha/2016/02/18/aston-martin-teams-with-faraday-future-to-make-tesla-competitor/","",post,publish,exclude-legacy-post,no,no
"https://people.utm.my/murtadha/2016/02/18/canon-eos-80d-gives-budding-filmmakers-even-more-performance/","",post,publish,exclude-legacy-post,no,no
"https://people.utm.my/murtadha/2016/02/18/nike-batal-kontrak-pacquiao-gara-gara-hina-homoseksual/","",post,publish,exclude-legacy-post,no,no
"https://people.utm.my/murtadha/2016/02/18/check-out-this-photo-by-tangota%f0%9f%87%b2%f0%9f%87%be-at-httpst-coiuxjaoh6mz-via-eyeem-eyeemfivesenses-taste/","",post,publish,exclude-legacy-post,no,no
"https://people.utm.my/murtadha/2016/02/18/check-out-this-photo-by-tangota%f0%9f%87%b2%f0%9f%87%be-at-httpst-co3hiksv8ms4-via-eyeem-eyeemfivesenses-taste/","",post,publish,exclude-legacy-post,no,no
"https://people.utm.my/murtadha/2016/02/18/check-out-this-photo-by-tangota%f0%9f%87%b2%f0%9f%87%be-at-httpst-condbtykmvok-via-eyeem-eyeemfivesenses-taste/","",post,publish,exclude-legacy-post,no,no
"https://people.utm.my/murtadha/2016/02/18/check-out-this-photo-by-tangota%f0%9f%87%b2%f0%9f%87%be-at-httpst-co17y4x4dosk-via-eyeem-eyeemfivesenses-touch/","",post,publish,exclude-legacy-post,no,no
"https://people.utm.my/murtadha/2016/02/18/check-out-this-photo-by-tangota%f0%9f%87%b2%f0%9f%87%be-at-httpst-coljbxhotvke-via-eyeem-eyeemfivesenses-sight/","",post,publish,exclude-legacy-post,no,no
"https://people.utm.my/murtadha/2016/02/18/check-out-this-photo-by-tangota%f0%9f%87%b2%f0%9f%87%be-at-httpst-cofy8ufea3a2-via-eyeem-eyeemfivesenses-touch/","",post,publish,exclude-legacy-post,no,no
"https://people.utm.my/murtadha/2016/02/18/28-maut-serangan-bom-di-tengah-ankara/","",post,publish,exclude-legacy-post,no,no
"https://people.utm.my/murtadha/2016/02/18/tourists-will-have-to-get-tickets-to-visit-cinque-terre-this-summer/","",post,publish,exclude-legacy-post,no,no
"https://people.utm.my/murtadha/2016/02/18/a-nyfw-interview-with-luella-the-fashion-frenchie/","",post,publish,exclude-legacy-post,no,no
"https://people.utm.my/murtadha/2016/02/18/31-gilmore-girls-inspired-random-acts-of-kindness/","",post,publish,exclude-legacy-post,no,no
"https://people.utm.my/murtadha/2016/02/17/mayat-4-remaja-hilang-ditemui-dalam-sungai/","",post,publish,exclude-legacy-post,no,no
"https://people.utm.my/murtadha/2016/02/17/najib-punyai-kesabaran-luar-biasa-ahmad-zahid/","",post,publish,exclude-legacy-post,no,no
"https://people.utm.my/murtadha/2016/02/17/chinese-farmer-buries-money-for-safekeeping-but-termites-ate-the-stash/","",post,publish,exclude-legacy-post,no,no
"https://people.utm.my/murtadha/2016/02/17/tim-cook-building-a-backdoor-into-the-iphone-is-too-dangerous/","",post,publish,exclude-legacy-post,no,no
"https://people.utm.my/murtadha/2016/02/17/quantico-star-priyanka-chopra-is-the-new-villain-in-the-baywatch-film/","",post,publish,exclude-legacy-post,no,no
"https://people.utm.my/murtadha/2016/02/17/check-out-this-photo-by-tangota%f0%9f%87%b2%f0%9f%87%be-at-httpst-coq3irtlfosd-via-eyeem-eyeemfivesenses-touch/","",post,publish,exclude-legacy-post,no,no
"https://people.utm.my/murtadha/2016/02/17/check-out-this-photo-by-tangota%f0%9f%87%b2%f0%9f%87%be-at-httpst-co3f4uabiw0r-via-eyeem-eyeemfivesenses-touch/","",post,publish,exclude-legacy-post,no,no
"https://people.utm.my/murtadha/2016/02/17/check-out-this-photo-by-tangota%f0%9f%87%b2%f0%9f%87%be-at-httpst-commnxxpmj5a-via-eyeem-eyeemfivesenses-touch/","",post,publish,exclude-legacy-post,no,no
"https://people.utm.my/murtadha/2016/02/17/harga-minyak-jatuh-di-tengah-kemelut-bekukan-pengeluaran/","",post,publish,exclude-legacy-post,no,no
"https://people.utm.my/murtadha/2016/02/17/spieth-mahu-jadi-seperti-federer-djokovic/","",post,publish,exclude-legacy-post,no,no
"https://people.utm.my/murtadha/2016/02/17/sassy-chrissy-teigen-shuts-down-body-shamers/","",post,publish,exclude-legacy-post,no,no
"https://people.utm.my/murtadha/2016/02/17/uber-is-losing-more-than-1-billion-a-year-in-china/","",post,publish,exclude-legacy-post,no,no
"https://people.utm.my/murtadha/2016/02/17/obama-gesa-ketegangan-di-laut-china-selatan-dikurangkan/","",post,publish,exclude-legacy-post,no,no
"https://people.utm.my/murtadha/2016/02/17/photographers-capture-the-spectacular-pageantry-of-the-grammys/","",post,publish,exclude-legacy-post,no,no
"https://people.utm.my/murtadha/2016/02/17/the-witch-is-a-film-so-fcked-up-satan-would-see-it-twice/","",post,publish,exclude-legacy-post,no,no
"https://people.utm.my/murtadha/2016/02/16/sing-karaoke-on-top-of-the-sydney-harbour-bridge-for-mardi-gras/","",post,publish,exclude-legacy-post,no,no
"https://people.utm.my/murtadha/2016/02/16/the-grammys-mostly-predictable-but-the-biggest-drama-is-yet-to-come/","",post,publish,exclude-legacy-post,no,no
"https://people.utm.my/murtadha/2016/02/16/pm-tiba-di-sunnylands-hadiri-sidang-kemuncak-pemimpin-as-asean/","",post,publish,exclude-legacy-post,no,no
"https://people.utm.my/murtadha/2016/02/16/sidang-kemuncak-pemimpin-as-asean-bermula/","",post,publish,exclude-legacy-post,no,no
"https://people.utm.my/murtadha/2016/02/16/gempa-bumi-5-7-magnitud-gegar-wellington-2/","",post,publish,exclude-legacy-post,no,no
"https://people.utm.my/murtadha/2016/02/16/grammys-2016-see-all-the-jaw-dropping-red-carpet-looks-here/","",post,publish,exclude-legacy-post,no,no
"https://people.utm.my/murtadha/2016/02/16/the-space-scooter-moves-without-kicking-and-doesnt-require-electricity-or-gas/","",post,publish,exclude-legacy-post,no,no
"https://people.utm.my/murtadha/2016/02/16/dutch-startup-leakserv-takes-aim-at-revenge-porn/","",post,publish,exclude-legacy-post,no,no
"https://people.utm.my/murtadha/2016/02/15/gempa-bumi-5-7-magnitud-gegar-wellington/","",post,publish,exclude-legacy-post,no,no
"https://people.utm.my/murtadha/2016/02/15/guru-sekolah-agama-parah-ditikam-anak-6/","",post,publish,exclude-legacy-post,no,no
"https://people.utm.my/murtadha/2016/02/15/gravitational-waves-mark-start-of-new-era-in-space-exploration/","",post,publish,exclude-legacy-post,no,no
"https://people.utm.my/murtadha/2016/02/15/target-rolls-out-new-shopping-carts-designed-with-disability-in-mind/","",post,publish,exclude-legacy-post,no,no
"https://people.utm.my/murtadha/2016/02/15/guru-sekolah-agama-parah-ditikam-anak-5/","",post,publish,exclude-legacy-post,no,no
"https://people.utm.my/murtadha/2016/02/15/gempa-bumi-lemah-2-1-magnitud-landa-ranau-3/","",post,publish,exclude-legacy-post,no,no
"https://people.utm.my/murtadha/2016/02/15/stop-dreaming-start-doing-usain-bolt-inspires-in-new-ad/","",post,publish,exclude-legacy-post,no,no
"https://people.utm.my/murtadha/2016/02/15/company-gives-away-free-data-so-users-download-1841-terabytes/","",post,publish,exclude-legacy-post,no,no
"https://people.utm.my/murtadha/2016/02/15/gempa-bumi-lemah-2-1-magnitud-landa-ranau-2/","",post,publish,exclude-legacy-post,no,no
"https://people.utm.my/murtadha/2016/02/15/najib-kesal-fitnah-terhadap-th-sehingga-resahkan-rakyat-3/","",post,publish,exclude-legacy-post,no,no
"https://people.utm.my/murtadha/2016/02/15/leonardo-dicaprio-gave-maggie-smith-a-massive-valentines-kiss-at-the-baftas/","",post,publish,exclude-legacy-post,no,no
"https://people.utm.my/murtadha/2016/02/15/these-valentines-day-fails-show-its-truly-the-thought-that-counts/","",post,publish,exclude-legacy-post,no,no
"https://people.utm.my/murtadha/2016/02/14/najib-kesal-fitnah-terhadap-th-sehingga-resahkan-rakyat-2/","",post,publish,exclude-legacy-post,no,no
"https://people.utm.my/murtadha/2016/02/14/malaysia-guna-saluran-diplomasi-selesai-isu-pencerobohan-beting-patinggi-ali-3/","",post,publish,exclude-legacy-post,no,no
"https://people.utm.my/murtadha/2016/02/14/kal-penn-explains-just-how-much-money-you-should-be-saving/","",post,publish,exclude-legacy-post,no,no
"https://people.utm.my/murtadha/2016/02/14/heres-how-to-draw-adele-on-a-flaming-hoverboard/","",post,publish,exclude-legacy-post,no,no
"https://people.utm.my/murtadha/2016/02/14/malaysia-guna-saluran-diplomasi-selesai-isu-pencerobohan-beting-patinggi-ali-2/","",post,publish,exclude-legacy-post,no,no
"https://people.utm.my/murtadha/2016/02/14/isu-kapal-china-di-luar-perairan-sarawak-dalam-kawalan-hishammuddin-2/","",post,publish,exclude-legacy-post,no,no
"https://people.utm.my/murtadha/2016/02/14/erykah-badu-styled-a-fashion-show-spotlighting-mental-health/","",post,publish,exclude-legacy-post,no,no
"https://people.utm.my/murtadha/2016/02/14/kanye-west-brings-high-lights-to-saturday-night-live/","",post,publish,exclude-legacy-post,no,no
"https://people.utm.my/murtadha/2016/02/14/isu-kapal-china-di-luar-perairan-sarawak-dalam-kawalan-hishammuddin/","",post,publish,exclude-legacy-post,no,no
"https://people.utm.my/murtadha/2016/02/14/peguam-negara-tidak-boleh-didakwa-ikut-seksyen-217-218-2/","",post,publish,exclude-legacy-post,no,no
"https://people.utm.my/murtadha/2016/02/14/kanye-west-death-cab-for-cutie-mashup-is-a-masterpiece-if-you-can-find-it/","",post,publish,exclude-legacy-post,no,no
"https://people.utm.my/murtadha/2016/02/14/girls-around-the-globe-reclaim-love-with-the-campaign-mytruelove/","",post,publish,exclude-legacy-post,no,no
"https://people.utm.my/murtadha/2016/02/13/peguam-negara-tidak-boleh-didakwa-ikut-seksyen-217-218/","",post,publish,exclude-legacy-post,no,no
"https://people.utm.my/murtadha/2016/02/13/lelaki-ancam-letup-kediaman-pm-ditahan-di-perak/","",post,publish,exclude-legacy-post,no,no
"https://people.utm.my/murtadha/2016/02/13/5-unsung-heroes-of-the-civil-rights-movement-you-need-to-know/","",post,publish,exclude-legacy-post,no,no
"https://people.utm.my/murtadha/2016/02/13/when-life-gives-you-tons-of-lemons-make-masterpieces-for-the-lemon-festival/","",post,publish,exclude-legacy-post,no,no
"https://people.utm.my/murtadha/2016/02/13/malaysia-guna-saluran-diplomasi-selesai-isu-pencerobohan-beting-patinggi-ali/","",post,publish,exclude-legacy-post,no,no
"https://people.utm.my/murtadha/2016/02/13/assad-ikrar-tawan-semula-wilayah-syria/","",post,publish,exclude-legacy-post,no,no
"https://people.utm.my/murtadha/2016/02/13/heartbroken-dog-finds-favorite-ball-frozen-in-kiddy-pool/","",post,publish,exclude-legacy-post,no,no
"https://people.utm.my/murtadha/2016/02/13/l-a-to-pay-a-white-ex-employee-3-8-million-for-racial-discrimination/","",post,publish,exclude-legacy-post,no,no
"https://people.utm.my/murtadha/2016/02/13/najib-kesal-fitnah-terhadap-th-sehingga-resahkan-rakyat/","",post,publish,exclude-legacy-post,no,no
"https://people.utm.my/murtadha/2016/02/13/tertuduh-kes-curi-di-low-yat-didenda-rm2000-ambil-dadah/","",post,publish,exclude-legacy-post,no,no
"https://people.utm.my/murtadha/2016/02/13/kendall-jenner-sues-acne-treatment-company-for-millions/","",post,publish,exclude-legacy-post,no,no
"https://people.utm.my/murtadha/2016/02/13/the-1946-police-beating-that-made-president-truman-pay-attention-to-civil-rights/","",post,publish,exclude-legacy-post,no,no
"https://people.utm.my/murtadha/2016/02/12/gempa-bumi-lemah-2-1-magnitud-landa-ranau/","",post,publish,exclude-legacy-post,no,no
"https://people.utm.my/murtadha/2016/02/12/gempa-bumi-kuat-6-5-magnitud-gegar-timur-indonesia/","",post,publish,exclude-legacy-post,no,no
"https://people.utm.my/murtadha/2016/02/12/these-cute-hairy-monkey-ornaments-are-made-from-dried-cicadas/","",post,publish,exclude-legacy-post,no,no
"https://people.utm.my/murtadha/2016/02/12/lord-of-the-rings-theme-office-brings-your-fantasies-to-life/","",post,publish,exclude-legacy-post,no,no
"https://people.utm.my/murtadha/2016/02/12/check-out-this-photo-by-tangota%f0%9f%87%b2%f0%9f%87%be-on-eyeem-httpst-cozmlc17ahxr-eyeemfivesenses-hearing/","",post,publish,exclude-legacy-post,no,no
"https://people.utm.my/murtadha/2016/02/12/guru-sekolah-agama-parah-ditikam-anak-4/","",post,publish,exclude-legacy-post,no,no
"https://people.utm.my/murtadha/2016/02/12/laporan-penemuan-juruterbang-mh370-worldnewsdailyreport-com-palsu-2/","",post,publish,exclude-legacy-post,no,no
"https://people.utm.my/murtadha/2016/02/12/the-mysterious-hierarchy-of-yeezy-season-3-what-did-it-mean/","",post,publish,exclude-legacy-post,no,no
"https://people.utm.my/murtadha/2016/02/12/kanye-wests-models-a-fuller-spectrum-of-black-beauty/","",post,publish,exclude-legacy-post,no,no
"https://people.utm.my/murtadha/2016/02/12/laporan-penemuan-juruterbang-mh370-worldnewsdailyreport-com-palsu/","",post,publish,exclude-legacy-post,no,no
"https://people.utm.my/murtadha/2016/02/12/3-tahun-operasi-lombong-pasir-haram-di-putrajaya/","",post,publish,exclude-legacy-post,no,no
"https://people.utm.my/murtadha/2016/02/12/the-newest-hair-trend-is-the-unicorn-horn-and-its-spectacularly-strange/","",post,publish,exclude-legacy-post,no,no
"https://people.utm.my/murtadha/2016/02/12/meredith-grey-and-dana-scully-truly-are-two-of-tvs-unluckiest-people-heres-proof/","",post,publish,exclude-legacy-post,no,no
"https://people.utm.my/murtadha/2016/02/11/guru-sekolah-agama-parah-ditikam-anak-3/","",post,publish,exclude-legacy-post,no,no
"https://people.utm.my/murtadha/2016/02/11/mualaf-dapat-hak-penjagaan-anak-lelaki-3/","",post,publish,exclude-legacy-post,no,no
"https://people.utm.my/murtadha/2016/02/11/facebooks-free-basics-is-no-longer-available-to-people-in-india/","",post,publish,exclude-legacy-post,no,no
"https://people.utm.my/murtadha/2016/02/11/the-3-aussie-women-turning-makeup-into-an-online-diversity-movement/","",post,publish,exclude-legacy-post,no,no
"https://people.utm.my/murtadha/2016/02/11/check-out-this-photo-by-tangota%f0%9f%87%b2%f0%9f%87%be-at-httpst-co3weonhbofp-via-eyeem-eyeemfivesenses/","",post,publish,exclude-legacy-post,no,no
"https://people.utm.my/murtadha/2016/02/11/my-article-reached-10-citations-httpst-cownohodr1qc/","",post,publish,exclude-legacy-post,no,no
"https://people.utm.my/murtadha/2016/02/11/mualaf-dapat-hak-penjagaan-anak-lelaki-2/","",post,publish,exclude-legacy-post,no,no
"https://people.utm.my/murtadha/2016/02/11/pm-adakan-lawatan-kerja-ke-as/","",post,publish,exclude-legacy-post,no,no
"https://people.utm.my/murtadha/2016/02/11/hank-green-a-not-so-secret-wizard-predicted-eighth-harry-potter-book-8-years-ago/","",post,publish,exclude-legacy-post,no,no
"https://people.utm.my/murtadha/2016/02/11/asia-mcclain-of-serial-reveals-why-shes-choosing-now-to-speak-out/","",post,publish,exclude-legacy-post,no,no
"https://people.utm.my/murtadha/2016/02/10/mualaf-dapat-hak-penjagaan-anak-lelaki/","",post,publish,exclude-legacy-post,no,no
"https://people.utm.my/murtadha/2016/02/10/tmj-cabar-debat-terbuka-isu-bola-sepak/","",post,publish,exclude-legacy-post,no,no
"https://people.utm.my/murtadha/2016/02/10/chinese-woman-dumps-boyfriend-after-being-put-off-by-his-familys-chinese-new-year-meal/","",post,publish,exclude-legacy-post,no,no
"https://people.utm.my/murtadha/2016/02/10/lg-teaser-shows-g5-flagship-phone-with-always-on-display/","",post,publish,exclude-legacy-post,no,no
"https://people.utm.my/murtadha/2016/02/10/guru-sekolah-agama-parah-ditikam-anak-2/","",post,publish,exclude-legacy-post,no,no
"https://people.utm.my/murtadha/2016/02/10/gempa-bumi-6-4-magnitud-gegar-chile/","",post,publish,exclude-legacy-post,no,no
"https://people.utm.my/murtadha/2016/02/10/johnny-depp-will-disappear-into-invisible-man-role-for-universal/","",post,publish,exclude-legacy-post,no,no
"https://people.utm.my/murtadha/2016/02/10/bernie-sandwich-msnbc-tells-us-the-hottest-new-food-trend/","",post,publish,exclude-legacy-post,no,no
"https://people.utm.my/murtadha/2016/02/10/guru-sekolah-agama-parah-ditikam-anak/","",post,publish,exclude-legacy-post,no,no
"https://people.utm.my/murtadha/2016/02/10/enjin-tren-ekspres-rakyat-terbakar-penumpang-selamat-2/","",post,publish,exclude-legacy-post,no,no
"https://people.utm.my/murtadha/2016/02/10/4-awesome-iphone-tricks-you-may-not-know-about/","",post,publish,exclude-legacy-post,no,no
"https://people.utm.my/murtadha/2016/02/10/kylie-jenner-and-friends-made-a-super-dramatic-snapchat-soap-opera/","",post,publish,exclude-legacy-post,no,no
"https://people.utm.my/murtadha/2016/02/09/enjin-tren-ekspres-rakyat-terbakar-penumpang-selamat/","",post,publish,exclude-legacy-post,no,no
"https://people.utm.my/murtadha/2016/02/09/kereta-api-jerman-bertembung-kematian-dilaporkan/","",post,publish,exclude-legacy-post,no,no
"https://people.utm.my/murtadha/2016/02/09/tinder-gets-tvf-onboard-to-woo-users-and-bust-online-dating-taboos-in-india/","",post,publish,exclude-legacy-post,no,no
"https://people.utm.my/murtadha/2016/02/09/mesmerizing-video-of-this-croatian-island-will-fill-you-with-awe/","",post,publish,exclude-legacy-post,no,no
"https://people.utm.my/murtadha/2016/02/09/fatehah-sambar-perak-acara-keirin-acc/","",post,publish,exclude-legacy-post,no,no
"https://people.utm.my/murtadha/2016/02/09/wee-kiongv-shem-juara-badminton-gp-emas-india-2/","",post,publish,exclude-legacy-post,no,no
"https://people.utm.my/murtadha/2016/02/09/beyhive-member-debunks-beyoncs-super-bowl-fall/","",post,publish,exclude-legacy-post,no,no
"https://people.utm.my/murtadha/2016/02/09/master-metal-workers-build-the-vicious-saw-cleaver-from-bloodborne/","",post,publish,exclude-legacy-post,no,no
"https://people.utm.my/murtadha/2016/02/08/wee-kiongv-shem-juara-badminton-gp-emas-india/","",post,publish,exclude-legacy-post,no,no
"https://people.utm.my/murtadha/2016/02/08/rm20000-untuk-maklumat-rompakan-di-pulau-sebang-2/","",post,publish,exclude-legacy-post,no,no
"https://people.utm.my/murtadha/2016/02/08/india-says-yes-to-net-neutrality-no-to-facebooks-free-basics/","",post,publish,exclude-legacy-post,no,no
"https://people.utm.my/murtadha/2016/02/08/north-koreas-new-satellite-flew-over-super-bowl-site/","",post,publish,exclude-legacy-post,no,no
"https://people.utm.my/murtadha/2016/02/08/rm20000-untuk-maklumat-rompakan-di-pulau-sebang/","",post,publish,exclude-legacy-post,no,no
"https://people.utm.my/murtadha/2016/02/08/mukhriz-sah-diganti-mb-baharu-diumum-hari-ini-2/","",post,publish,exclude-legacy-post,no,no
"https://people.utm.my/murtadha/2016/02/08/steve-harvey-brilliantly-trolls-himself-in-t-mobiles-super-bowl-ad/","",post,publish,exclude-legacy-post,no,no
"https://people.utm.my/murtadha/2016/02/08/oooooooopppps-taraji-p-henson-mixes-up-coldplay-and-maroon-5/","",post,publish,exclude-legacy-post,no,no
"https://people.utm.my/murtadha/2016/02/08/mukhriz-sah-diganti-mb-baharu-diumum-hari-ini/","",post,publish,exclude-legacy-post,no,no
"https://people.utm.my/murtadha/2016/02/08/kes-pertama-jangkitan-zika-menerusi-hubungan-seks-3/","",post,publish,exclude-legacy-post,no,no
"https://people.utm.my/murtadha/2016/02/08/wanted-alden-ehrenreich-for-stealing-hail-caesar/","",post,publish,exclude-legacy-post,no,no
"https://people.utm.my/murtadha/2016/02/08/colombia-says-3177-pregnant-women-have-zika-virus-but-no-birth-defects-yet/","",post,publish,exclude-legacy-post,no,no
"https://people.utm.my/murtadha/2016/02/07/kes-pertama-jangkitan-zika-menerusi-hubungan-seks-2/","",post,publish,exclude-legacy-post,no,no
"https://people.utm.my/murtadha/2016/02/07/mukhriz-mahathir-letak-jawatan-mb-kedah-2/","",post,publish,exclude-legacy-post,no,no
"https://people.utm.my/murtadha/2016/02/07/parked-cars-get-swallowed-by-ice-at-wisconsin-winterfest/","",post,publish,exclude-legacy-post,no,no
"https://people.utm.my/murtadha/2016/02/07/taiwan-investigates-building-toppled-in-quake-after-oil-cans-spotted-in-its-pillars/","",post,publish,exclude-legacy-post,no,no
"https://people.utm.my/murtadha/2016/02/07/mukhriz-mahathir-letak-jawatan-mb-kedah/","",post,publish,exclude-legacy-post,no,no
"https://people.utm.my/murtadha/2016/02/07/ahmad-bashah-mb-baharu-kedah-5/","",post,publish,exclude-legacy-post,no,no
"https://people.utm.my/murtadha/2016/02/07/what-do-you-wish-you-could-text-to-your-first-love-the-unsent-project-wants-to-know/","",post,publish,exclude-legacy-post,no,no
"https://people.utm.my/murtadha/2016/02/07/watch-the-new-hampshire-republican-debate/","",post,publish,exclude-legacy-post,no,no
"https://people.utm.my/murtadha/2016/02/07/ahmad-bashah-mb-baharu-kedah-4/","",post,publish,exclude-legacy-post,no,no
"https://people.utm.my/murtadha/2016/02/07/angka-korban-gempa-taiwan-meningkat-13/","",post,publish,exclude-legacy-post,no,no
"https://people.utm.my/murtadha/2016/02/06/our-most-serious-2016-super-bowl-halftime-show-predictions/","",post,publish,exclude-legacy-post,no,no
"https://people.utm.my/murtadha/2016/02/06/ultimate-food-porn-delectable-dumplings-from-scratch-just-take-a-seat/","",post,publish,exclude-legacy-post,no,no
"https://people.utm.my/murtadha/2016/02/06/ahmad-bashah-mb-baharu-kedah-3/","",post,publish,exclude-legacy-post,no,no
"https://people.utm.my/murtadha/2016/02/06/12-negara-termasuk-malaysia-meterai-tppa-3/","",post,publish,exclude-legacy-post,no,no
"https://people.utm.my/murtadha/2016/02/06/upside-down-wine-glass-lets-you-look-even-less-sober/","",post,publish,exclude-legacy-post,no,no
"https://people.utm.my/murtadha/2016/02/06/boy-ordered-to-take-off-princess-elsa-costume-during-his-schools-disney-day/","",post,publish,exclude-legacy-post,no,no
"https://people.utm.my/murtadha/2016/02/06/12-negara-termasuk-malaysia-meterai-tppa-2/","",post,publish,exclude-legacy-post,no,no
"https://people.utm.my/murtadha/2016/02/06/akim-stacy-sah-suami-isteri/","",post,publish,exclude-legacy-post,no,no
"https://people.utm.my/murtadha/2016/02/06/perdagangan-malaysia-pada-2015-atasi-jangkaan-2/","",post,publish,exclude-legacy-post,no,no
"https://people.utm.my/murtadha/2016/02/06/fitbits-jazzy-super-bowl-commercial-shows-youre-a-warrior-every-day/","",post,publish,exclude-legacy-post,no,no
"https://people.utm.my/murtadha/2016/02/06/you-can-eat-a-hot-dog-topped-with-real-flakes-of-gold-at-super-bowl-50/","",post,publish,exclude-legacy-post,no,no
"https://people.utm.my/murtadha/2016/02/05/perdagangan-malaysia-pada-2015-atasi-jangkaan/","",post,publish,exclude-legacy-post,no,no
"https://people.utm.my/murtadha/2016/02/05/19-penceroboh-lahad-datu-diarah-bela-diri-11-bebas/","",post,publish,exclude-legacy-post,no,no
"https://people.utm.my/murtadha/2016/02/05/this-is-the-most-gloriously-british-incident-of-road-rage-you-will-ever-witness/","",post,publish,exclude-legacy-post,no,no
"https://people.utm.my/murtadha/2016/02/05/singapore-bank-ad-features-veteran-asian-actors-and-a-true-story/","",post,publish,exclude-legacy-post,no,no
"https://people.utm.my/murtadha/2016/02/05/12-negara-termasuk-malaysia-meterai-tppa/","",post,publish,exclude-legacy-post,no,no
"https://people.utm.my/murtadha/2016/02/05/ahmad-bashah-mb-kedah-ke-12-3/","",post,publish,exclude-legacy-post,no,no
"https://people.utm.my/murtadha/2016/02/05/mit-launches-campaign-to-activate-the-latino-millennial-vote/","",post,publish,exclude-legacy-post,no,no
"https://people.utm.my/murtadha/2016/02/05/please-clap-a-thorough-guide-to-jeb-bushs-most-awkward-moments/","",post,publish,exclude-legacy-post,no,no
"https://people.utm.my/murtadha/2016/02/04/ahmad-bashah-mb-kedah-ke-12-2/","",post,publish,exclude-legacy-post,no,no
"https://people.utm.my/murtadha/2016/02/04/rm160-juta-subsidi-jemaah-haji-tahun-ini/","",post,publish,exclude-legacy-post,no,no
"https://people.utm.my/murtadha/2016/02/04/malaysia-bebas-virus-zika/","",post,publish,exclude-legacy-post,no,no
"https://people.utm.my/murtadha/2016/02/04/inside-the-glittering-world-of-indias-biggest-auto-show/","",post,publish,exclude-legacy-post,no,no
"https://people.utm.my/murtadha/2016/02/04/searching-for-the-next-k-pop-superstar-at-jjccs-sydney-auditions/","",post,publish,exclude-legacy-post,no,no
"https://people.utm.my/murtadha/2016/02/04/ahmad-bashah-mb-kedah-ke-12/","",post,publish,exclude-legacy-post,no,no
"https://people.utm.my/murtadha/2016/02/04/tabung-haji-umum-bonus-8-peratus/","",post,publish,exclude-legacy-post,no,no
"https://people.utm.my/murtadha/2016/02/04/bernie-sanders-i-am-larry-david/","",post,publish,exclude-legacy-post,no,no
"https://people.utm.my/murtadha/2016/02/04/taylor-swift-is-ready-to-cash-in-with-her-own-mobile-game/","",post,publish,exclude-legacy-post,no,no
"https://people.utm.my/murtadha/2016/02/04/check-out-this-photo-by-lyen-at-httpst-cokxg6hp2vkf-via-eyeem-lyensworld-2/","",post,publish,exclude-legacy-post,no,no
"https://people.utm.my/murtadha/2016/02/04/check-out-this-photo-by-lyen-at-httpst-cokxg6hp2vkf-via-eyeem-lyensworld/","",post,publish,exclude-legacy-post,no,no
"https://people.utm.my/murtadha/2016/02/04/ahmad-bashah-mb-baharu-kedah-2/","",post,publish,exclude-legacy-post,no,no
"https://people.utm.my/murtadha/2016/02/04/mukhriz-letak-jawatan-kerana-hilang-sokongan-majoriti-adun-pmo/","",post,publish,exclude-legacy-post,no,no
"https://people.utm.my/murtadha/2016/02/04/the-facebook-motherhood-challenge-leaves-out-a-lot-of-people/","",post,publish,exclude-legacy-post,no,no
"https://people.utm.my/murtadha/2016/02/04/see-ya-scion-the-car-that-tried-so-hard-to-be-cool-is-no-more/","",post,publish,exclude-legacy-post,no,no
"https://people.utm.my/murtadha/2016/02/03/ahmad-bashah-mb-baharu-kedah/","",post,publish,exclude-legacy-post,no,no
"https://people.utm.my/murtadha/2016/02/03/virus-zika-elak-lawat-26-negara-di-benua-amerika/","",post,publish,exclude-legacy-post,no,no
"https://people.utm.my/murtadha/2016/02/03/caring-dog-breaks-out-of-kennel-to-comfort-crying-foster-puppies/","",post,publish,exclude-legacy-post,no,no
"https://people.utm.my/murtadha/2016/02/03/this-chinese-new-year-is-all-monkey-business-for-brands/","",post,publish,exclude-legacy-post,no,no
"https://people.utm.my/murtadha/2016/02/03/kes-pertama-jangkitan-zika-menerusi-hubungan-seks/","",post,publish,exclude-legacy-post,no,no
"https://people.utm.my/murtadha/2016/02/03/tabung-haji-mampu-bayar-dividen-jabatan-audit/","",post,publish,exclude-legacy-post,no,no
"https://people.utm.my/murtadha/2016/02/03/plane-makes-emergency-landing-after-explosion-tears-gaping-hole-in-its-side/","",post,publish,exclude-legacy-post,no,no
"https://people.utm.my/murtadha/2016/02/03/minimal-photo-series-transforms-your-everyday-items-into-lego/","",post,publish,exclude-legacy-post,no,no
"https://people.utm.my/murtadha/2016/02/02/loser-donald-trumps-tweet-about-losers-comes-back-to-haunt-him/","",post,publish,exclude-legacy-post,no,no
"https://people.utm.my/murtadha/2016/02/02/how-the-queensland-police-used-nickelback-to-win-facebook-friends/","",post,publish,exclude-legacy-post,no,no
"https://people.utm.my/murtadha/2016/02/02/we-tested-apple-carplay-in-a-2016-cadillac-cts-v-so-you-dont-have-to/","",post,publish,exclude-legacy-post,no,no
"https://people.utm.my/murtadha/2016/02/02/netflixs-the-characters-lets-comedians-create-a-show-with-no-rules/","",post,publish,exclude-legacy-post,no,no
"https://people.utm.my/murtadha/2016/02/01/olympic-figure-skating-champions-perform-a-perfect-bollywood-dance-to-win-championship/","",post,publish,exclude-legacy-post,no,no
"https://people.utm.my/murtadha/2016/02/01/democrats-closing-pitches-in-iowa-hard-choices-vs-revolution/","",post,publish,exclude-legacy-post,no,no
"https://people.utm.my/murtadha/2016/02/01/vanessa-hudgens-announces-fathers-death-will-perform-grease-live-in-his-honor/","",post,publish,exclude-legacy-post,no,no
"https://people.utm.my/murtadha/2016/02/01/thank-you-instagram-for-your-100000-mashpics/","",post,publish,exclude-legacy-post,no,no
"https://people.utm.my/murtadha/2016/01/31/fire-resistant-bags-are-the-latest-hoverboard-accessory/","",post,publish,exclude-legacy-post,no,no
"https://people.utm.my/murtadha/2016/01/31/overloaded-tricycle-zipping-through-shanghai-will-have-you-biting-your-nails/","",post,publish,exclude-legacy-post,no,no
"https://people.utm.my/murtadha/2016/01/31/drake-disses-barack-obama-on-new-track-summer-sixteen/","",post,publish,exclude-legacy-post,no,no
"https://people.utm.my/murtadha/2016/01/31/1-dead-6-wounded-after-shooting-at-denver-motorcycle-expo/","",post,publish,exclude-legacy-post,no,no
"https://people.utm.my/murtadha/2016/01/30/kids-hilariously-guess-the-plots-of-80s-tv-shows/","",post,publish,exclude-legacy-post,no,no
"https://people.utm.my/murtadha/2016/01/30/the-iowa-caucuses-explained-by-iowans/","",post,publish,exclude-legacy-post,no,no
"https://people.utm.my/murtadha/2016/01/30/this-insane-qatari-supercar-has-a-525-horsepower-general-motors-v6/","",post,publish,exclude-legacy-post,no,no
"https://people.utm.my/murtadha/2016/01/30/j-k-rowling-just-revealed-4-new-wizarding-schools-around-the-world/","",post,publish,exclude-legacy-post,no,no
"https://people.utm.my/murtadha/2016/01/30/facebook-and-instagram-are-creating-hidden-ascii-art-of-your-photos/","",post,publish,exclude-legacy-post,no,no
"https://people.utm.my/murtadha/2016/01/30/youtubers-create-important-factually-lax-nsfw-dj-khaled-documentary/","",post,publish,exclude-legacy-post,no,no
"https://people.utm.my/murtadha/2016/01/30/the-inzaynity-continues-zayn-malik-finally-joins-snapchat/","",post,publish,exclude-legacy-post,no,no
"https://people.utm.my/murtadha/2016/01/30/but-wait-what-about-a-dad-bod-ken-doll/","",post,publish,exclude-legacy-post,no,no
"https://people.utm.my/murtadha/2016/01/30/cellist-gives-adeles-hello-a-beautiful-chamber-music-update/","",post,publish,exclude-legacy-post,no,no
"https://people.utm.my/murtadha/2016/01/29/next-years-iphone-might-have-advanced-wireless-charging/","",post,publish,exclude-legacy-post,no,no
"https://people.utm.my/murtadha/2016/01/29/jack-dorsey-tries-to-rally-twitter-staff-after-epically-brutal-week/","",post,publish,exclude-legacy-post,no,no
"https://people.utm.my/murtadha/2016/01/29/sony-reports-big-jump-in-sales-thanks-to-playstation-4/","",post,publish,exclude-legacy-post,no,no
"https://people.utm.my/murtadha/2016/01/29/fine-brothers-react-when-backlash-over-react-videos-licensing-gets-heated/","",post,publish,exclude-legacy-post,no,no
"https://people.utm.my/murtadha/2016/01/29/this-is-how-you-live-stream-on-facebook/","",post,publish,exclude-legacy-post,no,no
"https://people.utm.my/murtadha/2016/01/29/australias-prime-minister-catches-a-tram-no-one-seems-to-care-who-he-is/","",post,publish,exclude-legacy-post,no,no
"https://people.utm.my/murtadha/2016/01/29/ziggy-the-baby-monkey-was-named-for-david-bowie-and-will-steal-your-heart/","",post,publish,exclude-legacy-post,no,no
"https://people.utm.my/murtadha/2016/01/29/protected-coral-reef-damaged-by-microsoft-cofounder-paul-allens-yacht/","",post,publish,exclude-legacy-post,no,no
"https://people.utm.my/murtadha/2016/01/28/you-can-now-make-in-app-purchases-with-venmo/","",post,publish,exclude-legacy-post,no,no
"https://people.utm.my/murtadha/2016/01/28/foals-and-disclosure-to-co-headline-reading-leeds-festival/","",post,publish,exclude-legacy-post,no,no
"https://people.utm.my/murtadha/2016/01/28/elementary-school-principal-dies-saving-students-from-oncoming-bus/","",post,publish,exclude-legacy-post,no,no
"https://people.utm.my/murtadha/2016/01/28/ataris-lgbtq-friendly-mobile-game-misses-what-pride-is-actually-about/","",post,publish,exclude-legacy-post,no,no
"https://people.utm.my/murtadha/2016/01/28/coolest-teens-ever-sneak-a-protest-banner-into-a-trump-rally/","",post,publish,exclude-legacy-post,no,no
"https://people.utm.my/murtadha/2016/01/28/worldwide-demand-for-el-chapos-shirts-has-paralyzed-this-small-retailer/","",post,publish,exclude-legacy-post,no,no
"https://people.utm.my/murtadha/2016/01/28/aussie-streaming-platform-stan-nabs-new-twin-peaks-in-showtime-deal/","",post,publish,exclude-legacy-post,no,no
"https://people.utm.my/murtadha/2016/01/28/how-cool-are-wiz-khalifas-pants-we-fact-checked-kanye-and-rated-10-pairs/","",post,publish,exclude-legacy-post,no,no
"https://people.utm.my/murtadha/2016/01/28/google-reveals-cardboard-virtual-reality-numbers-and-vr-films-are-the-surprise-winner/","",post,publish,exclude-legacy-post,no,no
"https://people.utm.my/murtadha/2016/01/28/hannibal-buress-is-spotifys-latest-music-guru/","",post,publish,exclude-legacy-post,no,no
"https://people.utm.my/murtadha/2016/01/28/justin-bieber-car-dances-his-heart-out-to-his-own-song/","",post,publish,exclude-legacy-post,no,no
"https://people.utm.my/murtadha/2016/01/28/david-cameron-faces-outrage-for-comment-about-migrants-again/","",post,publish,exclude-legacy-post,no,no
"https://people.utm.my/murtadha/2016/01/28/beach-bum-dog-puts-air-bud-on-blast/","",post,publish,exclude-legacy-post,no,no
"https://people.utm.my/murtadha/2016/01/28/conan-obrien-pays-beautiful-comical-tribute-to-abe-vigoda/","",post,publish,exclude-legacy-post,no,no
"https://people.utm.my/murtadha/2016/01/27/this-incredible-australian-slip-n-slide-seriously-stretches-on-for-ages/","",post,publish,exclude-legacy-post,no,no
"https://people.utm.my/murtadha/2016/01/27/bullfighting-with-baby-in-arms-lands-superstar-matador-in-hot-water/","",post,publish,exclude-legacy-post,no,no
"https://people.utm.my/murtadha/2016/01/27/the-most-aussie-cake-ever-combines-vegemite-a-meat-pie-and-a-lamington/","",post,publish,exclude-legacy-post,no,no
"https://people.utm.my/murtadha/2016/01/27/india-get-its-first-beach-with-free-public-wi-fi/","",post,publish,exclude-legacy-post,no,no
"https://people.utm.my/murtadha/2016/01/27/amnesty-international-slams-iran-for-executing-73-juvenile-offenders/","",post,publish,exclude-legacy-post,no,no
"https://people.utm.my/murtadha/2016/01/27/burnout-veterans-re-think-golf-as-a-destructive-action-sport/","",post,publish,exclude-legacy-post,no,no
"https://people.utm.my/murtadha/2016/01/27/periscope-and-gopro-are-a-winning-combo-but-the-experience-is-less-social/","",post,publish,exclude-legacy-post,no,no
"https://people.utm.my/murtadha/2016/01/27/violinist-uses-lightsabers-to-play-the-force-theme/","",post,publish,exclude-legacy-post,no,no
"https://people.utm.my/murtadha/2016/01/27/cleveland-police-department-fires-6-officers-involved-in-deadly-2012-chase/","",post,publish,exclude-legacy-post,no,no
"https://people.utm.my/murtadha/2016/01/27/u-s-passport-expiring-this-year-renew-now-to-avoid-the-rush/","",post,publish,exclude-legacy-post,no,no
"https://people.utm.my/murtadha/2016/01/26/chris-pine-somehow-just-found-out-that-wonder-woman-has-an-invisible-plane/","",post,publish,exclude-legacy-post,no,no
"https://people.utm.my/murtadha/2016/01/26/cute-pom-poms-are-here-to-make-your-outfit-fierce/","",post,publish,exclude-legacy-post,no,no
"https://people.utm.my/murtadha/2016/01/26/craig-david-fills-us-in-hes-got-a-new-sony-deal/","",post,publish,exclude-legacy-post,no,no
"https://people.utm.my/murtadha/2016/01/26/the-lovers-the-true-story-of-afghanistans-romeo-and-juliet/","",post,publish,exclude-legacy-post,no,no
"https://people.utm.my/murtadha/2016/01/26/the-most-inspiring-things-about-rang-de-basanti-10-years-later/","",post,publish,exclude-legacy-post,no,no
"https://people.utm.my/murtadha/2016/01/26/jason-pierre-paul-shares-graphic-instagram-of-fireworks-accident-aftermath/","",post,publish,exclude-legacy-post,no,no
"https://people.utm.my/murtadha/2016/01/26/its-disrespectful-to-listen-to-the-new-rihanna-album-without-wearing-a-crown/","",post,publish,exclude-legacy-post,no,no
"https://people.utm.my/murtadha/2016/01/26/12-brilliant-animals-share-their-thoughts-following-blizzard/","",post,publish,exclude-legacy-post,no,no
"https://people.utm.my/murtadha/2016/01/26/hillary-clinton-fires-back-at-young-voter-who-confronted-her-for-being-dishonest/","",post,publish,exclude-legacy-post,no,no
"https://people.utm.my/murtadha/2016/01/26/arnold-schwarzeneggers-mercedes-unimog-is-for-sale-on-ebay-for-350980/","",post,publish,exclude-legacy-post,no,no
"https://people.utm.my/murtadha/2016/01/26/astronaut-tim-peake-shows-what-its-like-to-orbit-earth-in-real-time/","",post,publish,exclude-legacy-post,no,no
"https://people.utm.my/murtadha/2016/01/26/justin-biebers-instagram-crush-to-walk-madrid-fashion-week/","",post,publish,exclude-legacy-post,no,no
"https://people.utm.my/murtadha/2016/01/26/doritos-super-bowl-ad-will-be-worth-1-million-to-one-winner/","",post,publish,exclude-legacy-post,no,no
"https://people.utm.my/murtadha/2016/01/26/10-eye-opening-ways-virtual-reality-is-being-used-besides-gaming/","",post,publish,exclude-legacy-post,no,no
"https://people.utm.my/murtadha/2016/01/25/salute-aussie-icons-like-acdc-and-goon-sacks-with-these-coins/","",post,publish,exclude-legacy-post,no,no
"https://people.utm.my/murtadha/2016/01/25/the-x-files-premiere-showed-us-that-humans-not-aliens-are-the-worst/","",post,publish,exclude-legacy-post,no,no
"https://people.utm.my/murtadha/2016/01/25/even-australian-police-know-how-annoying-that-be-like-bill-meme-is/","",post,publish,exclude-legacy-post,no,no
"https://people.utm.my/murtadha/2016/01/25/berlin-fashion-weeks-latest-video-makes-us-all-want-a-puppet-for-an-assistant/","",post,publish,exclude-legacy-post,no,no
"https://people.utm.my/murtadha/2016/01/25/still-not-asking-for-it-striking-topless-photographs-call-for-end-to-rape-culture/","",post,publish,exclude-legacy-post,no,no
"https://people.utm.my/murtadha/2016/01/25/watch-this-robot-solve-a-rubiks-cube-in-about-a-second/","",post,publish,exclude-legacy-post,no,no
"https://people.utm.my/murtadha/2016/01/25/wendys-and-burger-king-add-some-flame-broiled-goodness-to-twitter-beef/","",post,publish,exclude-legacy-post,no,no
"https://people.utm.my/murtadha/2016/01/25/the-poisoning-of-flint-michigan/","",post,publish,exclude-legacy-post,no,no
"https://people.utm.my/murtadha/2016/01/25/patriots-suffer-microsoft-tablet-glitch-during-broncos-game/","",post,publish,exclude-legacy-post,no,no
"https://people.utm.my/murtadha/2016/01/25/sundance-review-southside-with-you-transcends-obamas-first-date-movie/","",post,publish,exclude-legacy-post,no,no
"https://people.utm.my/murtadha/2016/01/24/ikeas-adult-coloring-book-will-take-your-love-of-furniture-to-new-heights/","",post,publish,exclude-legacy-post,no,no
"https://people.utm.my/murtadha/2016/01/24/look-out-sundance-amazon-and-netflix-have-made-their-grand-entrance/","",post,publish,exclude-legacy-post,no,no
"https://people.utm.my/murtadha/2016/01/24/the-hot-new-gym-equipment-is-just-an-old-dishrag/","",post,publish,exclude-legacy-post,no,no
"https://people.utm.my/murtadha/2016/01/24/10-essential-dos-and-donts-when-visiting-a-sex-shop/","",post,publish,exclude-legacy-post,no,no
"https://people.utm.my/murtadha/2016/01/24/to-let-girls-in-the-tech-industry-is-thinking-pink-but-that-isnt-enough/","",post,publish,exclude-legacy-post,no,no
"https://people.utm.my/murtadha/2016/01/24/gempa-bumi-7-1-magnitud-gegar-alaska/","",post,publish,exclude-legacy-post,no,no
"https://people.utm.my/murtadha/2016/01/24/jenazah-hana-akan-dikebumi-di-machang-bapa/","",post,publish,exclude-legacy-post,no,no
"https://people.utm.my/murtadha/2016/01/24/iskandar-zulkarnain-belum-mampu-gugat-chong-wei/","",post,publish,exclude-legacy-post,no,no
"https://people.utm.my/murtadha/2016/01/24/viral-palsu-bom-meletup-di-sungai-petani-2/","",post,publish,exclude-legacy-post,no,no
"https://people.utm.my/murtadha/2016/01/24/nahas-maut-babitkan-5-pelajar-kmkj/","",post,publish,exclude-legacy-post,no,no
"https://people.utm.my/murtadha/2016/01/24/new-york-city-residents-band-together-to-push-stuck-ambulances-out-of-snow/","",post,publish,exclude-legacy-post,no,no
"https://people.utm.my/murtadha/2016/01/24/ronda-rousey-dodges-another-knockout-as-historic-blizzard-hits-snl-debut/","",post,publish,exclude-legacy-post,no,no
"https://people.utm.my/murtadha/2016/01/24/police-charge-17-year-old-in-canada-after-4-shot-dead/","",post,publish,exclude-legacy-post,no,no
"https://people.utm.my/murtadha/2016/01/24/blizzard-of-2016-lives-up-to-the-hype-and-then-some/","",post,publish,exclude-legacy-post,no,no
"https://people.utm.my/murtadha/2016/01/24/5-cant-miss-apps-knowme-mimicker-alarm-zcast-and-more/","",post,publish,exclude-legacy-post,no,no
"https://people.utm.my/murtadha/2016/01/23/viral-palsu-bom-meletup-di-sungai-petani/","",post,publish,exclude-legacy-post,no,no
"https://people.utm.my/murtadha/2016/01/23/enam-sekeluarga-maut-nahas-lori-kereta/","",post,publish,exclude-legacy-post,no,no
"https://people.utm.my/murtadha/2016/01/23/polis-cari-pemandu-bmw-rempuh-penganut-hindu/","",post,publish,exclude-legacy-post,no,no
"https://people.utm.my/murtadha/2016/01/23/selatan-tengah-sarawak-bergelap/","",post,publish,exclude-legacy-post,no,no
"https://people.utm.my/murtadha/2016/01/23/gangguan-elektrik-di-sarawak-dijangka-pulih-9-malam/","",post,publish,exclude-legacy-post,no,no
"https://people.utm.my/murtadha/2016/01/23/pemandu-bmw-ditahan/","",post,publish,exclude-legacy-post,no,no
"https://people.utm.my/murtadha/2016/01/23/nyan-cat-pancake-is-the-new-breakfast-of-champions/","",post,publish,exclude-legacy-post,no,no
"https://people.utm.my/murtadha/2016/01/23/blizzard-brings-near-record-coastal-flooding-to-new-jersey-and-delaware/","",post,publish,exclude-legacy-post,no,no
"https://people.utm.my/murtadha/2016/01/23/these-novels-about-ancient-rome-could-be-the-most-important-political-books-youll-read-this-year/","",post,publish,exclude-legacy-post,no,no
"https://people.utm.my/murtadha/2016/01/23/ivanka-trump-designs-phone-charging-handbags-for-working-women-on-the-go/","",post,publish,exclude-legacy-post,no,no
"https://people.utm.my/murtadha/2016/01/23/chelsea-handlers-app-will-help-you-gtfo-of-awkward-situations/","",post,publish,exclude-legacy-post,no,no
"https://people.utm.my/murtadha/2016/01/23/national-guard-sent-to-rescue-drivers-stuck-overnight-on-pennsylvania-turnpike/","",post,publish,exclude-legacy-post,no,no
"https://people.utm.my/murtadha/2016/01/23/markah-tampa-topic-khas/","",post,publish,exclude-legacy-post,no,no
"https://people.utm.my/murtadha/2016/01/23/check-out-this-photo-by-erde-at-httpst-co1uhcjmmk44-via-eyeem/","",post,publish,exclude-legacy-post,no,no
"https://people.utm.my/murtadha/2016/01/23/french-prime-minister-warns-europe-will-be-totally-destabilized-if-it-takes-all-refugees/","",post,publish,exclude-legacy-post,no,no
"https://people.utm.my/murtadha/2016/01/23/chris-martins-diet-out-gwyneth-paltrows-gwyneth-paltrow/","",post,publish,exclude-legacy-post,no,no
"https://people.utm.my/murtadha/2016/01/23/kylie-jenner-blow-dries-her-crotch-in-cvs-bathrooms-just-like-anybody-else/","",post,publish,exclude-legacy-post,no,no
"https://people.utm.my/murtadha/2016/01/23/cow-that-escaped-slaughterhouse-has-been-rescued-renamed-freddie-mercury/","",post,publish,exclude-legacy-post,no,no
"https://people.utm.my/murtadha/2016/01/23/3-maut-dirempuh-ketika-berarak-sambut-thaipusam/","",post,publish,exclude-legacy-post,no,no
"https://people.utm.my/murtadha/2016/01/23/trumpscript-will-make-programming-great-again/","",post,publish,exclude-legacy-post,no,no
"https://people.utm.my/murtadha/2016/01/23/boomers-know-its-time-to-step-aside-and-hand-over-the-reins-to-millennials/","",post,publish,exclude-legacy-post,no,no
"https://people.utm.my/murtadha/2016/01/23/alaska-airlines-pilot-arrested-for-flying-under-the-influence-in-2014/","",post,publish,exclude-legacy-post,no,no
"https://people.utm.my/murtadha/2016/01/23/miami-doctor-on-leave-after-her-rant-at-an-uber-driver-was-caught-on-video/","",post,publish,exclude-legacy-post,no,no
"https://people.utm.my/murtadha/2016/01/23/google-doodle-honors-the-guy-who-invented-how-we-measure-the-hotness-of-chili-peppers/","",post,publish,exclude-legacy-post,no,no
"https://people.utm.my/murtadha/2016/01/22/qu-puteh-tarik-balik-dua-produk/","",post,publish,exclude-legacy-post,no,no
"https://people.utm.my/murtadha/2016/01/22/heroes-reborn-ends-on-a-surprising-high-note-as-long-as-its-really-the-end/","",post,publish,exclude-legacy-post,no,no
"https://people.utm.my/murtadha/2016/01/22/aerial-photographs-show-the-aftermath-of-a-ferocious-bushfire/","",post,publish,exclude-legacy-post,no,no
"https://people.utm.my/murtadha/2016/01/22/marco-rubios-heeled-booties-come-back-to-haunt-him-on-the-tonight-show/","",post,publish,exclude-legacy-post,no,no
"https://people.utm.my/murtadha/2016/01/22/this-guy-used-google-autocomplete-to-fill-out-his-online-dating-profile/","",post,publish,exclude-legacy-post,no,no
"https://people.utm.my/murtadha/2016/01/22/tribe-outraged-after-oregon-militia-rifle-through-native-american-artifacts/","",post,publish,exclude-legacy-post,no,no
"https://people.utm.my/murtadha/2016/01/22/projek-forest-city-iskandar-malaysia-bernilai-rm177b-dilancarkan/","",post,publish,exclude-legacy-post,no,no
"https://people.utm.my/murtadha/2016/01/22/pegawai-kanan-polis-didakwa-gagal-isytihar-komisyen/","",post,publish,exclude-legacy-post,no,no
"https://people.utm.my/murtadha/2016/01/22/its-biz-please-episode-2-elon-musk-jeff-bezos-netflix-and-facebook/","",post,publish,exclude-legacy-post,no,no
"https://people.utm.my/murtadha/2016/01/22/man-posing-in-a-traditional-boudoir-photo-shoot-is-beyond-stunning/","",post,publish,exclude-legacy-post,no,no
"https://people.utm.my/murtadha/2016/01/22/dog-owner-remembers-his-best-friend-on-instagram-by-giving-away-tennis-balls/","",post,publish,exclude-legacy-post,no,no
"https://people.utm.my/murtadha/2016/01/22/badass-crab-wielding-a-knife-will-cut-you/","",post,publish,exclude-legacy-post,no,no
"https://people.utm.my/murtadha/2016/01/22/cow-in-queens-briefly-tastes-freedom/","",post,publish,exclude-legacy-post,no,no
"https://people.utm.my/murtadha/2016/01/22/21-ways-to-entertain-your-kids-during-bad-weather/","",post,publish,exclude-legacy-post,no,no
"https://people.utm.my/murtadha/2016/01/21/the-columbus-zoo-needs-help-naming-its-baby-polar-bear/","",post,publish,exclude-legacy-post,no,no
"https://people.utm.my/murtadha/2016/01/21/this-story-of-a-bus-drivers-sweet-act-of-kindness-is-cheering-up-ireland/","",post,publish,exclude-legacy-post,no,no
"https://people.utm.my/murtadha/2016/01/21/20-years-of-memories-as-tennis-ace-lleyton-hewitt-bows-out/","",post,publish,exclude-legacy-post,no,no
"https://people.utm.my/murtadha/2016/01/21/theres-a-simple-reason-why-you-can-never-get-adele-tickets/","",post,publish,exclude-legacy-post,no,no
"https://people.utm.my/murtadha/2016/01/21/tattoo-artists-and-enthusiasts-talk-about-tattoo-triumphs-and-regrets/","",post,publish,exclude-legacy-post,no,no
"https://people.utm.my/murtadha/2016/01/21/kevin-hart-may-not-be-the-best-footballer-but-hes-definitely-the-funniest/","",post,publish,exclude-legacy-post,no,no
"https://people.utm.my/murtadha/2016/01/21/leicas-x-u-is-a-pretty-and-pricey-waterproof-camera/","",post,publish,exclude-legacy-post,no,no
"https://people.utm.my/murtadha/2016/01/21/stacey-dashs-oscarssowhite-solution-is-to-eliminate-black-history-month/","",post,publish,exclude-legacy-post,no,no
"https://people.utm.my/murtadha/2016/01/21/australias-largest-solar-plants-are-open-for-business/","",post,publish,exclude-legacy-post,no,no
"https://people.utm.my/murtadha/2016/01/21/4211-calon-stam-2015-lulus-semua-10-mata-pelajaran/","",post,publish,exclude-legacy-post,no,no
"https://people.utm.my/murtadha/2016/01/21/mykad-palsu-dijual-serendah-rm200/","",post,publish,exclude-legacy-post,no,no
"https://people.utm.my/murtadha/2016/01/21/commence-feeling-old-high-school-musical-came-out-10-years-ago/","",post,publish,exclude-legacy-post,no,no
"https://people.utm.my/murtadha/2016/01/21/fbi-investigates-kent-state-professor-over-reported-isis-links/","",post,publish,exclude-legacy-post,no,no
"https://people.utm.my/murtadha/2016/01/21/katy-perry-clearly-hasnt-been-debriefed-on-zoolanders-trigger-song/","",post,publish,exclude-legacy-post,no,no
"https://people.utm.my/murtadha/2016/01/21/aziz-ansari-partied-at-tyrese-gibsons-private-benihana/","",post,publish,exclude-legacy-post,no,no
"https://people.utm.my/murtadha/2016/01/21/it-smells-like-vomit-irish-people-have-wildly-mixed-reactions-when-trying-american-beers/","",post,publish,exclude-legacy-post,no,no
"https://people.utm.my/murtadha/2016/01/21/cabaran-ini-kecil-sahaja-mukhriz/","",post,publish,exclude-legacy-post,no,no
"https://people.utm.my/murtadha/2016/01/20/hilang-percaya-terhadap-mukhriz-bukan-soal-peribadi-mahdzir/","",post,publish,exclude-legacy-post,no,no
"https://people.utm.my/murtadha/2016/01/20/mukhriz-mahu-rakyat-nilai-sendiri/","",post,publish,exclude-legacy-post,no,no
"https://people.utm.my/murtadha/2016/01/20/mukhriz-bergegas-tinggal-majlis/","",post,publish,exclude-legacy-post,no,no
"https://people.utm.my/murtadha/2016/01/20/terkini-operasi-di-universiti-pakistan-tamat-21-maut/","",post,publish,exclude-legacy-post,no,no
"https://people.utm.my/murtadha/2016/01/20/umno-kedah-hilang-kepercayaan-terhadap-mukhriz/","",post,publish,exclude-legacy-post,no,no
"https://people.utm.my/murtadha/2016/01/20/terkini-7-maut-serangan-di-universiti-pakistan/","",post,publish,exclude-legacy-post,no,no
"https://people.utm.my/murtadha/2016/01/20/beberapa-pemimpin-umno-kedah-hadir-perjumpaan-tertutup/","",post,publish,exclude-legacy-post,no,no
"https://people.utm.my/murtadha/2016/01/20/fasha-sandha-jejai-sah-cerai/","",post,publish,exclude-legacy-post,no,no
"https://people.utm.my/murtadha/2016/01/20/guru-digesa-turun-padang-tangani-murid-ponteng/","",post,publish,exclude-legacy-post,no,no
"https://people.utm.my/murtadha/2016/01/20/3-lelaki-bersenjata-serang-universiti-di-pakistan/","",post,publish,exclude-legacy-post,no,no
"https://people.utm.my/murtadha/2016/01/20/dua-pelajar-lemas-ketika-mandi-di-terusan/","",post,publish,exclude-legacy-post,no,no
"https://people.utm.my/murtadha/2016/01/20/kereta-penjenayah-terbabas-wanita-selamat/","",post,publish,exclude-legacy-post,no,no
"https://people.utm.my/murtadha/2016/01/20/racist-trump-supporters-masturbate-to-anime-says-gop-strategist/","",post,publish,exclude-legacy-post,no,no
"https://people.utm.my/murtadha/2016/01/20/sarah-palin-endorsed-trump-in-iowa-and-it-was-insane/","",post,publish,exclude-legacy-post,no,no
"https://people.utm.my/murtadha/2016/01/20/australia-will-have-a-5g-network-by-2020-says-vodafone-cto/","",post,publish,exclude-legacy-post,no,no
"https://people.utm.my/murtadha/2016/01/20/sarah-palins-oldest-son-arrested-in-domestic-violence-case/","",post,publish,exclude-legacy-post,no,no
"https://people.utm.my/murtadha/2016/01/20/sarah-palins-trump-endorsement-gets-the-remix-it-deserves/","",post,publish,exclude-legacy-post,no,no
"https://people.utm.my/murtadha/2016/01/20/sarah-palins-weird-trump-endorsement-jacket-is-actually-pretty-expensive/","",post,publish,exclude-legacy-post,no,no
"https://people.utm.my/murtadha/2016/01/20/isteri-tidak-tahan-seks-ganas-potong-kemaluan-suami/","",post,publish,exclude-legacy-post,no,no
"https://people.utm.my/murtadha/2016/01/20/malaysia-model-negara-islam-kekang-pelampau-agama/","",post,publish,exclude-legacy-post,no,no
"https://people.utm.my/murtadha/2016/01/20/linda-perry-apologizes-for-saying-lady-gaga-didnt-write-her-oscar-nominated-song/","",post,publish,exclude-legacy-post,no,no
"https://people.utm.my/murtadha/2016/01/20/ariana-grande-wants-her-gender-inclusive-fragrance-to-smell-like-equality/","",post,publish,exclude-legacy-post,no,no
"https://people.utm.my/murtadha/2016/01/20/10-non-white-performances-the-2016-oscars-overlooked/","",post,publish,exclude-legacy-post,no,no
"https://people.utm.my/murtadha/2016/01/20/cinnamon-bun-oreos-are-here-to-get-us-through-the-winter/","",post,publish,exclude-legacy-post,no,no
"https://people.utm.my/murtadha/2016/01/20/big-study-predicts-the-winners-and-losers-of-the-robot-revolution/","",post,publish,exclude-legacy-post,no,no
"https://people.utm.my/murtadha/2016/01/20/david-bowie-once-rejected-coldplay-collab-offer-its-not-a-very-good-song/","",post,publish,exclude-legacy-post,no,no
"https://people.utm.my/murtadha/2016/01/19/googles-india-in-a-day-is-a-film-by-and-about-indians/","",post,publish,exclude-legacy-post,no,no
"https://people.utm.my/murtadha/2016/01/19/soon-youll-be-able-to-cross-chinas-longest-glass-bridge-yet/","",post,publish,exclude-legacy-post,no,no
"https://people.utm.my/murtadha/2016/01/19/twitter-is-down-for-some-and-people-are-freaking-out-on-facebook/","",post,publish,exclude-legacy-post,no,no
"https://people.utm.my/murtadha/2016/01/19/psy-hits-100-million-views-for-the-fourth-time/","",post,publish,exclude-legacy-post,no,no
"https://people.utm.my/murtadha/2016/01/19/academy-president-heartbroken-over-oscarssowhite-vows-more-action/","",post,publish,exclude-legacy-post,no,no
"https://people.utm.my/murtadha/2016/01/19/petronas-kurangkan-capex-opex-rm50b-dalam-empat-tahun/","",post,publish,exclude-legacy-post,no,no
"https://people.utm.my/murtadha/2016/01/19/a-trampolining-washing-machine-may-end-your-blue-monday-misery/","",post,publish,exclude-legacy-post,no,no
"https://people.utm.my/murtadha/2016/01/19/the-mountain-from-game-of-thrones-carries-fridges-like-you-carry-shopping-bags/","",post,publish,exclude-legacy-post,no,no
"https://people.utm.my/murtadha/2016/01/19/dog-teaches-its-sibling-how-to-pose-like-a-boss/","",post,publish,exclude-legacy-post,no,no
"https://people.utm.my/murtadha/2016/01/19/adorable-dog-and-toddler-duo-wear-love-to-wear-matching-outfits/","",post,publish,exclude-legacy-post,no,no
"https://people.utm.my/murtadha/2016/01/19/adam-drivers-cat-doppelgnger-is-just-as-chill-looking/","",post,publish,exclude-legacy-post,no,no
"https://people.utm.my/murtadha/2016/01/19/muslim-mp-says-trumps-words-are-not-funny-theyre-poisonous/","",post,publish,exclude-legacy-post,no,no
"https://people.utm.my/murtadha/2016/01/18/8-overhauls-to-penn-station-id-like-to-recommend/","",post,publish,exclude-legacy-post,no,no
"https://people.utm.my/murtadha/2016/01/18/bernie-sanders-gives-better-side-eye-than-your-worst-enemy/","",post,publish,exclude-legacy-post,no,no
"https://people.utm.my/murtadha/2016/01/18/aussies-and-new-zealanders-voted-the-nbas-dirtiest-players/","",post,publish,exclude-legacy-post,no,no
"https://people.utm.my/murtadha/2016/01/18/missing-hong-kong-bookseller-shows-up-on-chinese-tv-in-teary-confession/","",post,publish,exclude-legacy-post,no,no
"https://people.utm.my/murtadha/2016/01/18/singapores-national-bank-finally-rolls-out-blind-friendly-atms/","",post,publish,exclude-legacy-post,no,no
"https://people.utm.my/murtadha/2016/01/18/the-1958-stabbing-that-nearly-killed-dr-martin-luther-king-jr/","",post,publish,exclude-legacy-post,no,no
"https://people.utm.my/murtadha/2016/01/18/aes-kejara-dilaksana-serentak-mac-liow/","",post,publish,exclude-legacy-post,no,no
"https://people.utm.my/murtadha/2016/01/18/the-coolest-fallout-4-character-comes-to-life-in-an-amazing-cosplay/","",post,publish,exclude-legacy-post,no,no
"https://people.utm.my/murtadha/2016/01/18/judd-apatows-netflix-comedy-love-gets-first-trailer/","",post,publish,exclude-legacy-post,no,no
"https://people.utm.my/murtadha/2016/01/18/rachel-ryles-instagram-animation-skills-are-a-shot-of-inspiration/","",post,publish,exclude-legacy-post,no,no
"https://people.utm.my/murtadha/2016/01/18/will-there-be-a-season-2-of-making-a-murderer-maybe/","",post,publish,exclude-legacy-post,no,no
"https://people.utm.my/murtadha/2016/01/18/too-young-for-tinder-lgbtqi-youth-find-love-through-tumblr/","",post,publish,exclude-legacy-post,no,no
"https://people.utm.my/murtadha/2016/01/18/check-out-this-view-from-hillary-clintons-podium-at-tonights-debate/","",post,publish,exclude-legacy-post,no,no
"https://people.utm.my/murtadha/2016/01/18/u-s-embassy-says-several-americans-missing-in-iraq/","",post,publish,exclude-legacy-post,no,no
"https://people.utm.my/murtadha/2016/01/17/pizza-waffles-is-the-ultimate-super-meal-you-need-to-make/","",post,publish,exclude-legacy-post,no,no
"https://people.utm.my/murtadha/2016/01/17/these-historical-photos-communicate-how-huge-the-baby-boom-was/","",post,publish,exclude-legacy-post,no,no
"https://people.utm.my/murtadha/2016/01/17/6-tricks-to-stop-sweating-through-your-winter-layers/","",post,publish,exclude-legacy-post,no,no
"https://people.utm.my/murtadha/2016/01/17/6-ways-to-meaningfully-honor-martin-luther-king-jr-day/","",post,publish,exclude-legacy-post,no,no
"https://people.utm.my/murtadha/2016/01/17/i-broke-the-worlds-smallest-3d-printing-pen/","",post,publish,exclude-legacy-post,no,no
"https://people.utm.my/murtadha/2016/01/17/this-video-very-accurately-depicts-the-horrors-of-having-a-pest-problem/","",post,publish,exclude-legacy-post,no,no
"https://people.utm.my/murtadha/2016/01/17/fred-armisen-paid-tribute-to-david-bowie-on-snl/","",post,publish,exclude-legacy-post,no,no
"https://people.utm.my/murtadha/2016/01/17/hentikan-spekulasi-keselamatan-negara-kpn/","",post,publish,exclude-legacy-post,no,no
"https://people.utm.my/murtadha/2016/01/17/4-fascinating-facts-about-the-people-v-o-j-simpson-american-crime-story/","",post,publish,exclude-legacy-post,no,no
"https://people.utm.my/murtadha/2016/01/17/game-that-allows-players-to-kill-indigenous-australians-removed-from-app-stores/","",post,publish,exclude-legacy-post,no,no
"https://people.utm.my/murtadha/2016/01/17/david-schwimmer-is-here-to-adjust-your-expectations-for-the-friends-reunion/","",post,publish,exclude-legacy-post,no,no
"https://people.utm.my/murtadha/2016/01/17/daredevil-little-girl-uses-a-nerf-gun-to-extract-her-loose-tooth/","",post,publish,exclude-legacy-post,no,no
"https://people.utm.my/murtadha/2016/01/17/fan-made-half-life-game-comes-to-steam-next-month-with-valves-blessing/","",post,publish,exclude-legacy-post,no,no
"https://people.utm.my/murtadha/2016/01/17/australian-aid-workers-abducted-by-extremists-in-burkina-faso-officials-say/","",post,publish,exclude-legacy-post,no,no
"https://people.utm.my/murtadha/2016/01/17/trump-blasts-cruz-on-twitter-over-canadian-birth-and-campaign-loans/","",post,publish,exclude-legacy-post,no,no
"https://people.utm.my/murtadha/2016/01/17/this-photogenic-cat-has-conquered-the-selfie-game/","",post,publish,exclude-legacy-post,no,no
"https://people.utm.my/murtadha/2016/01/17/alfa-romeos-4c-spider-is-a-brutal-sports-car-only-a-lunatic-could-love/","",post,publish,exclude-legacy-post,no,no
"https://people.utm.my/murtadha/2016/01/17/christian-bale-exits-ferrari-movie-because-he-cant-gain-weight-fast-enough/","",post,publish,exclude-legacy-post,no,no
"https://people.utm.my/murtadha/2016/01/17/that-sexist-pink-lady-ball-commercial-was-actually-just-a-pr-stunt/","",post,publish,exclude-legacy-post,no,no
"https://people.utm.my/murtadha/2016/01/17/tracy-morgan-and-jordan-peele-are-making-a-show-for-fx/","",post,publish,exclude-legacy-post,no,no
"https://people.utm.my/murtadha/2016/01/16/anthropologie-is-selling-this-rusty-trash-can-for-the-low-low-price-of-99/","",post,publish,exclude-legacy-post,no,no
"https://people.utm.my/murtadha/2016/01/16/giant-fireworks-powered-wheel-lights-up-the-sky-and-the-ground/","",post,publish,exclude-legacy-post,no,no
"https://people.utm.my/murtadha/2016/01/16/more-than-1000-people-are-searching-for-a-tennessee-toddler-lost-in-the-woods/","",post,publish,exclude-legacy-post,no,no
"https://people.utm.my/murtadha/2016/01/16/super-cool-grandma-couldnt-care-less-about-your-yeezy-shoes/","",post,publish,exclude-legacy-post,no,no
"https://people.utm.my/murtadha/2016/01/16/channel-your-inner-gatsby-as-fashion-returns-to-the-1920s/","",post,publish,exclude-legacy-post,no,no
"https://people.utm.my/murtadha/2016/01/16/police-officer-saves-abandoned-baby-with-help-of-her-breast/","",post,publish,exclude-legacy-post,no,no
"https://people.utm.my/murtadha/2016/01/16/behind-the-scenes-of-barack-obamas-interview-with-youtubes-stars/","",post,publish,exclude-legacy-post,no,no
"https://people.utm.my/murtadha/2016/01/16/how-to-play-the-doom-creators-first-new-level-in-21-years/","",post,publish,exclude-legacy-post,no,no
"https://people.utm.my/murtadha/2016/01/16/axe-declares-muscles-dont-make-a-man-hot-and-theyre-absolutely-right/","",post,publish,exclude-legacy-post,no,no
"https://people.utm.my/murtadha/2016/01/16/ted-cruz-trolls-new-yorkers-with-fake-apology-for-his-attacks-on-their-values/","",post,publish,exclude-legacy-post,no,no
"https://people.utm.my/murtadha/2016/01/16/shark-tank-funds-fewer-women-than-men-with-less-money/","",post,publish,exclude-legacy-post,no,no
"https://people.utm.my/murtadha/2016/01/16/british-astronaut-tim-peake-beams-home-first-selfie-from-his-spacewalk/","",post,publish,exclude-legacy-post,no,no
"https://people.utm.my/murtadha/2016/01/16/cdc-warns-pregnant-women-to-avoid-travel-to-brazil-due-to-zika-virus/","",post,publish,exclude-legacy-post,no,no
"https://people.utm.my/murtadha/2016/01/16/teachers-are-so-excited-about-the-snow-they-have-to-nae-nae/","",post,publish,exclude-legacy-post,no,no
"https://people.utm.my/murtadha/2016/01/16/you-can-start-shooting-up-new-york-in-the-division-on-jan-28/","",post,publish,exclude-legacy-post,no,no
"https://people.utm.my/murtadha/2016/01/16/why-this-brand-wants-to-reclaim-the-word-flattering/","",post,publish,exclude-legacy-post,no,no
"https://people.utm.my/murtadha/2016/01/16/amazon-wins-again-as-walmart-cuts-10000-jobs-and-269-stores-all-over-the-world/","",post,publish,exclude-legacy-post,no,no
"https://people.utm.my/murtadha/2016/01/16/derek-zoolander-lands-his-first-vogue-cover/","",post,publish,exclude-legacy-post,no,no
"https://people.utm.my/murtadha/2016/01/15/qu-puteh-sah-penaja-premium-skuad-trw/","",post,publish,exclude-legacy-post,no,no
"https://people.utm.my/murtadha/2016/01/15/explosion-in-fireworks-factory-kills-10-in-central-chinese-town/","",post,publish,exclude-legacy-post,no,no
"https://people.utm.my/murtadha/2016/01/15/11-iconic-covers-of-australias-cleo-magazine-through-the-decades/","",post,publish,exclude-legacy-post,no,no
"https://people.utm.my/murtadha/2016/01/15/this-brilliant-photo-series-of-smiling-dogs-will-get-your-tail-wagging/","",post,publish,exclude-legacy-post,no,no
"https://people.utm.my/murtadha/2016/01/15/adorable-army-dogs-will-return-to-indias-republic-day-parade-after-26-years/","",post,publish,exclude-legacy-post,no,no
"https://people.utm.my/murtadha/2016/01/15/autopilot-could-make-pilots-rusty-dot-says/","",post,publish,exclude-legacy-post,no,no
"https://people.utm.my/murtadha/2016/01/15/indonesian-police-arrest-3-men-on-suspicion-of-links-to-jakarta-attack/","",post,publish,exclude-legacy-post,no,no
"https://people.utm.my/murtadha/2016/01/15/officer-who-paralyzed-indian-grandfather-escapes-potential-civil-rights-conviction/","",post,publish,exclude-legacy-post,no,no
"https://people.utm.my/murtadha/2016/01/15/new-dating-app-tracks-your-heartbeat-to-find-your-next-match/","",post,publish,exclude-legacy-post,no,no
"https://people.utm.my/murtadha/2016/01/15/alan-rickmans-phenomenal-legacy-in-his-own-words/","",post,publish,exclude-legacy-post,no,no
"https://people.utm.my/murtadha/2016/01/15/big-changes-at-foursquare-new-funding-new-ceo-and-new-focus/","",post,publish,exclude-legacy-post,no,no
"https://people.utm.my/murtadha/2016/01/15/poe-dameron-is-getting-his-own-star-wars-comic-book-yes-bb-8-is-in-it/","",post,publish,exclude-legacy-post,no,no
"https://people.utm.my/murtadha/2016/01/15/little-frenchie-puppy-wants-her-owner-to-wake-up/","",post,publish,exclude-legacy-post,no,no
"https://people.utm.my/murtadha/2016/01/15/3-girls-sing-about-crushing-americas-enemies-at-a-trump-rally-watch-at-your-own-risk/","",post,publish,exclude-legacy-post,no,no
"https://people.utm.my/murtadha/2016/01/14/courageous-acid-attack-survivor-becomes-the-face-of-a-fashion-campaign-in-india/","",post,publish,exclude-legacy-post,no,no
"https://people.utm.my/murtadha/2016/01/14/bernie-sanders-iowa-rise-gives-clinton-supporters-2008-ptsd/","",post,publish,exclude-legacy-post,no,no
"https://people.utm.my/murtadha/2016/01/14/captured-drug-kingpin-el-chapo-tried-to-trademark-his-own-name-in-case-he-really-got-big/","",post,publish,exclude-legacy-post,no,no
"https://people.utm.my/murtadha/2016/01/14/nicki-minaj-loved-adeles-monster-rap-during-carpool-karaoke/","",post,publish,exclude-legacy-post,no,no
"https://people.utm.my/murtadha/2016/01/14/2016-oscars-watch-the-nominations-live-here/","",post,publish,exclude-legacy-post,no,no
"https://people.utm.my/murtadha/2016/01/14/fans-want-to-rename-mars-after-david-bowie-and-put-him-on-the-20-note/","",post,publish,exclude-legacy-post,no,no
"https://people.utm.my/murtadha/2016/01/14/british-acting-legend-alan-rickman-dies-aged-69/","",post,publish,exclude-legacy-post,no,no
"https://people.utm.my/murtadha/2016/01/14/want-to-get-lucky-try-using-more-emoji-in-your-texts/","",post,publish,exclude-legacy-post,no,no
"https://people.utm.my/murtadha/2016/01/14/serangan-di-jakarta-berakhir-polis/","",post,publish,exclude-legacy-post,no,no
"https://people.utm.my/murtadha/2016/01/14/letupan-jakarta-4-suspek-militan-ditahan/","",post,publish,exclude-legacy-post,no,no
"https://people.utm.my/murtadha/2016/01/14/is-keluar-amaran-tersirat-sebelum-serangan-polis/","",post,publish,exclude-legacy-post,no,no
"https://people.utm.my/murtadha/2016/01/14/letupan-jakarta-4-penyerang-ditembak-mati/","",post,publish,exclude-legacy-post,no,no
"https://people.utm.my/murtadha/2016/01/14/letupan-jakarta-tiada-mangsa-rakyat-malaysia-setakat-ini/","",post,publish,exclude-legacy-post,no,no
"https://people.utm.my/murtadha/2016/01/14/serangan-di-jakarta-jejas-mata-wang-saham-asia/","",post,publish,exclude-legacy-post,no,no
"https://people.utm.my/murtadha/2016/01/14/satu-lagi-letupan-kedengaran-di-jakarta/","",post,publish,exclude-legacy-post,no,no
"https://people.utm.my/murtadha/2016/01/14/letupan-jakarta-3-pengebom-letupkan-diri-saksi/","",post,publish,exclude-legacy-post,no,no
"https://people.utm.my/murtadha/2016/01/14/letupan-jakarta-sekurang-kurangnya-4-maut-polis/","",post,publish,exclude-legacy-post,no,no
"https://people.utm.my/murtadha/2016/01/14/apple-is-the-only-company-that-managed-to-sell-more-pcs-this-year/","",post,publish,exclude-legacy-post,no,no
"https://people.utm.my/murtadha/2016/01/14/a-woman-sent-her-ex-a-bar-of-soap-made-from-her-liposuctioned-fat/","",post,publish,exclude-legacy-post,no,no
"https://people.utm.my/murtadha/2016/01/14/sydney-opera-house-evacuated-as-multiple-police-operations-underway/","",post,publish,exclude-legacy-post,no,no
"https://people.utm.my/murtadha/2016/01/14/these-were-the-insanely-lucky-powerball-numbers-worth-1-5-billion/","",post,publish,exclude-legacy-post,no,no
"https://people.utm.my/murtadha/2016/01/14/donald-trump-verbally-attacks-son-of-a-btch-who-installed-his-mic/","",post,publish,exclude-legacy-post,no,no
"https://people.utm.my/murtadha/2016/01/14/letupan-kuat-gegar-jakarta-kematian-dilaporkan/","",post,publish,exclude-legacy-post,no,no
"https://people.utm.my/murtadha/2016/01/14/gempa-kuat-6-7-gegar-utara-jepun/","",post,publish,exclude-legacy-post,no,no
"https://people.utm.my/murtadha/2016/01/14/militan-kurdish-serang-balai-polis-turki-22-cedera/","",post,publish,exclude-legacy-post,no,no
"https://people.utm.my/murtadha/2016/01/14/get-lost-exploring-craters-on-the-dwarf-planet-ceres-in-new-nasa-photos/","",post,publish,exclude-legacy-post,no,no
"https://people.utm.my/murtadha/2016/01/14/we-need-to-talk-about-vince-vaughns-bangs/","",post,publish,exclude-legacy-post,no,no
"https://people.utm.my/murtadha/2016/01/14/the-worlds-largest-railway-exhibit-is-on-google-maps-and-trust-us-youll-want-to-see-this/","",post,publish,exclude-legacy-post,no,no
"https://people.utm.my/murtadha/2016/01/14/al-jazeera-is-shutting-down-its-american-tv-news-unit/","",post,publish,exclude-legacy-post,no,no
"https://people.utm.my/murtadha/2016/01/14/heres-linkin-parks-in-the-end-as-performed-by-180-different-movies/","",post,publish,exclude-legacy-post,no,no
"https://people.utm.my/murtadha/2016/01/14/nearly-1-million-people-have-seen-codegirl-with-more-ways-to-watch-coming-soon/","",post,publish,exclude-legacy-post,no,no
"https://people.utm.my/murtadha/2016/01/14/real-life-forrest-gump-took-a-cross-country-citibike-trip-and-instagrammed-it-all/","",post,publish,exclude-legacy-post,no,no
"https://people.utm.my/murtadha/2016/01/13/snapchat-filters-have-never-looked-so-good-thanks-to-these-male-models/","",post,publish,exclude-legacy-post,no,no
"https://people.utm.my/murtadha/2016/01/13/indian-comedian-kiku-sharda-arrested-for-imitating-guru-turned-actor-gurmeet-rahim-singh/","",post,publish,exclude-legacy-post,no,no
"https://people.utm.my/murtadha/2016/01/13/gm-to-launch-self-driving-lyft-fleet-in-austin-texas/","",post,publish,exclude-legacy-post,no,no
"https://people.utm.my/murtadha/2016/01/13/iran-releases-10-u-s-navy-sailors-held-in-persian-gulf/","",post,publish,exclude-legacy-post,no,no
"https://people.utm.my/murtadha/2016/01/13/man-with-cartoon-vacuum-cleaner-tattoo-on-his-crotch-is-starting-to-regret-it/","",post,publish,exclude-legacy-post,no,no
"https://people.utm.my/murtadha/2016/01/13/employers-can-monitor-workers-private-chats-in-some-cases-court-says/","",post,publish,exclude-legacy-post,no,no
"https://people.utm.my/murtadha/2016/01/13/dua-pengebom-nekad-is-sah-rakyat-malaysia/","",post,publish,exclude-legacy-post,no,no
"https://people.utm.my/murtadha/2016/01/13/permohonan-pertukaran-guru-diperluas/","",post,publish,exclude-legacy-post,no,no
"https://people.utm.my/murtadha/2016/01/13/misi-cari-mh370-temui-kapal-karam-bukan-pesawat/","",post,publish,exclude-legacy-post,no,no
"https://people.utm.my/murtadha/2016/01/13/tiada-rakyat-malaysia-terbabit-letupan-di-istanbul/","",post,publish,exclude-legacy-post,no,no
"https://people.utm.my/murtadha/2016/01/13/people-hate-what-ciara-wore-to-sing-the-national-anthem/","",post,publish,exclude-legacy-post,no,no
"https://people.utm.my/murtadha/2016/01/13/how-two-maverick-designers-broke-gms-rules-to-re-invent-buick/","",post,publish,exclude-legacy-post,no,no
"https://people.utm.my/murtadha/2016/01/13/obama-touts-technology-as-the-answer-to-americas-ills-in-state-of-the-union/","",post,publish,exclude-legacy-post,no,no
"https://people.utm.my/murtadha/2016/01/13/obama-puts-biden-in-mission-control-of-new-push-to-cure-cancer/","",post,publish,exclude-legacy-post,no,no
"https://people.utm.my/murtadha/2016/01/13/isis-targets-turkeys-tourists-in-latest-suicide-attack-that-kills-10/","",post,publish,exclude-legacy-post,no,no
"https://people.utm.my/murtadha/2016/01/13/ruth-bader-ginsburg-and-obama-hug-it-out-at-the-sotu/","",post,publish,exclude-legacy-post,no,no
"https://people.utm.my/murtadha/2016/01/13/michelle-obama-stands-out-in-a-marigold-dress-at-the-state-of-the-union/","",post,publish,exclude-legacy-post,no,no
"https://people.utm.my/murtadha/2016/01/13/obama-sangkal-ekonomi-as-merosot/","",post,publish,exclude-legacy-post,no,no
"https://people.utm.my/murtadha/2016/01/13/iran-tahan-bot-tentera-laut-as-hantar-anggota-pulang/","",post,publish,exclude-legacy-post,no,no
"https://people.utm.my/murtadha/2016/01/13/suspek-bunuh-janda-anak-tiri-ditahan/","",post,publish,exclude-legacy-post,no,no
"https://people.utm.my/murtadha/2016/01/13/inside-starving-syrian-town-children-go-out-to-collect-grass-their-last-nutritional-source/","",post,publish,exclude-legacy-post,no,no
"https://people.utm.my/murtadha/2016/01/13/epa-rejects-volkswagens-u-s-diesel-repair-plan/","",post,publish,exclude-legacy-post,no,no
"https://people.utm.my/murtadha/2016/01/13/congresswoman-reveals-prominent-astronomy-professors-history-of-sexual-harassment/","",post,publish,exclude-legacy-post,no,no
"https://people.utm.my/murtadha/2016/01/13/what-being-a-flight-attendant-taught-me-about-human-trafficking/","",post,publish,exclude-legacy-post,no,no
"https://people.utm.my/murtadha/2016/01/13/sweeten-your-valentines-day-with-these-starbucks-secret-menu-frappuccinos/","",post,publish,exclude-legacy-post,no,no
"https://people.utm.my/murtadha/2016/01/13/coachella-creators-will-bring-new-music-festival-to-the-east-coast/","",post,publish,exclude-legacy-post,no,no
"https://people.utm.my/murtadha/2016/01/13/heres-what-our-instagram-community-packed-for-this-years-ces/","",post,publish,exclude-legacy-post,no,no
"https://people.utm.my/murtadha/2016/01/12/indians-and-pakistanis-are-changing-their-profile-photos-to-send-peace-messages-to-their-governments/","",post,publish,exclude-legacy-post,no,no
"https://people.utm.my/murtadha/2016/01/12/mathematician-proves-mcdonalds-endless-burger-combinations-arent-endless/","",post,publish,exclude-legacy-post,no,no
"https://people.utm.my/murtadha/2016/01/12/report-the-cw-looking-to-launch-a-stand-alone-streaming-service/","",post,publish,exclude-legacy-post,no,no
"https://people.utm.my/murtadha/2016/01/12/over-100-whales-stranded-after-washing-up-on-indias-southern-coast/","",post,publish,exclude-legacy-post,no,no
"https://people.utm.my/murtadha/2016/01/12/how-starbucks-made-it-big-in-tea-drinking-china/","",post,publish,exclude-legacy-post,no,no
"https://people.utm.my/murtadha/2016/01/12/kick-your-feet-up-and-relax-in-this-500000-gold-skull-armchair/","",post,publish,exclude-legacy-post,no,no
"https://people.utm.my/murtadha/2016/01/12/this-is-how-jim-henson-asked-david-bowie-to-appear-in-labyrinth/","",post,publish,exclude-legacy-post,no,no
"https://people.utm.my/murtadha/2016/01/12/10-dead-after-explosion-rocks-istanbuls-main-tourist-district/","",post,publish,exclude-legacy-post,no,no
"https://people.utm.my/murtadha/2016/01/12/wanita-dakwa-bawa-bom-ditahan-di-ltapp/","",post,publish,exclude-legacy-post,no,no
"https://people.utm.my/murtadha/2016/01/12/upsr-wajar-diganti-sistem-pentaksiran-berasaskan-sekolah-mahdzir/","",post,publish,exclude-legacy-post,no,no
"https://people.utm.my/murtadha/2016/01/12/audis-h-tron-quattro-concept-makes-hydrogen-fuel-cells-stylish/","",post,publish,exclude-legacy-post,no,no
"https://people.utm.my/murtadha/2016/01/12/34-australian-football-players-found-guilty-of-doping-banned-for-2016-season/","",post,publish,exclude-legacy-post,no,no
"https://people.utm.my/murtadha/2016/01/12/spacex-to-follow-up-historic-launch-by-trying-again-to-land-rocket-stage-on-drone-ship/","",post,publish,exclude-legacy-post,no,no
"https://people.utm.my/murtadha/2016/01/12/this-scottish-organists-david-bowie-tribute-is-beautifully-moving/","",post,publish,exclude-legacy-post,no,no
"https://people.utm.my/murtadha/2016/01/12/rand-paul-carly-fiorina-cut-from-main-gop-debate-lineup/","",post,publish,exclude-legacy-post,no,no
"https://people.utm.my/murtadha/2016/01/12/david-bowie-music-skyrockets-2700-on-spotify-leaps-to-number-1-on-itunes/","",post,publish,exclude-legacy-post,no,no
"https://people.utm.my/murtadha/2016/01/12/netflix-is-bringing-back-one-day-at-a-time-with-diverse-reboot/","",post,publish,exclude-legacy-post,no,no
"https://people.utm.my/murtadha/2016/01/12/hondas-ridgeline-is-a-tech-savvy-tailgaters-dream/","",post,publish,exclude-legacy-post,no,no
"https://people.utm.my/murtadha/2016/01/12/meet-the-three-youtube-stars-who-will-interview-obama-this-week/","",post,publish,exclude-legacy-post,no,no
"https://people.utm.my/murtadha/2016/01/12/4-inspiring-women-shaping-the-future-of-the-stem-workforce/","",post,publish,exclude-legacy-post,no,no
"https://people.utm.my/murtadha/2016/01/12/iconic-ringling-bros-circus-elephants-will-retire-to-florida-way-ahead-of-schedule/","",post,publish,exclude-legacy-post,no,no
"https://people.utm.my/murtadha/2016/01/12/london-strips-down-to-celebrate-no-trousers-day/","",post,publish,exclude-legacy-post,no,no
"https://people.utm.my/murtadha/2016/01/12/aw-man-the-building-is-on-fire-woman-gives-hilarious-interview-on-live-tv/","",post,publish,exclude-legacy-post,no,no
"https://people.utm.my/murtadha/2016/01/12/customer-service-best-practices-making-social-media-a-two-way-conversation/","",post,publish,exclude-legacy-post,no,no
"https://people.utm.my/murtadha/2016/01/12/the-revenant-is-really-just-a-screen-adaptation-of-the-oregon-trail/","",post,publish,exclude-legacy-post,no,no
"https://people.utm.my/murtadha/2016/01/11/10-of-david-bowies-most-iconic-music-videos/","",post,publish,exclude-legacy-post,no,no
"https://people.utm.my/murtadha/2016/01/11/police-investigate-tip-that-radical-group-wants-to-harm-officers/","",post,publish,exclude-legacy-post,no,no
"https://people.utm.my/murtadha/2016/01/11/kelantan-setuju-stadium-merah-jambu/","",post,publish,exclude-legacy-post,no,no
"https://people.utm.my/murtadha/2016/01/11/david-bowie-meninggal-dunia/","",post,publish,exclude-legacy-post,no,no
"https://people.utm.my/murtadha/2016/01/11/dap-isytihar-pas-musuh-utama/","",post,publish,exclude-legacy-post,no,no
"https://people.utm.my/murtadha/2016/01/11/borang-penyertaan-larian-sukipt-2016/","",post,publish,exclude-legacy-post,no,no
"https://people.utm.my/murtadha/2016/01/11/check-out-this-photo-by-tangota%f0%9f%87%b2%f0%9f%87%be-on-eyeem-httpst-coy5gdn0pcln-busking-di-pasar-tani-jalan-datin-halimah/","",post,publish,exclude-legacy-post,no,no
"https://people.utm.my/murtadha/2016/01/11/tentera-as-di-korea-selatan-dalam-keadaan-berjaga-jaga/","",post,publish,exclude-legacy-post,no,no
"https://people.utm.my/murtadha/2016/01/11/spieth-menang-bergaya-di-hawaii/","",post,publish,exclude-legacy-post,no,no
"https://people.utm.my/murtadha/2016/01/11/sting-rampas-dadah-bernilai-rm8-1-juta-di-johor/","",post,publish,exclude-legacy-post,no,no
"https://people.utm.my/murtadha/2016/01/11/the-force-is-strong-at-londons-menswear-shows/","",post,publish,exclude-legacy-post,no,no
"https://people.utm.my/murtadha/2016/01/11/20-bizarre-product-taglines-from-ces-2016-in-80-seconds/","",post,publish,exclude-legacy-post,no,no
"https://people.utm.my/murtadha/2016/01/11/mountain-lion-discovered-with-teeth-growing-out-of-its-forehead/","",post,publish,exclude-legacy-post,no,no
"https://people.utm.my/murtadha/2016/01/11/mexican-actress-kate-del-castillos-connection-to-el-chapo-began-on-twitter/","",post,publish,exclude-legacy-post,no,no
"https://people.utm.my/murtadha/2016/01/11/from-refugee-on-humans-of-new-york-to-state-of-the-union-special-guest/","",post,publish,exclude-legacy-post,no,no
"https://people.utm.my/murtadha/2016/01/11/volkswagens-tiguan-gte-active-concept-is-a-terrain-trampling-hybrid/","",post,publish,exclude-legacy-post,no,no
"https://people.utm.my/murtadha/2016/01/11/cws-legends-of-tomorrow-is-making-its-own-rules-for-time-travel/","",post,publish,exclude-legacy-post,no,no
"https://people.utm.my/murtadha/2016/01/11/88-year-old-nfl-legend-rocks-polo-shirt-at-subzero-playoff-game-like-a-savage/","",post,publish,exclude-legacy-post,no,no
"https://people.utm.my/murtadha/2016/01/11/chewbacca-tim-allen-is-the-wookiee-to-end-all-wookiees/","",post,publish,exclude-legacy-post,no,no
"https://people.utm.my/murtadha/2016/01/11/blair-walshs-stunning-last-second-miss-melts-the-nfl-internet/","",post,publish,exclude-legacy-post,no,no
"https://people.utm.my/murtadha/2016/01/10/the-14-weirdest-moments-from-sean-penns-el-chapo-interview/","",post,publish,exclude-legacy-post,no,no
"https://people.utm.my/murtadha/2016/01/10/journalists-cry-foul-el-chapo-granted-power-to-edit-sean-penns-profile/","",post,publish,exclude-legacy-post,no,no
"https://people.utm.my/murtadha/2016/01/10/tech-fangs-facebook-apple-netflix-and-google-are-worrying-about-the-stock-market/","",post,publish,exclude-legacy-post,no,no
"https://people.utm.my/murtadha/2016/01/10/why-i-left-the-paris-climate-summit-with-an-activist-tattoo/","",post,publish,exclude-legacy-post,no,no
"https://people.utm.my/murtadha/2016/01/10/how-to-make-a-gourmet-cocktail-party-from-convenience-store-snacks/","",post,publish,exclude-legacy-post,no,no
"https://people.utm.my/murtadha/2016/01/10/5-initial-ways-you-can-be-a-better-ally-to-people-of-color/","",post,publish,exclude-legacy-post,no,no
"https://people.utm.my/murtadha/2016/01/10/no-one-won-powerball-jackpot-now-1-3-billion/","",post,publish,exclude-legacy-post,no,no
"https://people.utm.my/murtadha/2016/01/10/the-best-underwater-photography-of-2015-illuminates-rarely-seen-marine-life/","",post,publish,exclude-legacy-post,no,no
"https://people.utm.my/murtadha/2016/01/10/teslas-new-summon-feature-lets-your-car-park-itself/","",post,publish,exclude-legacy-post,no,no
"https://people.utm.my/murtadha/2016/01/10/the-nobel-prize-nominees-from-1965-are-some-of-the-most-distinguished-losers-in-history/","",post,publish,exclude-legacy-post,no,no
"https://people.utm.my/murtadha/2016/01/10/abc-president-still-wants-to-make-the-muppets-work/","",post,publish,exclude-legacy-post,no,no
"https://people.utm.my/murtadha/2016/01/10/new-batman-v-superman-trailer-shows-how-the-batmobile-fares-against-kryptonian-beefcake/","",post,publish,exclude-legacy-post,no,no
"https://people.utm.my/murtadha/2016/01/10/we-could-finally-be-getting-a-diverse-bachelorette/","",post,publish,exclude-legacy-post,no,no
"https://people.utm.my/murtadha/2016/01/10/meet-the-shop-owners-of-one-of-the-worlds-most-visited-attractions/","",post,publish,exclude-legacy-post,no,no
"https://people.utm.my/murtadha/2016/01/10/5-cant-miss-apps-emoji-party-animatic-slinger-and-more/","",post,publish,exclude-legacy-post,no,no
"https://people.utm.my/murtadha/2016/01/10/sean-penn-interviewed-el-chapo-before-drug-lords-arrest/","",post,publish,exclude-legacy-post,no,no
"https://people.utm.my/murtadha/2016/01/10/tmj-kini-pemilik-pasukan-jdt/","",post,publish,exclude-legacy-post,no,no
"https://people.utm.my/murtadha/2016/01/10/texas-woman-gives-birth-to-her-own-granddaughter-through-surrogacy/","",post,publish,exclude-legacy-post,no,no
"https://people.utm.my/murtadha/2016/01/10/bad-wolf-tardis-speaker-is-doctor-who-gadgetry-at-its-best/","",post,publish,exclude-legacy-post,no,no
"https://people.utm.my/murtadha/2016/01/10/the-oregon-standoff-is-in-one-of-the-most-pro-nra-districts-in-the-country/","",post,publish,exclude-legacy-post,no,no
"https://people.utm.my/murtadha/2016/01/10/oculus-rift-youve-got-questions-weve-got-answers/","",post,publish,exclude-legacy-post,no,no
"https://people.utm.my/murtadha/2016/01/10/adventurer-pilots-her-1942-open-cockpit-biplane-from-britain-to-sydney/","",post,publish,exclude-legacy-post,no,no
"https://people.utm.my/murtadha/2016/01/10/what-to-wear-when-youre-looking-for-love/","",post,publish,exclude-legacy-post,no,no
"https://people.utm.my/murtadha/2016/01/10/the-shield-party-of-five-dawsons-creek-headed-to-hulu/","",post,publish,exclude-legacy-post,no,no
"https://people.utm.my/murtadha/2016/01/10/facebook-car-joins-apple-car-but-neither-means-a-car-is-coming/","",post,publish,exclude-legacy-post,no,no
"https://people.utm.my/murtadha/2016/01/09/new-alarm-clock-forces-you-to-get-out-of-bed-to-shut-it-off-2/","",post,publish,exclude-legacy-post,no,no
"https://people.utm.my/murtadha/2016/01/09/fear-the-walking-dead-season-2-has-a-premiere-date-and-is-much-longer/","",post,publish,exclude-legacy-post,no,no
"https://people.utm.my/murtadha/2016/01/09/here-are-all-the-cool-things-you-can-do-with-peachs-magic-words/","",post,publish,exclude-legacy-post,no,no
"https://people.utm.my/murtadha/2016/01/09/ubering-around-ces-is-no-gamble/","",post,publish,exclude-legacy-post,no,no
"https://people.utm.my/murtadha/2016/01/09/the-best-things-we-overheard-at-ces-2016/","",post,publish,exclude-legacy-post,no,no
"https://people.utm.my/murtadha/2016/01/09/ces-2016-brought-consumer-tech-back-to-who-it-belongs-the-consumer/","",post,publish,exclude-legacy-post,no,no
"https://people.utm.my/murtadha/2016/01/09/marshawn-lynch-blessed-us-with-the-best-touchdown-run-in-nfl-history-5-years-ago-today/","",post,publish,exclude-legacy-post,no,no
"https://people.utm.my/murtadha/2016/01/09/muslim-woman-removed-from-trump-rally-after-silently-protesting/","",post,publish,exclude-legacy-post,no,no
"https://people.utm.my/murtadha/2016/01/09/new-alarm-clock-forces-you-to-get-out-of-bed-to-shut-it-off/","",post,publish,exclude-legacy-post,no,no
"https://people.utm.my/murtadha/2016/01/09/peach-wtf-is-this-app-everyones-talking-about/","",post,publish,exclude-legacy-post,no,no
"https://people.utm.my/murtadha/2016/01/09/aid-may-be-too-little-too-late-for-40000-people-trapped-in-syrian-town/","",post,publish,exclude-legacy-post,no,no
"https://people.utm.my/murtadha/2016/01/09/african-slavery-inspires-beautifully-haunting-fashion-show/","",post,publish,exclude-legacy-post,no,no
"https://people.utm.my/murtadha/2016/01/09/roux-the-kitten-is-the-cutest-cat-on-two-legs/","",post,publish,exclude-legacy-post,no,no
"https://people.utm.my/murtadha/2016/01/09/heres-a-very-important-tutorial-on-making-nsfw-popsicles-using-lego-bricks/","",post,publish,exclude-legacy-post,no,no
"https://people.utm.my/murtadha/2016/01/09/reports-of-sexual-assault-surge-at-u-s-military-academies/","",post,publish,exclude-legacy-post,no,no
"https://people.utm.my/murtadha/2016/01/09/serial-episode-4-bergdahls-captivity-torture-had-him-feeling-every-second/","",post,publish,exclude-legacy-post,no,no
"https://people.utm.my/murtadha/2016/01/09/loral-patch-knows-when-youve-had-too-much-sun/","",post,publish,exclude-legacy-post,no,no
"https://people.utm.my/murtadha/2016/01/08/indias-cricket-captain-ms-dhoni-gets-an-arrest-warrant-for-posing-as-a-god-on-a-magazine-cover/","",post,publish,exclude-legacy-post,no,no
"https://people.utm.my/murtadha/2016/01/08/you-can-now-join-emma-watsons-new-feminist-book-club/","",post,publish,exclude-legacy-post,no,no
"https://people.utm.my/murtadha/2016/01/08/life-hacks-to-help-you-avoid-catching-or-spreading-that-nasty-office-cold/","",post,publish,exclude-legacy-post,no,no
"https://people.utm.my/murtadha/2016/01/08/your-next-sports-bra-could-also-be-a-fitness-tracker-with-ombra/","",post,publish,exclude-legacy-post,no,no
"https://people.utm.my/murtadha/2016/01/08/so-who-wants-to-get-weird-with-david-bowie-youre-in-luck-blackstar-is-here-2/","",post,publish,exclude-legacy-post,no,no
"https://people.utm.my/murtadha/2016/01/08/is-kim-jong-un-the-worlds-undercover-style-icon/","",post,publish,exclude-legacy-post,no,no
"https://people.utm.my/murtadha/2016/01/08/qu-puteh-taja-trw-letak-33-syarat-tambahan/","",post,publish,exclude-legacy-post,no,no
"https://people.utm.my/murtadha/2016/01/08/tindakan-tegas-terhadap-individu-hina-pemimpin-negara-kpn/","",post,publish,exclude-legacy-post,no,no
"https://people.utm.my/murtadha/2016/01/08/ujian-dna-sahkan-identiti-bayi-tertukar/","",post,publish,exclude-legacy-post,no,no
"https://people.utm.my/murtadha/2016/01/08/so-who-wants-to-get-weird-with-david-bowie-youre-in-luck-blackstar-is-here/","",post,publish,exclude-legacy-post,no,no
"https://people.utm.my/murtadha/2016/01/08/motrheads-lemmy-features-in-ad-for-milk-filmed-shortly-before-he-died/","",post,publish,exclude-legacy-post,no,no
"https://people.utm.my/murtadha/2016/01/08/first-japanese-politician-to-take-paternity-leave-gets-criticized/","",post,publish,exclude-legacy-post,no,no
"https://people.utm.my/murtadha/2016/01/08/anonymous-collector-buys-rare-dime-for-2-million/","",post,publish,exclude-legacy-post,no,no
"https://people.utm.my/murtadha/2016/01/08/vr-porn-is-here-and-its-scary-how-realistic-it-is/","",post,publish,exclude-legacy-post,no,no
"https://people.utm.my/murtadha/2016/01/08/liverpool-streets-shut-down-over-office-bomb-scare/","",post,publish,exclude-legacy-post,no,no
"https://people.utm.my/murtadha/2016/01/08/14-tweets-that-perfectly-sum-up-the-modern-air-travel-experience/","",post,publish,exclude-legacy-post,no,no
"https://people.utm.my/murtadha/2016/01/08/a-tweet-helps-indian-railways-rescue-a-girl-from-human-traffickers/","",post,publish,exclude-legacy-post,no,no
"https://people.utm.my/murtadha/2016/01/08/this-adventurous-kitten-needed-some-help-after-getting-into-a-tight-spot/","",post,publish,exclude-legacy-post,no,no
"https://people.utm.my/murtadha/2016/01/08/chinese-village-destroys-lavish-golden-statue-of-chairman-mao/","",post,publish,exclude-legacy-post,no,no
"https://people.utm.my/murtadha/2016/01/08/misery-as-more-flooding-forces-people-from-homes-in-scotland/","",post,publish,exclude-legacy-post,no,no
"https://people.utm.my/murtadha/2016/01/08/north-korea-likely-had-a-quiet-birthday-celebration-for-kim-jong-un/","",post,publish,exclude-legacy-post,no,no
"https://people.utm.my/murtadha/2016/01/08/ricky-gervais-plays-5-second-rule-with-ellen-degeneres-completely-nails-it/","",post,publish,exclude-legacy-post,no,no
"https://people.utm.my/murtadha/2016/01/08/meet-the-australian-man-who-fought-for-his-right-to-a-penis-signature/","",post,publish,exclude-legacy-post,no,no
"https://people.utm.my/murtadha/2016/01/08/working-longer-hours-wont-destroy-your-love-life-necessarily/","",post,publish,exclude-legacy-post,no,no
"https://people.utm.my/murtadha/2016/01/08/what-to-watch-after-making-a-murderer-6-more-docs-about-suspicious-criminal-cases/","",post,publish,exclude-legacy-post,no,no
"https://people.utm.my/murtadha/2016/01/08/old-stock-photos-of-a-teenage-john-boyega-are-being-spotted-around-university-campuses/","",post,publish,exclude-legacy-post,no,no
"https://people.utm.my/murtadha/2016/01/08/hitlers-mein-kampf-on-sale-in-german-bookstores-for-first-time-in-70-years/","",post,publish,exclude-legacy-post,no,no
"https://people.utm.my/murtadha/2016/01/08/check-out-this-photo-by-rudy-bolang-on-eyeem-httpst-cocjfskvffnt/","",post,publish,exclude-legacy-post,no,no
"https://people.utm.my/murtadha/2016/01/08/iowa-democrats-republicans-unveil-microsoft-app-to-streamline-caucuses-2/","",post,publish,exclude-legacy-post,no,no
"https://people.utm.my/murtadha/2016/01/08/sleeping-dog-curls-up-next-to-his-stuffed-animal-twin/","",post,publish,exclude-legacy-post,no,no
"https://people.utm.my/murtadha/2016/01/08/acton-blink-board-electric-skateboard-is-small-fast-and-hella-fun-to-ride/","",post,publish,exclude-legacy-post,no,no
"https://people.utm.my/murtadha/2016/01/08/maine-governor-blames-guys-named-d-money-who-impregnate-a-young-white-girl-for-heroin-problem/","",post,publish,exclude-legacy-post,no,no
"https://people.utm.my/murtadha/2016/01/08/youtube-announces-hdr-video-support/","",post,publish,exclude-legacy-post,no,no
"https://people.utm.my/murtadha/2016/01/08/tbt-selfie-proves-steph-and-ayesha-curry-have-always-been-the-cutest-couple/","",post,publish,exclude-legacy-post,no,no
"https://people.utm.my/murtadha/2016/01/08/magical-guinea-pig-has-prettier-hair-than-you/","",post,publish,exclude-legacy-post,no,no
"https://people.utm.my/murtadha/2016/01/08/familys-holiday-ruined-after-airbnb-beach-house-raided-in-drug-bust/","",post,publish,exclude-legacy-post,no,no
"https://people.utm.my/murtadha/2016/01/08/ombra-is-a-fitness-tracker-disguised-as-a-sports-bra/","",post,publish,exclude-legacy-post,no,no
"https://people.utm.my/murtadha/2016/01/08/bajet-2016-perlu-pengubahsuaian-pm/","",post,publish,exclude-legacy-post,no,no
"https://people.utm.my/murtadha/2016/01/08/iowa-democrats-republicans-unveil-microsoft-app-to-streamline-caucuses/","",post,publish,exclude-legacy-post,no,no
"https://people.utm.my/murtadha/2016/01/08/fellow-republicans-are-mocking-marco-rubios-sensible-footwear/","",post,publish,exclude-legacy-post,no,no
"https://people.utm.my/murtadha/2016/01/08/gandalf-the-traveling-cat-takes-better-vacations-than-you/","",post,publish,exclude-legacy-post,no,no
"https://people.utm.my/murtadha/2016/01/08/speedy-gizmo3d-gives-3d-printing-a-terminator-edge/","",post,publish,exclude-legacy-post,no,no
"https://people.utm.my/murtadha/2016/01/08/patriot-warns-america-ted-cruz-likes-nickleback/","",post,publish,exclude-legacy-post,no,no
"https://people.utm.my/murtadha/2016/01/08/people-are-kvetching-about-this-hm-scarf-that-looks-like-a-jewish-prayer-shawl/","",post,publish,exclude-legacy-post,no,no
"https://people.utm.my/murtadha/2016/01/08/racist-chants-against-neymar-land-spanish-soccer-club-in-hot-water/","",post,publish,exclude-legacy-post,no,no
"https://people.utm.my/murtadha/2016/01/08/this-lyft-is-basically-a-vehicular-vending-machine/","",post,publish,exclude-legacy-post,no,no
"https://people.utm.my/murtadha/2016/01/08/video-of-israeli-and-palestinian-couples-kissing-fuels-censorship-debate-did-facebook-take-it-down/","",post,publish,exclude-legacy-post,no,no
"https://people.utm.my/murtadha/2016/01/08/a-robot-cooked-me-a-tasty-kung-pao-chicken/","",post,publish,exclude-legacy-post,no,no
"https://people.utm.my/murtadha/2016/01/08/selfie-monkey-suffers-setback-in-copyright-case/","",post,publish,exclude-legacy-post,no,no
"https://people.utm.my/murtadha/2016/01/08/ibm-and-under-armour-partner-for-next-gen-fitness-app/","",post,publish,exclude-legacy-post,no,no
"https://people.utm.my/murtadha/2016/01/08/wu-tangs-rza-doesnt-regret-selling-album-to-pharma-bro-martin-shkreli/","",post,publish,exclude-legacy-post,no,no
"https://people.utm.my/murtadha/2016/01/08/making-a-murderer-fans-overwhelm-county-clerk-with-records-requests/","",post,publish,exclude-legacy-post,no,no
"https://people.utm.my/murtadha/2016/01/08/marco-rubio-gets-jesus-y-in-new-ad-aimed-for-iowa-evangelicals/","",post,publish,exclude-legacy-post,no,no
"https://people.utm.my/murtadha/2016/01/08/could-2016-be-the-year-for-verizons-go90-mobile-content-platform/","",post,publish,exclude-legacy-post,no,no
"https://people.utm.my/murtadha/2016/01/08/no-matter-where-you-live-in-the-u-s-2015-was-hotter-than-average/","",post,publish,exclude-legacy-post,no,no
"https://people.utm.my/murtadha/2016/01/08/the-ces2016-has-been-hijacked-by-las-vegas-strip-clubs/","",post,publish,exclude-legacy-post,no,no
"https://people.utm.my/murtadha/2016/01/08/car-breaks-down-thanks-to-the-combined-power-of-jerry-seinfeld-and-steve-martin/","",post,publish,exclude-legacy-post,no,no
"https://people.utm.my/murtadha/2016/01/07/60-maut-200-cedera-serangan-bom-trak-libya/","",post,publish,exclude-legacy-post,no,no
"https://people.utm.my/murtadha/2016/01/07/welcome-to-our-new-website/","",post,publish,exclude-legacy-post,no,no
"https://people.utm.my/murtadha/2016/01/07/write-to-us-with-your-feedback/","",post,publish,exclude-legacy-post,no,no
"https://people.utm.my/murtadha/2016/01/07/check-out-this-photo-by-tangota%f0%9f%87%b2%f0%9f%87%be-on-eyeem-httpst-co5eauhnllqy/","",post,publish,exclude-legacy-post,no,no
"https://people.utm.my/murtadha/2016/01/07/check-out-this-photo-by-tangota%f0%9f%87%b2%f0%9f%87%be-on-eyeem-httpst-codqk0p9dnwz/","",post,publish,exclude-legacy-post,no,no
"https://people.utm.my/murtadha/2016/01/07/this-bodyweight-workout-will-kick-your-ass-and-get-you-in-amazing-shape-httpst-cobdedoga0aj-via-askmen/","",post,publish,exclude-legacy-post,no,no
"https://people.utm.my/murtadha/2016/01/07/the-week-on-eyeem-1-httpst-cojvhxa4rp45-via-eyeem-gila-lah-featured-anniketiara/","",post,publish,exclude-legacy-post,no,no
"https://people.utm.my/murtadha/2016/01/07/the-inception-coffee-table-of-your-dreams-within-your-dreams/","",post,publish,exclude-legacy-post,no,no
"https://people.utm.my/murtadha/2016/01/07/vin-diesel-says-love-made-furious-7-possible-after-paul-walkers-death/","",post,publish,exclude-legacy-post,no,no
"https://people.utm.my/murtadha/2016/01/07/man-interrupts-peoples-choice-awards-to-deliver-what-the-people-really-want/","",post,publish,exclude-legacy-post,no,no
"https://people.utm.my/murtadha/2016/01/07/genius-aussie-tradesmen-on-hoverboards-are-definitely-the-future/","",post,publish,exclude-legacy-post,no,no
"https://people.utm.my/murtadha/2016/01/07/sandra-bullocks-son-deserves-a-peoples-choice-award-for-iphone-movies/","",post,publish,exclude-legacy-post,no,no
"https://people.utm.my/murtadha/2016/01/07/garmins-tactix-bravo-is-a-smartwatch-fit-for-military-missions/","",post,publish,exclude-legacy-post,no,no
"https://people.utm.my/murtadha/2016/01/07/up-close-with-segways-new-personal-robot/","",post,publish,exclude-legacy-post,no,no
"https://people.utm.my/murtadha/2016/01/07/4-5-billion-year-old-meteorite-from-beyond-mars-makes-its-way-to-australia/","",post,publish,exclude-legacy-post,no,no
"https://people.utm.my/murtadha/2016/01/07/american-horror-story-hotel-lost-its-head-in-the-penultimate-episode/","",post,publish,exclude-legacy-post,no,no
"https://people.utm.my/murtadha/2016/01/07/tales-of-the-placenta-maori-mums-share-ancient-post-birth-tradition-online/","",post,publish,exclude-legacy-post,no,no
"https://people.utm.my/murtadha/2016/01/07/man-who-bought-assault-rifles-used-in-the-san-bernardino-attack-pleads-not-guilty/","",post,publish,exclude-legacy-post,no,no
"https://people.utm.my/murtadha/2016/01/07/new-aston-martin-concept-comes-with-an-internet-of-the-vehicle-system/","",post,publish,exclude-legacy-post,no,no
"https://people.utm.my/murtadha/2016/01/07/dells-inspiron-11-3000-is-not-too-shabby-for-a-200-laptop/","",post,publish,exclude-legacy-post,no,no
"https://people.utm.my/murtadha/2016/01/07/amy-schumer-took-her-new-boyfriend-on-a-hot-date-to-the-white-house/","",post,publish,exclude-legacy-post,no,no
"https://people.utm.my/murtadha/2016/01/07/freshly-cancelled-jekyll-and-hyde-sets-shipped-to-calais-for-refugee-shelters/","",post,publish,exclude-legacy-post,no,no
"https://people.utm.my/murtadha/2016/01/07/mercedes-benzs-iphone-and-apple-watch-companion-app-learns-your-habits/","",post,publish,exclude-legacy-post,no,no
"https://people.utm.my/murtadha/2016/01/07/with-moff-band-you-swing-your-arms-to-control-pac-man/","",post,publish,exclude-legacy-post,no,no
"https://people.utm.my/murtadha/2016/01/07/isis-executed-a-journalist-then-hacked-her-facebook-to-trick-her-friends/","",post,publish,exclude-legacy-post,no,no
"https://people.utm.my/murtadha/2016/01/07/surfing-one-eyed-cat-is-living-the-dream-out-in-hawaii/","",post,publish,exclude-legacy-post,no,no
"https://people.utm.my/murtadha/2016/01/07/this-womans-cat-is-the-sneakiest-shopping-assistant/","",post,publish,exclude-legacy-post,no,no
"https://people.utm.my/murtadha/2016/01/07/black-lives-matter-activist-johnetta-elzie-shines-on-new-essence-cover/","",post,publish,exclude-legacy-post,no,no
"https://people.utm.my/murtadha/2016/01/07/high-school-basketball-coach-absolutely-loses-it-head-butts-ref/","",post,publish,exclude-legacy-post,no,no
"https://people.utm.my/murtadha/2016/01/07/meet-the-makers-behind-5-incredible-smart-home-gadgets-at-ces/","",post,publish,exclude-legacy-post,no,no
"https://people.utm.my/murtadha/2016/01/07/why-fly-a-drone-when-you-can-fly-inside-one/","",post,publish,exclude-legacy-post,no,no
"https://people.utm.my/murtadha/2016/01/07/facebook-plans-to-let-developers-build-bots-for-messenger-report-says/","",post,publish,exclude-legacy-post,no,no
"https://people.utm.my/murtadha/2016/01/07/place-your-bids-now-for-a-bottle-of-the-drummondpuddlewatch-water/","",post,publish,exclude-legacy-post,no,no
"https://people.utm.my/murtadha/2016/01/06/feri-berlanggar-semua-158-penumpang-kru-selamat/","",post,publish,exclude-legacy-post,no,no
"https://people.utm.my/murtadha/2016/01/06/feri-bawa-lebih-100-penumpang-berlanggar-dekat-semporna/","",post,publish,exclude-legacy-post,no,no
"https://people.utm.my/murtadha/2016/01/06/wujud-unsur-rasuah-dalam-perlombongan-tidak-terkawal-bauksit-sprm/","",post,publish,exclude-legacy-post,no,no
"https://people.utm.my/murtadha/2016/01/06/you-can-soon-buy-meat-from-americas-first-vegan-butcher/","",post,publish,exclude-legacy-post,no,no
"https://people.utm.my/murtadha/2016/01/06/live-your-dreams-and-make-a-3d-printed-lego-head-that-looks-like-you/","",post,publish,exclude-legacy-post,no,no
"https://people.utm.my/murtadha/2016/01/06/tennis-player-telling-opponent-to-challenge-out-call-is-pure-sportsmanship/","",post,publish,exclude-legacy-post,no,no
"https://people.utm.my/murtadha/2016/01/06/this-december-was-the-warmest-in-india-in-over-100-years/","",post,publish,exclude-legacy-post,no,no
"https://people.utm.my/murtadha/2016/01/06/its-official-deepika-padukone-will-star-with-vin-diesel-in-xxx-the-return-of-xander/","",post,publish,exclude-legacy-post,no,no
"https://people.utm.my/murtadha/2016/01/06/madonna-to-perform-in-singapore-but-her-tickets-will-cost-you/","",post,publish,exclude-legacy-post,no,no
"https://people.utm.my/murtadha/2016/01/06/this-simple-mindfulness-tip-will-get-you-through-your-long-work-day/","",post,publish,exclude-legacy-post,no,no
"https://people.utm.my/murtadha/2016/01/06/the-very-first-war-photography-was-staged/","",post,publish,exclude-legacy-post,no,no
"https://people.utm.my/murtadha/2016/01/06/stephen-fry-has-some-crucial-lessons-in-etiquette-for-anyone-visiting-the-uk/","",post,publish,exclude-legacy-post,no,no
"https://people.utm.my/murtadha/2016/01/06/japans-first-girls-only-otaku-cafe-opens-in-osaka-and-boys-are-strictly-not-allowed/","",post,publish,exclude-legacy-post,no,no
"https://people.utm.my/murtadha/2016/01/06/vatican-newspaper-slams-blasphemous-new-charlie-hebdo-cover/","",post,publish,exclude-legacy-post,no,no
"https://people.utm.my/murtadha/2016/01/06/a-homeless-man-joined-a-busker-for-a-beautiful-rendition-of-summertime/","",post,publish,exclude-legacy-post,no,no
"https://people.utm.my/murtadha/2016/01/06/58-bodies-recovered-so-far-from-shenzhen-landslide/","",post,publish,exclude-legacy-post,no,no
"https://people.utm.my/murtadha/2016/01/06/shocker-most-of-the-popular-winter-destinations-are-all-about-getting-warm/","",post,publish,exclude-legacy-post,no,no
"https://people.utm.my/murtadha/2016/01/06/upscale-gym-chain-equinox-glams-up-breastfeeding-in-new-ad-about-hardcore-commitment/","",post,publish,exclude-legacy-post,no,no
"https://people.utm.my/murtadha/2016/01/06/now-your-dog-can-play-video-games-too/","",post,publish,exclude-legacy-post,no,no
"https://people.utm.my/murtadha/2016/01/06/after-scoring-autonomous-driving-license-kia-announces-new-self-driving-sub-brand/","",post,publish,exclude-legacy-post,no,no
"https://people.utm.my/murtadha/2016/01/06/girls-will-end-after-season-6/","",post,publish,exclude-legacy-post,no,no
"https://people.utm.my/murtadha/2016/01/06/steph-curry-starred-in-these-amazing-90s-burger-king-ads-as-a-kid/","",post,publish,exclude-legacy-post,no,no
"https://people.utm.my/murtadha/2016/01/06/paper-and-screen-in-perfect-harmony-with-the-ore-stylograph/","",post,publish,exclude-legacy-post,no,no
"https://people.utm.my/murtadha/2016/01/06/these-aussie-fishermen-almost-got-wiped-out-by-a-giant-angry-marlin/","",post,publish,exclude-legacy-post,no,no
"https://people.utm.my/murtadha/2016/01/06/new-years-assaults-spark-fresh-migration-debate-in-germany/","",post,publish,exclude-legacy-post,no,no
"https://people.utm.my/murtadha/2016/01/06/another-hoverboard-fire-scorches-california-home/","",post,publish,exclude-legacy-post,no,no
"https://people.utm.my/murtadha/2016/01/06/mtv-has-game-of-thrones-ambitions-with-the-shannara-chronicles/","",post,publish,exclude-legacy-post,no,no
"https://people.utm.my/murtadha/2016/01/06/bernie-sanders-and-comedian-larry-wilmore-talk-schlonged/","",post,publish,exclude-legacy-post,no,no
"https://people.utm.my/murtadha/2016/01/06/gnomesville-to-cave-diving-7-aussie-adventures-to-check-out-in-2016/","",post,publish,exclude-legacy-post,no,no
"https://people.utm.my/murtadha/2016/01/06/crying-koala-just-cannot-handle-losing-after-epic-tree-brawl/","",post,publish,exclude-legacy-post,no,no
"https://people.utm.my/murtadha/2016/01/06/first-app-enabled-pregnancy-test-is-delivered-at-ces/","",post,publish,exclude-legacy-post,no,no
"https://people.utm.my/murtadha/2016/01/06/quantum-leap-vr-camera-aims-to-make-live-streaming-vr-in-hd-simple-for-producers/","",post,publish,exclude-legacy-post,no,no
"https://people.utm.my/murtadha/2016/01/06/malaysia-airlines-bans-checked-baggage-on-long-flights/","",post,publish,exclude-legacy-post,no,no
"https://people.utm.my/murtadha/2016/01/06/when-obama-took-executive-action-on-gun-control-amy-schumer-was-there/","",post,publish,exclude-legacy-post,no,no
"https://people.utm.my/murtadha/2016/01/06/beautiful-photos-show-signs-of-runaway-stars-in-the-milky-way/","",post,publish,exclude-legacy-post,no,no
"https://people.utm.my/murtadha/2016/01/06/so-long-140-twitter-may-soon-let-you-share-10000-characters-per-post/","",post,publish,exclude-legacy-post,no,no
"https://people.utm.my/murtadha/2016/01/06/lgs-oled-4k-hdr-tv-looks-better-than-we-thought-possible/","",post,publish,exclude-legacy-post,no,no
"https://people.utm.my/murtadha/2016/01/06/beats-who-monster-launches-rose-gold-headphones-too/","",post,publish,exclude-legacy-post,no,no
"https://people.utm.my/murtadha/2016/01/06/what-you-look-like-may-determine-where-you-are-seated-in-a-restaurant/","",post,publish,exclude-legacy-post,no,no
"https://people.utm.my/murtadha/2016/01/06/atlanta-teacher-can-almost-compete-with-his-students-killer-dance-moves/","",post,publish,exclude-legacy-post,no,no
"https://people.utm.my/murtadha/2016/01/06/ronda-rousey-to-host-saturday-night-live/","",post,publish,exclude-legacy-post,no,no
"https://people.utm.my/murtadha/2016/01/06/the-dangers-of-the-iran-saudi-arabia-stand-off/","",post,publish,exclude-legacy-post,no,no
"https://people.utm.my/murtadha/2016/01/06/obama-takes-executive-action-on-guns-citing-fierce-urgency-of-now/","",post,publish,exclude-legacy-post,no,no
"https://people.utm.my/murtadha/2016/01/06/reddit-wants-to-glitter-bomb-the-militants-in-oregon/","",post,publish,exclude-legacy-post,no,no
"https://people.utm.my/murtadha/2016/01/06/guns-get-bad-publicity-which-sends-gun-sales-to-record-highs/","",post,publish,exclude-legacy-post,no,no
"https://people.utm.my/murtadha/2016/01/06/guy-fieri-wants-to-clog-your-arteries-for-700/","",post,publish,exclude-legacy-post,no,no
"https://people.utm.my/murtadha/2016/01/06/demi-lovato-and-fall-out-boys-music-video-is-an-nsync-tribute-why-not/","",post,publish,exclude-legacy-post,no,no
"https://people.utm.my/murtadha/2016/01/06/tom-daley-and-dustin-lance-black-get-hearts-fluttering-in-new-photoshoot/","",post,publish,exclude-legacy-post,no,no
"https://people.utm.my/murtadha/2016/01/06/virgin-galactic-will-unveil-a-revamped-space-plane-in-february/","",post,publish,exclude-legacy-post,no,no
"https://people.utm.my/murtadha/2016/01/06/vuze-virtual-reality-camera-lets-you-capture-your-own-360-degree-video/","",post,publish,exclude-legacy-post,no,no
"https://people.utm.my/murtadha/2016/01/06/dog-sneaks-into-luggage-gets-free-flight-to-japan/","",post,publish,exclude-legacy-post,no,no
"https://people.utm.my/murtadha/2016/01/06/vice-journalist-released-by-turkeys-government-after-131-days/","",post,publish,exclude-legacy-post,no,no
"https://people.utm.my/murtadha/2016/01/06/can-you-still-buy-a-gun-in-the-united-states/","",post,publish,exclude-legacy-post,no,no
"https://people.utm.my/murtadha/2016/01/06/striking-hubble-photo-shows-2-galaxies-merging-into-1/","",post,publish,exclude-legacy-post,no,no
"https://people.utm.my/murtadha/2016/01/06/well-bet-you-cant-pronounce-these-11-tongue-twisting-british-place-names/","",post,publish,exclude-legacy-post,no,no
"https://people.utm.my/murtadha/2016/01/06/the-picture-quality-on-lgs-oled-4k-tv-with-hdr-is-more-real-than-reality/","",post,publish,exclude-legacy-post,no,no
"https://people.utm.my/murtadha/2016/01/06/lgs-98-inch-8k-led-tv-is-stunning-but-theres-no-8k-content-to-watch-on-it/","",post,publish,exclude-legacy-post,no,no
"https://people.utm.my/murtadha/2016/01/06/lgs-new-laptop-just-might-be-the-lightest-15-inch-laptop-ever-made/","",post,publish,exclude-legacy-post,no,no
"https://people.utm.my/murtadha/2016/01/06/beyoncs-stylist-created-a-light-up-phone-case-to-make-your-selfies-flawless/","",post,publish,exclude-legacy-post,no,no
"https://people.utm.my/murtadha/2016/01/06/spokane-airport-closed-after-plane-slides-off-runway/","",post,publish,exclude-legacy-post,no,no
"https://people.utm.my/murtadha/2016/01/06/broadways-hamilton-lottery-goes-online-for-the-winter-breaks-the-internet/","",post,publish,exclude-legacy-post,no,no
"https://people.utm.my/murtadha/2016/01/06/super-metroid-is-a-lot-harder-when-everything-is-flipped-on-its-side/","",post,publish,exclude-legacy-post,no,no
"https://people.utm.my/murtadha/2016/01/06/john-stamos-basically-confirmed-he-hates-kids-and-late-night-show-games/","",post,publish,exclude-legacy-post,no,no
"https://people.utm.my/murtadha/2016/01/06/fitbit-unveils-red-hot-blaze-fitness-watch-and-it-looks-a-lot-like-the-apple-watch/","",post,publish,exclude-legacy-post,no,no
"https://people.utm.my/murtadha/2016/01/06/fathers-attempt-at-face-swap-with-baby-goes-not-well/","",post,publish,exclude-legacy-post,no,no
"https://people.utm.my/murtadha/2016/01/06/cute-koalas-mating-call-sounds-like-a-weird-sick-frog/","",post,publish,exclude-legacy-post,no,no
"https://people.utm.my/murtadha/2016/01/06/polaroid-snap-sticker-printer-camera-is-better-than-the-original-in-every-way/","",post,publish,exclude-legacy-post,no,no
"https://people.utm.my/murtadha/2016/01/06/apple-is-releasing-a-red-and-gold-watch-just-for-chinese-new-year/","",post,publish,exclude-legacy-post,no,no
"https://people.utm.my/murtadha/2016/01/05/star-wars-the-force-awakens-gets-a-pair-of-zen-pinball-tables/","",post,publish,exclude-legacy-post,no,no
"https://people.utm.my/murtadha/2016/01/05/smart-shower-head-will-help-you-cut-down-on-all-that-water-youre-wasting/","",post,publish,exclude-legacy-post,no,no
"https://people.utm.my/murtadha/2016/01/05/oculus-will-reward-its-original-kickstarter-backers-with-the-new-rift/","",post,publish,exclude-legacy-post,no,no
"https://people.utm.my/murtadha/2016/01/05/everyone-loves-to-talk-about-how-tired-they-are/","",post,publish,exclude-legacy-post,no,no
"https://people.utm.my/murtadha/2016/01/05/coachella-lineup-headlined-by-guns-n-roses-lcd-soundsystem/","",post,publish,exclude-legacy-post,no,no
"https://people.utm.my/murtadha/2016/01/05/better-call-saul-season-2-poster-is-full-of-breaking-bad-goodies/","",post,publish,exclude-legacy-post,no,no
"https://people.utm.my/murtadha/2016/01/05/passenger-attacks-co-pilot-on-klm-flight-to-beijing/","",post,publish,exclude-legacy-post,no,no
"https://people.utm.my/murtadha/2016/01/05/missing-3-year-old-found-in-parking-lot-hours-after-carjacking/","",post,publish,exclude-legacy-post,no,no
"https://people.utm.my/murtadha/2016/01/05/htc-vive-pre-is-a-killer-vr-experience/","",post,publish,exclude-legacy-post,no,no
"https://people.utm.my/murtadha/2016/01/05/bmw-debuts-laser-headlight-and-head-up-display-helmet-for-motorcycles/","",post,publish,exclude-legacy-post,no,no
"https://people.utm.my/murtadha/2016/01/05/bmws-i8-spyder-shows-how-youll-interact-with-screens-in-your-self-driving-car/","",post,publish,exclude-legacy-post,no,no
"https://people.utm.my/murtadha/2016/01/05/the-pelvic-thrust-lovelife-krush-exercises-your-bedroom-muscles/","",post,publish,exclude-legacy-post,no,no
"https://people.utm.my/murtadha/2016/01/05/seth-meyers-comes-back-from-vacation-in-making-a-murderer-parody/","",post,publish,exclude-legacy-post,no,no
"https://people.utm.my/murtadha/2016/01/05/fossil-is-planning-100-wearables-in-2016-will-we-see-a-michael-kors-smartwatch/","",post,publish,exclude-legacy-post,no,no
"https://people.utm.my/murtadha/2016/01/05/december-was-the-uks-wettest-and-warmest-month-on-record/","",post,publish,exclude-legacy-post,no,no
"https://people.utm.my/murtadha/2016/01/05/ted-cruz-may-have-trumped-the-donald-with-his-splashy-new-immigration-ad/","",post,publish,exclude-legacy-post,no,no
"https://people.utm.my/murtadha/2016/01/05/chelsea-handler-goes-from-frustrated-technophobe-to-app-creator-in-netflix-doc/","",post,publish,exclude-legacy-post,no,no
"https://people.utm.my/murtadha/2016/01/05/this-is-what-you-sound-like-when-you-talk-about-how-tired-you-are/","",post,publish,exclude-legacy-post,no,no
"https://people.utm.my/murtadha/2016/01/05/under-armours-healthbox-is-a-sleek-fitness-tracking-starter-kit-in-a-pricey-box/","",post,publish,exclude-legacy-post,no,no
"https://people.utm.my/murtadha/2016/01/05/samuel-l-jackson-puts-his-own-spin-on-iconic-movie-lines/","",post,publish,exclude-legacy-post,no,no
"https://people.utm.my/murtadha/2016/01/05/under-armours-gemini-2-sneakers-are-fitness-trackers-for-your-feet/","",post,publish,exclude-legacy-post,no,no
"https://people.utm.my/murtadha/2016/01/05/fox-gives-the-martian-the-full-virtual-reality-treatment/","",post,publish,exclude-legacy-post,no,no
"https://people.utm.my/murtadha/2016/01/05/the-misfit-ray-is-the-fashionable-fitness-tracker-weve-been-waiting-for/","",post,publish,exclude-legacy-post,no,no
"https://people.utm.my/murtadha/2016/01/05/can-3-kids-pass-a-handgun-licensing-exam/","",post,publish,exclude-legacy-post,no,no
"https://people.utm.my/murtadha/2016/01/05/gogoro-eyes-more-cities-for-its-smartphone-connected-electric-scooters/","",post,publish,exclude-legacy-post,no,no
"https://people.utm.my/murtadha/2016/01/05/canon-gives-a-big-boost-to-its-vixia-camcorders-and-powershot-cameras/","",post,publish,exclude-legacy-post,no,no
"https://people.utm.my/murtadha/2016/01/05/kementerian-buat-laporan-polis-berhubung-kebocoran-data-pelajar/","",post,publish,exclude-legacy-post,no,no
"https://people.utm.my/murtadha/2016/01/05/this-british-guy-is-photographing-the-angry-notes-he-finds-stuck-on-parked-cars/","",post,publish,exclude-legacy-post,no,no
"https://people.utm.my/murtadha/2016/01/05/ketetapan-kerjasama-pas-umno-sudah-dibuat-majlis-syura-ulama/","",post,publish,exclude-legacy-post,no,no
"https://people.utm.my/murtadha/2016/01/05/what-we-know-about-the-bouncy-castle-businessman-thought-to-be-fronting-isis-video/","",post,publish,exclude-legacy-post,no,no
"https://people.utm.my/murtadha/2016/01/05/ecoreco-m5-air-is-a-sweet-electric-scooter-at-a-not-so-sweet-price/","",post,publish,exclude-legacy-post,no,no
"https://people.utm.my/murtadha/2016/01/05/bradley-coopers-fondest-birthday-memories-took-place-at-mcdonalds/","",post,publish,exclude-legacy-post,no,no
"https://people.utm.my/murtadha/2016/01/05/7-food-celebs-admit-their-fast-food-guilty-pleasures/","",post,publish,exclude-legacy-post,no,no
"https://people.utm.my/murtadha/2016/01/05/the-undateables-left-twitter-in-a-knot-about-rugby-player-tom/","",post,publish,exclude-legacy-post,no,no
"https://people.utm.my/murtadha/2016/01/05/this-a-capella-medley-is-the-perfect-birthday-tribute-to-ar-rahman/","",post,publish,exclude-legacy-post,no,no
"https://people.utm.my/murtadha/2016/01/05/chinese-village-builds-120-foot-gold-statue-of-a-leader-blamed-for-millions-of-deaths/","",post,publish,exclude-legacy-post,no,no
"https://people.utm.my/murtadha/2016/01/05/fluffy-fat-cat-pics-hijack-pay-gap-inequality-campaign-fatcattuesday/","",post,publish,exclude-legacy-post,no,no
"https://people.utm.my/murtadha/2016/01/05/7-ways-to-answer-what-do-you-do-without-selling-yourself-short/","",post,publish,exclude-legacy-post,no,no
"https://people.utm.my/murtadha/2016/01/05/malaysia-airlines-kenakan-had-kebenaran-bagasi-laluan-kl-eropah/","",post,publish,exclude-legacy-post,no,no
"https://people.utm.my/murtadha/2016/01/05/18-panoramic-fails-that-turned-vacation-into-a-scary-place/","",post,publish,exclude-legacy-post,no,no
"https://people.utm.my/murtadha/2016/01/05/worlds-largest-blue-star-sapphire-discovered-in-sri-lanka/","",post,publish,exclude-legacy-post,no,no
"https://people.utm.my/murtadha/2016/01/05/childrens-bodies-wash-up-on-turkish-beach-after-latest-migrant-tragedy/","",post,publish,exclude-legacy-post,no,no
"https://people.utm.my/murtadha/2016/01/05/this-could-be-the-most-horrendously-awkward-moment-of-any-british-reality-tv-show/","",post,publish,exclude-legacy-post,no,no
"https://people.utm.my/murtadha/2016/01/05/hps-elitebook-folio-g1-is-its-answer-to-the-macbook/","",post,publish,exclude-legacy-post,no,no
"https://people.utm.my/murtadha/2016/01/05/you-can-now-control-your-volvo-by-voice-with-a-microsoft-band-2/","",post,publish,exclude-legacy-post,no,no
"https://people.utm.my/murtadha/2016/01/05/thousands-of-pink-bottles-wash-up-on-english-beaches/","",post,publish,exclude-legacy-post,no,no
"https://people.utm.my/murtadha/2016/01/05/8-hip-adult-lunch-boxes-your-co-workers-will-try-to-steal/","",post,publish,exclude-legacy-post,no,no
"https://people.utm.my/murtadha/2016/01/05/rich-venture-capitalist-says-startups-create-social-inequality-and-thats-cool-with-him/","",post,publish,exclude-legacy-post,no,no
"https://people.utm.my/murtadha/2016/01/05/lahad-datu-pendakwaan-tutup-kes-tanpa-panggil-saksi-utama/","",post,publish,exclude-legacy-post,no,no
"https://people.utm.my/murtadha/2016/01/05/what-to-expect-at-the-new-massive-national-gallery-singapore/","",post,publish,exclude-legacy-post,no,no
"https://people.utm.my/murtadha/2016/01/05/1987-at-home-with-donald-trump/","",post,publish,exclude-legacy-post,no,no
"https://people.utm.my/murtadha/2016/01/05/chinas-famous-harbin-festival-opens-its-chilly-winter-wonderland/","",post,publish,exclude-legacy-post,no,no
"https://people.utm.my/murtadha/2016/01/05/faraday-future-ffzero1-concept-car-at-ces-2016-looks-amazing/","",post,publish,exclude-legacy-post,no,no
"https://people.utm.my/murtadha/2016/01/05/a-tuna-sold-for-118000-in-new-years-auction-at-japans-most-famous-fish-market/","",post,publish,exclude-legacy-post,no,no
"https://people.utm.my/murtadha/2016/01/05/mumbai-schoolboy-becomes-first-player-to-score-1000-runs-in-any-form-of-cricket/","",post,publish,exclude-legacy-post,no,no
"https://people.utm.my/murtadha/2016/01/05/young-refugees-struggle-to-hold-on-to-their-childhood/","",post,publish,exclude-legacy-post,no,no
"https://people.utm.my/murtadha/2016/01/05/uk-grants-asylum-to-man-who-walked-through-channel-tunnel/","",post,publish,exclude-legacy-post,no,no
"https://people.utm.my/murtadha/2016/01/05/helix-cuff-bluetooth-wearable-headphones-you-keep-around-your-wrist/","",post,publish,exclude-legacy-post,no,no
"https://people.utm.my/murtadha/2016/01/05/why-hong-kongs-missing-booksellers-are-raising-fears-of-suppression-under-the-mainland/","",post,publish,exclude-legacy-post,no,no
"https://people.utm.my/murtadha/2016/01/05/with-4th-gen-uconnect-fiat-chrysler-embraces-carplay-and-android-auto/","",post,publish,exclude-legacy-post,no,no
"https://people.utm.my/murtadha/2016/01/05/worlds-most-polluted-city-delhi-starts-its-odd-even-experiment-to-reduce-air-pollution/","",post,publish,exclude-legacy-post,no,no
"https://people.utm.my/murtadha/2016/01/05/the-bachelor-premiere-ben-higgins-is-americas-most-vanilla-gible-man/","",post,publish,exclude-legacy-post,no,no
"https://people.utm.my/murtadha/2016/01/05/sheep-finally-sheared-after-6-years-of-being-lost-in-the-wilderness/","",post,publish,exclude-legacy-post,no,no
"https://people.utm.my/murtadha/2016/01/05/faraday-future-used-virtual-reality-to-create-ffzero1-in-18-months/","",post,publish,exclude-legacy-post,no,no
"https://people.utm.my/murtadha/2016/01/05/doritos-super-bowl-ads-are-back-and-aussies-are-crunching-the-competition/","",post,publish,exclude-legacy-post,no,no
"https://people.utm.my/murtadha/2016/01/05/mark-zuckerberg-wants-us-to-run-a-mile-a-day-in-2016-but-hes-doing-it-wrong/","",post,publish,exclude-legacy-post,no,no
"https://people.utm.my/murtadha/2016/01/05/this-transforming-robot-rolls-around-your-home-and-shoots-projections-everywhere/","",post,publish,exclude-legacy-post,no,no
"https://people.utm.my/murtadha/2016/01/05/cricketers-sexist-behaviour-spotlights-how-female-sports-reporters-are-treated/","",post,publish,exclude-legacy-post,no,no
"https://people.utm.my/murtadha/2016/01/05/gold-nexus-6p-now-available-in-the-u-s-from-google-store-and-best-buy/","",post,publish,exclude-legacy-post,no,no
"https://people.utm.my/murtadha/2016/01/05/the-mysterious-deaths-of-two-drunk-north-korean-doctors/","",post,publish,exclude-legacy-post,no,no
"https://people.utm.my/murtadha/2016/01/05/i-shot-rockets-at-helicopters-with-my-eyes-in-grand-theft-auto-and-it-rocked/","",post,publish,exclude-legacy-post,no,no
"https://people.utm.my/murtadha/2016/01/05/ford-is-developing-vehicle-to-drone-communication-to-aid-u-n-disaster-relief/","",post,publish,exclude-legacy-post,no,no
"https://people.utm.my/murtadha/2016/01/05/sphero-bb-8-at-ces-2016-lets-you-really-tap-into-the-force/","",post,publish,exclude-legacy-post,no,no
"https://people.utm.my/murtadha/2016/01/05/electronics-retailer-dick-smith-goes-under-gift-cards-and-deposits-wont-be-refunded/","",post,publish,exclude-legacy-post,no,no
"https://people.utm.my/murtadha/2016/01/05/faraday-futures-1000-horsepower-ffzero1-should-make-tesla-very-very-nervous/","",post,publish,exclude-legacy-post,no,no
"https://people.utm.my/murtadha/2016/01/05/the-5-best-announcements-from-ces-2016-so-far/","",post,publish,exclude-legacy-post,no,no
"https://people.utm.my/murtadha/2016/01/05/20-year-old-invents-a-device-to-stop-teens-texting-behind-the-wheel/","",post,publish,exclude-legacy-post,no,no
"https://people.utm.my/murtadha/2016/01/05/this-149-flexible-selfie-camera-wraps-around-your-wrist/","",post,publish,exclude-legacy-post,no,no
"https://people.utm.my/murtadha/2016/01/05/lenovo-vibe-s1-lites-front-flash-helps-you-take-better-selfies-in-the-dark/","",post,publish,exclude-legacy-post,no,no
"https://people.utm.my/murtadha/2016/01/05/lenovos-carbon-fiber-yoga-900s-is-worlds-thinnest-convertible-laptop/","",post,publish,exclude-legacy-post,no,no
"https://people.utm.my/murtadha/2016/01/05/you-can-control-the-temperature-in-these-smart-shoes/","",post,publish,exclude-legacy-post,no,no
"https://people.utm.my/murtadha/2016/01/05/9-alternatives-to-where-white-people-meet-a-real-dating-site-in-2016/","",post,publish,exclude-legacy-post,no,no
"https://people.utm.my/murtadha/2016/01/05/this-is-how-you-take-your-temperature-in-2016/","",post,publish,exclude-legacy-post,no,no
"https://people.utm.my/murtadha/2016/01/05/protesters-just-keep-coming-at-donald-trump-rally-in-massachusetts/","",post,publish,exclude-legacy-post,no,no
"https://people.utm.my/murtadha/2016/01/05/massive-parrot-disco-will-make-you-a-real-drone-pilot/","",post,publish,exclude-legacy-post,no,no
"https://people.utm.my/murtadha/2016/01/05/american-idol-hopeful-kanye-west-impresses-during-audition/","",post,publish,exclude-legacy-post,no,no
"https://people.utm.my/murtadha/2016/01/05/sheila-the-sheep-gets-sheared-after-going-missing-for-6-years/","",post,publish,exclude-legacy-post,no,no
"https://people.utm.my/murtadha/2016/01/05/mans-inspiring-final-facebook-post-lives-on-after-his-death/","",post,publish,exclude-legacy-post,no,no
"https://people.utm.my/murtadha/2016/01/05/soon-you-will-manipulate-bb-8-using-the-force/","",post,publish,exclude-legacy-post,no,no
"https://people.utm.my/murtadha/2016/01/05/bail-approved-for-ex-cop-charged-in-walter-scotts-shooting-death/","",post,publish,exclude-legacy-post,no,no
"https://people.utm.my/murtadha/2016/01/05/magical-gadget-scans-your-food-to-reveal-its-nutritional-value/","",post,publish,exclude-legacy-post,no,no
"https://people.utm.my/murtadha/2016/01/05/obama-moves-to-expand-background-checks-to-more-gun-sales/","",post,publish,exclude-legacy-post,no,no
"https://people.utm.my/murtadha/2016/01/05/a-family-lost-their-home-after-kids-hoverboard-causes-house-fire/","",post,publish,exclude-legacy-post,no,no
"https://people.utm.my/murtadha/2016/01/05/keeps-tabs-on-mysterious-cars-lurking-animals-with-this-smart-security-camera/","",post,publish,exclude-legacy-post,no,no
"https://people.utm.my/murtadha/2016/01/05/insane-giant-drone-for-consumers-will-fly-at-50-mph/","",post,publish,exclude-legacy-post,no,no
"https://people.utm.my/murtadha/2016/01/05/shark-tied-to-a-cars-bullbar-is-the-most-australian-thing-youll-ever-see/","",post,publish,exclude-legacy-post,no,no
"https://people.utm.my/murtadha/2016/01/05/glorious-inflatable-hoodie-lets-you-nap-wherever-you-damn-please/","",post,publish,exclude-legacy-post,no,no
"https://people.utm.my/murtadha/2016/01/05/the-force-awakens-still-isnt-no-1-in-these-categories-for-now/","",post,publish,exclude-legacy-post,no,no
"https://people.utm.my/murtadha/2016/01/05/twitter-account-spotlights-the-loneliness-of-luke-skywalker/","",post,publish,exclude-legacy-post,no,no
"https://people.utm.my/murtadha/2016/01/05/tesla-model-s-burns-to-rubble-at-charging-station-in-norway/","",post,publish,exclude-legacy-post,no,no
"https://people.utm.my/murtadha/2016/01/05/1983-the-gold-bikini-at-the-beach-because-that-makes-sense/","",post,publish,exclude-legacy-post,no,no
"https://people.utm.my/murtadha/2016/01/05/rey-isnt-included-in-the-new-star-wars-edition-of-monopoly/","",post,publish,exclude-legacy-post,no,no
"https://people.utm.my/murtadha/2016/01/05/arctic-outbreak-barreling-toward-u-s-may-be-storm-franks-revenge/","",post,publish,exclude-legacy-post,no,no
"https://people.utm.my/murtadha/2016/01/05/samsungs-tiny-t3-ssd-is-still-smaller-than-a-business-card-now-holds-2tb/","",post,publish,exclude-legacy-post,no,no
"https://people.utm.my/murtadha/2016/01/05/cricket-superstar-chris-gayle-harasses-female-tv-reporter-in-cringeworthy-interview/","",post,publish,exclude-legacy-post,no,no
"https://people.utm.my/murtadha/2016/01/05/samsung-galaxy-s7-will-be-water-resistant-and-have-microsd-slot-report-says/","",post,publish,exclude-legacy-post,no,no
"https://people.utm.my/murtadha/2016/01/05/choose-your-own-adventure-this-vibrator-connects-to-naughty-e-books/","",post,publish,exclude-legacy-post,no,no
"https://people.utm.my/murtadha/2016/01/05/playstation-network-is-down-but-we-dont-know-why/","",post,publish,exclude-legacy-post,no,no
"https://people.utm.my/murtadha/2016/01/05/major-league-gaming-snapped-up-by-activision-starts-a-big-2016-for-esports/","",post,publish,exclude-legacy-post,no,no
"https://people.utm.my/murtadha/2016/01/05/self-driving-volvo-cars-will-stream-your-favorite-show-during-the-ride/","",post,publish,exclude-legacy-post,no,no
"https://people.utm.my/murtadha/2016/01/05/little-kids-can-not-handle-their-need-for-an-iphone/","",post,publish,exclude-legacy-post,no,no
"https://people.utm.my/murtadha/2016/01/05/nobody-knows-why-this-cat-is-dressed-as-a-monkey-but-we-can-still-be-happy-about-it/","",post,publish,exclude-legacy-post,no,no
"https://people.utm.my/murtadha/2016/01/05/baywatch-movie-lands-its-c-j-a-k-a-the-pamela-anderson-role/","",post,publish,exclude-legacy-post,no,no
"https://people.utm.my/murtadha/2016/01/05/9-fan-theories-that-unveil-the-deeper-meaning-of-taylor-swifts-out-of-the-woods/","",post,publish,exclude-legacy-post,no,no
"https://people.utm.my/murtadha/2016/01/05/marc-jacobs-is-a-bigger-zoolander-fan-than-you/","",post,publish,exclude-legacy-post,no,no
"https://people.utm.my/murtadha/2016/01/05/the-first-printed-copy-of-shakespeares-plays-is-going-on-tour/","",post,publish,exclude-legacy-post,no,no
"https://people.utm.my/murtadha/2016/01/05/donald-trumps-campaign-ad-screws-up-basic-geography/","",post,publish,exclude-legacy-post,no,no
"https://people.utm.my/murtadha/2016/01/05/an-80-piece-choir-sings-the-music-of-skyrim-minecraft-and-more/","",post,publish,exclude-legacy-post,no,no
"https://people.utm.my/murtadha/2016/01/05/some-pizza-hut-staffers-rang-in-2016-with-what-else-bong-hits-at-pizza-hut/","",post,publish,exclude-legacy-post,no,no
"https://people.utm.my/murtadha/2016/01/05/show-us-the-sleek-gadgets-youre-packing-for-ces/","",post,publish,exclude-legacy-post,no,no
"https://people.utm.my/murtadha/2016/01/05/see-the-mesmerizing-trailer-for-werner-herzogs-internet-documentary/","",post,publish,exclude-legacy-post,no,no
"https://people.utm.my/murtadha/2016/01/05/little-girl-found-a-lasting-friendship-with-this-pair-of-mannequins/","",post,publish,exclude-legacy-post,no,no
"https://people.utm.my/murtadha/2016/01/05/comeback-kid-bill-clinton-hits-the-campaign-trail-in-new-hampshire/","",post,publish,exclude-legacy-post,no,no
"https://people.utm.my/murtadha/2016/01/05/there-is-no-sadness-like-this-raccoon-dropping-his-candy-in-a-puddle/","",post,publish,exclude-legacy-post,no,no
"https://people.utm.my/murtadha/2016/01/05/jaden-smith-is-now-getting-paid-to-wear-womens-clothing/","",post,publish,exclude-legacy-post,no,no
"https://people.utm.my/murtadha/2016/01/05/anti-government-militias-have-surged-since-obama-was-elected/","",post,publish,exclude-legacy-post,no,no
"https://people.utm.my/murtadha/2016/01/05/man-not-impressed-when-he-learns-log-in-the-road-is-just-an-alligator/","",post,publish,exclude-legacy-post,no,no
"https://people.utm.my/murtadha/2016/01/05/missing-country-singer-found-dead-in-oklahoma-lake/","",post,publish,exclude-legacy-post,no,no
"https://people.utm.my/murtadha/2016/01/05/goodbye-yahoo-screen-yahoo-axes-video-service/","",post,publish,exclude-legacy-post,no,no
"https://people.utm.my/murtadha/2016/01/05/the-ranchers-at-the-center-of-the-oregon-standoff/","",post,publish,exclude-legacy-post,no,no
"https://people.utm.my/murtadha/2016/01/05/lg-to-show-off-rollable-18-inch-oled-display-at-ces/","",post,publish,exclude-legacy-post,no,no
"https://people.utm.my/murtadha/2016/01/05/the-new-starbucks-latte-macchiato-might-sound-like-a-joke-but-it-sure-looks-pretty/","",post,publish,exclude-legacy-post,no,no
"https://people.utm.my/murtadha/2016/01/05/slang-youll-need-to-know-to-stay-wicked-cool-in-2016/","",post,publish,exclude-legacy-post,no,no
"https://people.utm.my/murtadha/2016/01/05/everyone-can-relate-to-this-childs-reaction-to-going-back-to-school/","",post,publish,exclude-legacy-post,no,no
"https://people.utm.my/murtadha/2016/01/05/uncooperative-volkwagen-finally-feels-wrath-of-u-s-government-in-environmental-lawsuit/","",post,publish,exclude-legacy-post,no,no
"https://people.utm.my/murtadha/2016/01/05/a-giant-supercut-of-the-biggest-romantic-movies-is-your-winter-inspiration/","",post,publish,exclude-legacy-post,no,no
"https://people.utm.my/murtadha/2016/01/05/oculus-pre-order-date-could-get-rift-in-our-hands-in-2-4-weeks/","",post,publish,exclude-legacy-post,no,no
"https://people.utm.my/murtadha/2016/01/05/7-stages-of-grief-game-of-thrones-fans-are-feeling-thanks-to-the-winters-of-winter-delay/","",post,publish,exclude-legacy-post,no,no
"https://people.utm.my/murtadha/2016/01/05/bills-fan-sets-himself-on-fire-flames-are-extinguished-with-beer/","",post,publish,exclude-legacy-post,no,no
"https://people.utm.my/murtadha/2016/01/05/nightclub-bouncer-wears-gopro-to-show-the-terrors-of-working-nye/","",post,publish,exclude-legacy-post,no,no
"https://people.utm.my/murtadha/2016/01/05/sacr-bleu-restaurants-in-france-now-have-to-give-out-doggy-bags/","",post,publish,exclude-legacy-post,no,no
"https://people.utm.my/murtadha/2016/01/05/how-newyork-presbyterian-hospital-built-a-patient-first-marketing-strategy/","",post,publish,exclude-legacy-post,no,no
"https://people.utm.my/murtadha/2016/01/05/u-s-cautious-as-tensions-rise-in-middle-east-over-saudi-iran-dispute/","",post,publish,exclude-legacy-post,no,no
"https://people.utm.my/murtadha/2016/01/05/ambitious-child-tries-to-get-1-more-week-off-with-believable-letter/","",post,publish,exclude-legacy-post,no,no
"https://people.utm.my/murtadha/2016/01/05/mark-zuckerbergs-brilliant-dating-advice-for-young-women-is-to-be-the-nerd-they-want-to-date/","",post,publish,exclude-legacy-post,no,no
"https://people.utm.my/murtadha/2016/01/05/judd-apatows-netflix-series-love-gets-premiere-date-teaser/","",post,publish,exclude-legacy-post,no,no
"https://people.utm.my/murtadha/2016/01/05/deadly-earthquake-strikes-indias-manipur-state-and-bangladesh/","",post,publish,exclude-legacy-post,no,no
"https://people.utm.my/murtadha/2016/01/05/smart-air-purifier-airmega-is-your-clean-air-police/","",post,publish,exclude-legacy-post,no,no
"https://people.utm.my/murtadha/2016/01/05/attention-nerds-the-periodic-table-is-getting-four-new-elements/","",post,publish,exclude-legacy-post,no,no
"https://people.utm.my/murtadha/2016/01/05/charlie-hebdo-cover-1-year-after-attack-religion-is-the-murderer/","",post,publish,exclude-legacy-post,no,no
"https://people.utm.my/murtadha/2016/01/05/british-man-makes-horse-penis-joke-on-facebook-faces-5-years-in-kyrgyzstan-prison/","",post,publish,exclude-legacy-post,no,no
"https://people.utm.my/murtadha/2016/01/05/looking-for-love-skip-date-night-and-share-a-delicious-dinner-with-your-dog/","",post,publish,exclude-legacy-post,no,no
"https://people.utm.my/murtadha/2016/01/05/tim-peake-just-beamed-a-message-to-the-queen-from-space/","",post,publish,exclude-legacy-post,no,no
"https://people.utm.my/murtadha/2016/01/05/oculus-rift-pre-orders-open-this-week-but-theres-still-no-price/","",post,publish,exclude-legacy-post,no,no
"https://people.utm.my/murtadha/2016/01/05/finally-a-calendar-for-artful-back-hair/","",post,publish,exclude-legacy-post,no,no
"https://people.utm.my/murtadha/2016/01/05/yall-qaeda-people-arent-taking-the-armed-militia-in-oregon-too-seriously/","",post,publish,exclude-legacy-post,no,no
"https://people.utm.my/murtadha/2016/01/05/griffins-genius-new-cable-brings-magsafe-back-to-the-macbook/","",post,publish,exclude-legacy-post,no,no
"https://people.utm.my/murtadha/2016/01/05/george-r-r-martin-finds-fan-support-for-unfinished-book-astonishing/","",post,publish,exclude-legacy-post,no,no
"https://people.utm.my/murtadha/2016/01/05/channing-tatum-went-full-elsa-for-frozen-cover/","",post,publish,exclude-legacy-post,no,no
"https://people.utm.my/murtadha/2016/01/05/inside-out-without-the-emotions-is-still-a-tear-jerker/","",post,publish,exclude-legacy-post,no,no
"https://people.utm.my/murtadha/2016/01/05/majestic-clydesdale-horse-masterfully-photobombs-little-girl/","",post,publish,exclude-legacy-post,no,no
"https://people.utm.my/murtadha/2016/01/05/youll-be-able-to-call-a-self-driving-car-to-pick-you-up-as-lyft-and-gm-challenge-uber/","",post,publish,exclude-legacy-post,no,no
"https://people.utm.my/murtadha/2016/01/05/over-150k-sign-petition-demanding-making-a-murderer-subject-steven-averys-release/","",post,publish,exclude-legacy-post,no,no
"https://people.utm.my/murtadha/2016/01/04/new-app-shows-how-many-cubes-of-sugar-are-in-your-favourite-foods/","",post,publish,exclude-legacy-post,no,no
"https://people.utm.my/murtadha/2016/01/04/adeles-25-was-the-best-selling-album-of-2015-to-no-ones-surprise/","",post,publish,exclude-legacy-post,no,no
"https://people.utm.my/murtadha/2016/01/04/china-starts-2016-with-a-stock-market-crash-and-america-is-really-worried/","",post,publish,exclude-legacy-post,no,no
"https://people.utm.my/murtadha/2016/01/04/here-are-all-the-box-office-records-star-wars-hasnt-broken-yet/","",post,publish,exclude-legacy-post,no,no
"https://people.utm.my/murtadha/2016/01/04/watch-the-transformers-trailer-reimagined-as-a-50s-monster-movie/","",post,publish,exclude-legacy-post,no,no
"https://people.utm.my/murtadha/2016/01/04/toyota-embraces-big-data-and-fords-open-source-smartdevicelink-at-ces/","",post,publish,exclude-legacy-post,no,no
"https://people.utm.my/murtadha/2016/01/04/windows-10-hits-200-million-devices-in-record-time/","",post,publish,exclude-legacy-post,no,no
"https://people.utm.my/murtadha/2016/01/04/stuart-scotts-daughters-share-a-touching-tribute-to-their-father/","",post,publish,exclude-legacy-post,no,no
"https://people.utm.my/murtadha/2016/01/04/anne-hathaway-shows-off-her-baby-bump-in-bikini-photo/","",post,publish,exclude-legacy-post,no,no
"https://people.utm.my/murtadha/2016/01/04/emma-watson-cant-wait-to-see-noma-dumezweni-as-hermione-in-potter-play/","",post,publish,exclude-legacy-post,no,no
"https://people.utm.my/murtadha/2016/01/04/star-wars-sinks-titanic-sets-sights-on-avatar-records/","",post,publish,exclude-legacy-post,no,no
"https://people.utm.my/murtadha/2016/01/04/dogs-and-their-humans-eating-off-the-same-plate-is-cuter-than-it-sounds/","",post,publish,exclude-legacy-post,no,no
"https://people.utm.my/murtadha/2016/01/04/how-to-follow-mashable-at-ces-2016/","",post,publish,exclude-legacy-post,no,no
"https://people.utm.my/murtadha/2016/01/04/new-electric-skateboard-can-be-controlled-with-your-iphone/","",post,publish,exclude-legacy-post,no,no
"https://people.utm.my/murtadha/2016/01/04/a-2-year-old-boy-is-the-first-refugee-to-drown-in-2016/","",post,publish,exclude-legacy-post,no,no
"https://people.utm.my/murtadha/2016/01/04/uk-should-strip-gender-from-passports-driving-licences/","",post,publish,exclude-legacy-post,no,no
"https://people.utm.my/murtadha/2016/01/04/a-manifesto-for-airplane-passengers-in-2016/","",post,publish,exclude-legacy-post,no,no
"https://people.utm.my/murtadha/2016/01/04/the-name-liquid-jade-primo-is-probably-the-coolest-part-of-this-phone/","",post,publish,exclude-legacy-post,no,no
"https://people.utm.my/murtadha/2016/01/04/acers-revamps-2-in-1-with-sleeker-design-4k-option-and-thunderbolt-3/","",post,publish,exclude-legacy-post,no,no
"https://people.utm.my/murtadha/2016/01/04/acer-refreshes-chromebook-announces-all-in-one-chromebase/","",post,publish,exclude-legacy-post,no,no
"https://people.utm.my/murtadha/2016/01/04/bbcs-sherlock-explained-in-2-minutes/","",post,publish,exclude-legacy-post,no,no
"https://people.utm.my/murtadha/2016/01/04/people-are-baffled-by-bbc-threes-appalling-new-logo/","",post,publish,exclude-legacy-post,no,no
"https://people.utm.my/murtadha/2016/01/04/trumps-first-tv-ad-restates-controversial-muslim-ban-proposal/","",post,publish,exclude-legacy-post,no,no
"https://people.utm.my/murtadha/2016/01/04/bollywood-superstar-salman-khan-asked-to-change-the-name-of-his-new-shopping-portal/","",post,publish,exclude-legacy-post,no,no
"https://people.utm.my/murtadha/2016/01/04/man-with-british-accent-sends-message-to-david-cameron-in-new-isis-video/","",post,publish,exclude-legacy-post,no,no
"https://people.utm.my/murtadha/2016/01/04/sweden-tightens-border-with-denmark-to-keep-out-migrants/","",post,publish,exclude-legacy-post,no,no
"https://people.utm.my/murtadha/2016/01/04/tom-daley-has-a-spectacular-frying-pan-and-people-cant-cope/","",post,publish,exclude-legacy-post,no,no
"https://people.utm.my/murtadha/2016/01/04/starbucks-newest-drink-is-the-latte-macchiato-wtf-is-that/","",post,publish,exclude-legacy-post,no,no
"https://people.utm.my/murtadha/2016/01/04/irish-people-reacting-to-the-most-controversial-bits-of-fox-news-is-just-brilliant/","",post,publish,exclude-legacy-post,no,no
"https://people.utm.my/murtadha/2016/01/04/philippines-reports-760-firework-related-injuries-after-the-festive-season/","",post,publish,exclude-legacy-post,no,no
"https://people.utm.my/murtadha/2016/01/04/this-guy-knows-the-true-meaning-of-slinky-kung-fu/","",post,publish,exclude-legacy-post,no,no
"https://people.utm.my/murtadha/2016/01/04/media-molecules-siobhan-reddy-shows-gaming-what-diversity-can-do/","",post,publish,exclude-legacy-post,no,no
"https://people.utm.my/murtadha/2016/01/04/this-astronaut-is-sharing-stunning-photographs-of-south-india-from-space/","",post,publish,exclude-legacy-post,no,no
"https://people.utm.my/murtadha/2016/01/04/burger-joint-singapore-will-faithfully-recreate-new-york-sensation-says-franchisee/","",post,publish,exclude-legacy-post,no,no
"https://people.utm.my/murtadha/2016/01/04/malaysias-schools-to-give-anti-isis-lessons-to-kids/","",post,publish,exclude-legacy-post,no,no
"https://people.utm.my/murtadha/2016/01/04/let-a-male-model-teach-you-aussie-slang-like-gday-mate-in-sign-language/","",post,publish,exclude-legacy-post,no,no
"https://people.utm.my/murtadha/2016/01/04/seven-killed-as-terror-attack-on-indias-pathankot-air-base-enters-its-third-day/","",post,publish,exclude-legacy-post,no,no
"https://people.utm.my/murtadha/2016/01/04/forget-the-pretzels-a-george-costanza-themed-bar-will-make-you-thirsty/","",post,publish,exclude-legacy-post,no,no
"https://people.utm.my/murtadha/2016/01/04/why-singapore-is-the-next-big-name-at-the-forefront-of-cancer-research-and-early-detection/","",post,publish,exclude-legacy-post,no,no
"https://people.utm.my/murtadha/2016/01/04/downton-abbey-executive-producer-breaks-down-season-6-premiere/","",post,publish,exclude-legacy-post,no,no
"https://people.utm.my/murtadha/2016/01/04/kpc-nafi-limpahan-bauksit-dari-pelabuhan-kuantan/","",post,publish,exclude-legacy-post,no,no
"https://people.utm.my/murtadha/2016/01/04/you-can-live-on-a-street-named-after-acdc-frontman-bon-scott-in-australia/","",post,publish,exclude-legacy-post,no,no
"https://people.utm.my/murtadha/2016/01/04/ford-sync-adds-android-auto-more-applink-apps-and-4g-lte-for-2017/","",post,publish,exclude-legacy-post,no,no
"https://people.utm.my/murtadha/2016/01/04/woman-makes-the-sweetest-wraps-to-cuddle-and-calm-orphaned-baby-bats/","",post,publish,exclude-legacy-post,no,no
"https://people.utm.my/murtadha/2016/01/04/alcatels-new-line-includes-its-first-windows-10-tablet-childrens-gps-watch/","",post,publish,exclude-legacy-post,no,no
"https://people.utm.my/murtadha/2016/01/04/lenovo-unveils-trio-of-droolworthy-thinkpads-including-a-modular-tablet/","",post,publish,exclude-legacy-post,no,no
"https://people.utm.my/murtadha/2016/01/04/6-7-magnitude-quake-hits-indias-northeast/","",post,publish,exclude-legacy-post,no,no
"https://people.utm.my/murtadha/2016/01/04/its-2016-so-naturally-mark-zuckerberg-wants-to-build-himself-an-ai-butler/","",post,publish,exclude-legacy-post,no,no
"https://people.utm.my/murtadha/2016/01/04/ntsb-releases-first-photos-of-freighter-sunk-by-hurricane-joaquin/","",post,publish,exclude-legacy-post,no,no
"https://people.utm.my/murtadha/2016/01/04/arab-saudi-putus-hubungan-diplomatik-dengan-iran/","",post,publish,exclude-legacy-post,no,no
"https://people.utm.my/murtadha/2016/01/04/veteran-tips-for-first-timers-at-ces-2016/","",post,publish,exclude-legacy-post,no,no
"https://people.utm.my/murtadha/2016/01/04/everton-seri-tanpa-jaringan-berdepan-spurs/","",post,publish,exclude-legacy-post,no,no
"https://people.utm.my/murtadha/2016/01/04/aussie-politician-calls-journalist-a-mad-fcking-witch-in-accidental-text/","",post,publish,exclude-legacy-post,no,no
"https://people.utm.my/murtadha/2016/01/04/saudi-arabia-cuts-ties-with-iran-after-protesters-burn-saudi-embassy/","",post,publish,exclude-legacy-post,no,no
"https://people.utm.my/murtadha/2016/01/04/where-to-go-in-2016-start-making-your-travel-plans-for-the-new-year-now/","",post,publish,exclude-legacy-post,no,no
"https://people.utm.my/murtadha/2016/01/04/video-offers-peek-at-samsungs-virtual-reality-hand-controllers-for-gear-vr/","",post,publish,exclude-legacy-post,no,no
"https://people.utm.my/murtadha/2016/01/04/foster-child-steals-the-show-at-hillary-clinton-town-hall/","",post,publish,exclude-legacy-post,no,no
"https://people.utm.my/murtadha/2016/01/04/california-cracks-down-on-hoverboards-with-new-safety-restrictions/","",post,publish,exclude-legacy-post,no,no
"https://people.utm.my/murtadha/2016/01/04/oregon-militant-leader-the-people-have-been-abused-long-enough/","",post,publish,exclude-legacy-post,no,no
"https://people.utm.my/murtadha/2016/01/04/anger-over-law-enforcement-media-response-to-militants-in-oregon/","",post,publish,exclude-legacy-post,no,no
"https://people.utm.my/murtadha/2016/01/04/these-are-the-armed-militants-occupying-a-federal-building-in-oregon/","",post,publish,exclude-legacy-post,no,no
"https://people.utm.my/murtadha/2016/01/04/9-technologies-to-watch-in-2016/","",post,publish,exclude-legacy-post,no,no
"https://people.utm.my/murtadha/2016/01/04/donald-trump-brushes-off-use-of-his-words-in-extremist-recruitment-video/","",post,publish,exclude-legacy-post,no,no
"https://people.utm.my/murtadha/2016/01/04/the-movi-is-a-camera-that-makes-live-streaming-look-pretty/","",post,publish,exclude-legacy-post,no,no
"https://people.utm.my/murtadha/2016/01/03/boston-globe-reporters-and-editors-hit-streets-to-deliver-the-sunday-paper/","",post,publish,exclude-legacy-post,no,no
"https://people.utm.my/murtadha/2016/01/03/the-fight-to-end-sexual-harassment-in-progressive-politics/","",post,publish,exclude-legacy-post,no,no
"https://people.utm.my/murtadha/2016/01/03/mexico-mayor-killed-just-one-day-after-taking-office/","",post,publish,exclude-legacy-post,no,no
"https://people.utm.my/murtadha/2016/01/03/the-100-best-food-pairings-ever/","",post,publish,exclude-legacy-post,no,no
"https://people.utm.my/murtadha/2016/01/03/10-movies-turning-10-in-2016/","",post,publish,exclude-legacy-post,no,no
"https://people.utm.my/murtadha/2016/01/03/militia-group-led-by-bundy-brothers-seizes-federal-building-after-protest/","",post,publish,exclude-legacy-post,no,no
"https://people.utm.my/murtadha/2016/01/03/australia-is-obsessed-with-this-cricket-fan-who-devoured-an-entire-watermelon/","",post,publish,exclude-legacy-post,no,no
"https://people.utm.my/murtadha/2016/01/03/postal-service-honors-pluto-mission-star-trek-in-new-space-themed-stamp-collections/","",post,publish,exclude-legacy-post,no,no
"https://people.utm.my/murtadha/2016/01/03/protesters-set-fire-to-saudi-embassy-in-iran-after-prominent-clerics-execution/","",post,publish,exclude-legacy-post,no,no
"https://people.utm.my/murtadha/2016/01/03/twins-born-on-new-years-eve-have-birthdays-in-different-years/","",post,publish,exclude-legacy-post,no,no
"https://people.utm.my/murtadha/2016/01/03/game-of-thrones-author-george-r-r-martin-is-just-too-busy-to-finish-latest-book/","",post,publish,exclude-legacy-post,no,no
"https://people.utm.my/murtadha/2016/01/03/the-internet-really-really-doesnt-want-to-clean-for-the-queen/","",post,publish,exclude-legacy-post,no,no
"https://people.utm.my/murtadha/2016/01/03/no-one-was-happy-about-ubers-surge-pricing-on-new-years-eve/","",post,publish,exclude-legacy-post,no,no
"https://people.utm.my/murtadha/2016/01/02/al-qaeda-affiliate-uses-trumps-anti-muslim-statements-in-recruitment-video/","",post,publish,exclude-legacy-post,no,no
"https://people.utm.my/murtadha/2016/01/02/chinese-artist-ai-weiwei-visits-lesbos-to-create-art-about-refugees/","",post,publish,exclude-legacy-post,no,no
"https://people.utm.my/murtadha/2016/01/02/what-works-and-what-doesnt-for-new-years-resolutions/","",post,publish,exclude-legacy-post,no,no
"https://people.utm.my/murtadha/2016/01/02/7-simple-meditation-methods-to-help-improve-your-daily-life/","",post,publish,exclude-legacy-post,no,no
"https://people.utm.my/murtadha/2016/01/02/refugees-life-jackets-are-transformed-into-message-of-peace-on-greek-island/","",post,publish,exclude-legacy-post,no,no
"https://people.utm.my/murtadha/2016/01/02/belum-ada-keputusan-penajaan-qu-puteh-datuk-seri-vida/","",post,publish,exclude-legacy-post,no,no
"https://people.utm.my/murtadha/2016/01/02/group-says-bbc-website-hack-was-a-test-for-attack-on-isis/","",post,publish,exclude-legacy-post,no,no
"https://people.utm.my/murtadha/2016/01/02/saudi-arabia-executes-47-including-the-critical-shiite-cleric-al-nimr/","",post,publish,exclude-legacy-post,no,no
"https://people.utm.my/murtadha/2016/01/02/sherlock-special-recap-the-abominable-bride-cleverly-marries-mystery-with-mythology/","",post,publish,exclude-legacy-post,no,no
"https://people.utm.my/murtadha/2016/01/02/oldest-black-rhino-in-north-america-celebrates-her-45th-birthday/","",post,publish,exclude-legacy-post,no,no
"https://people.utm.my/murtadha/2016/01/02/fans-blame-carlycurse-after-fiorina-roots-for-iowa-in-the-rose-bowl/","",post,publish,exclude-legacy-post,no,no
"https://people.utm.my/murtadha/2016/01/02/10-games-were-most-looking-forward-to-in-2016/","",post,publish,exclude-legacy-post,no,no
"https://people.utm.my/murtadha/2016/01/02/flood-recedes-near-st-louis-but-southern-states-still-have-fight-ahead/","",post,publish,exclude-legacy-post,no,no
"https://people.utm.my/murtadha/2016/01/02/someone-wrote-trump-is-disgusting-in-the-sky-above-the-rose-parade/","",post,publish,exclude-legacy-post,no,no
"https://people.utm.my/murtadha/2016/01/02/bill-cosbys-wife-camille-may-be-required-to-testify-in-case-against-him/","",post,publish,exclude-legacy-post,no,no
"https://people.utm.my/murtadha/2016/01/02/natalie-cole-unforgettable-grammy-winning-singer-has-died/","",post,publish,exclude-legacy-post,no,no
"https://people.utm.my/murtadha/2016/01/02/why-is-the-internet-obsessed-with-disney-princesses/","",post,publish,exclude-legacy-post,no,no
"https://people.utm.my/murtadha/2016/01/02/7-new-years-day-tv-marathons-for-when-netflix-is-too-complicated/","",post,publish,exclude-legacy-post,no,no
"https://people.utm.my/murtadha/2016/01/02/the-year-in-bad-blood-celebrity-beefs-that-got-real-in-2015/","",post,publish,exclude-legacy-post,no,no
"https://people.utm.my/murtadha/2016/01/02/7-tech-trends-that-will-rule-ces-2016/","",post,publish,exclude-legacy-post,no,no
"https://people.utm.my/murtadha/2016/01/01/tel-aviv-shooting-leaves-at-least-two-dead/","",post,publish,exclude-legacy-post,no,no
"https://people.utm.my/murtadha/2016/01/01/11-unsolved-mysteries-that-still-need-answers-in-2016/","",post,publish,exclude-legacy-post,no,no
"https://people.utm.my/murtadha/2016/01/01/markah-tampal-digital/","",post,publish,exclude-legacy-post,no,no
"https://people.utm.my/murtadha/2016/01/01/19-kissers-who-shouldve-stayed-home-on-new-years-eve/","",post,publish,exclude-legacy-post,no,no
"https://people.utm.my/murtadha/2016/01/01/oculus-pushes-touch-release-date-to-second-half-of-2016/","",post,publish,exclude-legacy-post,no,no
"https://people.utm.my/murtadha/2016/01/01/16-tv-shows-turning-16-in-2016/","",post,publish,exclude-legacy-post,no,no
"https://people.utm.my/murtadha/2016/01/01/10-exercises-for-people-with-honest-new-years-resolutions/","",post,publish,exclude-legacy-post,no,no
"https://people.utm.my/murtadha/2016/01/01/9-free-apps-thatll-help-you-reach-and-keep-your-new-years-resolutions/","",post,publish,exclude-legacy-post,no,no
"https://people.utm.my/murtadha/2016/01/01/munich-train-stations-reopen-but-terror-warnings-remain/","",post,publish,exclude-legacy-post,no,no
"https://people.utm.my/murtadha/2016/01/01/17-firework-filled-photos-of-britain-ringing-in-2016/","",post,publish,exclude-legacy-post,no,no
"https://people.utm.my/murtadha/2016/01/01/new-years-google-doodle-hatches-unexpected-surprise/","",post,publish,exclude-legacy-post,no,no
"https://people.utm.my/murtadha/2016/01/01/elon-musk-the-falcon-9-rocket-is-ready-to-fire-again/","",post,publish,exclude-legacy-post,no,no
"https://people.utm.my/murtadha/2016/01/01/kanye-west-debuts-new-track-facts-slams-nike-a-lot/","",post,publish,exclude-legacy-post,no,no
"https://people.utm.my/murtadha/2016/01/01/online-video-chased-millennial-moms-in-2015-with-snooki-and-jwowws-help/","",post,publish,exclude-legacy-post,no,no
"https://people.utm.my/murtadha/2016/01/01/3-things-we-learned-from-the-latest-hillary-clinton-email-dump/","",post,publish,exclude-legacy-post,no,no
"https://people.utm.my/murtadha/2016/01/01/star-wars-the-force-awakens-is-the-best-movie-of-2015-our-top-10/","",post,publish,exclude-legacy-post,no,no
"https://people.utm.my/murtadha/2016/01/01/a-kayaker-with-a-gopro-managed-to-rescue-a-scared-little-squirrel-in-a-flood/","",post,publish,exclude-legacy-post,no,no
"https://people.utm.my/murtadha/2016/01/01/totally-chill-cat-is-totally-terrified-of-this-inanimate-object/","",post,publish,exclude-legacy-post,no,no
"https://people.utm.my/murtadha/2016/01/01/grisly-death-on-cruise-ship-resembled-scene-of-the-shining/","",post,publish,exclude-legacy-post,no,no
"https://people.utm.my/murtadha/2016/01/01/mom-of-9-month-old-thanks-southwest-flight-attendant-for-going-above-and-beyond/","",post,publish,exclude-legacy-post,no,no
"https://people.utm.my/murtadha/2016/01/01/russia-sentences-blogger-to-5-years-in-siberian-prison-as-internet-crackdown-intensifies/","",post,publish,exclude-legacy-post,no,no
"https://people.utm.my/murtadha/2016/01/01/watch-the-moment-flames-engulfed-the-63-story-address-hotel-in-dubai/","",post,publish,exclude-legacy-post,no,no
"https://people.utm.my/murtadha/2016/01/01/this-is-not-a-drill-someone-made-a-pie-out-of-an-in-n-out-burger/","",post,publish,exclude-legacy-post,no,no
"https://people.utm.my/murtadha/2016/01/01/senator-remembers-2015s-mass-shootings-one-tweet-at-a-time/","",post,publish,exclude-legacy-post,no,no
"https://people.utm.my/murtadha/2016/01/01/cities-across-asia-celebrate-the-new-year-with-bells-balloons-and-fireworks/","",post,publish,exclude-legacy-post,no,no
"https://people.utm.my/murtadha/2016/01/01/george-lucas-clarifies-white-slavers-comment-disney-is-doing-an-incredible-job/","",post,publish,exclude-legacy-post,no,no
"https://people.utm.my/murtadha/2016/01/01/8-stunning-australian-beaches-that-will-cure-your-hangover/","",post,publish,exclude-legacy-post,no,no
"https://people.utm.my/murtadha/2016/01/01/a-brilliant-way-to-avoid-awkward-kiss-encounters-at-a-new-years-eve-party/","",post,publish,exclude-legacy-post,no,no
"https://people.utm.my/murtadha/2016/01/01/disneys-vomit-worthy-method-of-promoting-the-college-football-playoffs/","",post,publish,exclude-legacy-post,no,no
"https://people.utm.my/murtadha/2016/01/01/now-you-can-temporarily-tattoo-your-baby-to-be-as-hipster-as-you/","",post,publish,exclude-legacy-post,no,no
"https://people.utm.my/murtadha/2016/01/01/its-happening-lcd-soundsystem-and-guns-n-roses-to-reunite-at-coachella/","",post,publish,exclude-legacy-post,no,no
"https://people.utm.my/murtadha/2016/01/01/jennifer-lawrence-didnt-get-the-pizza-she-wanted-after-winning-an-oscar/","",post,publish,exclude-legacy-post,no,no
"https://people.utm.my/murtadha/2016/01/01/new-years-eve-security-ramps-up-around-the-world/","",post,publish,exclude-legacy-post,no,no
"https://people.utm.my/murtadha/2016/01/01/massive-fire-breaks-out-at-downtown-dubai-hotel-near-new-years-celebration/","",post,publish,exclude-legacy-post,no,no
"https://people.utm.my/murtadha/2016/01/01/location-datas-dirty-secret-how-accuracy-is-getting-lost-in-todays-data-shuffle/","",post,publish,exclude-legacy-post,no,no
"https://people.utm.my/murtadha/2016/01/01/5-apps-to-help-you-get-through-that-new-years-day-hangover/","",post,publish,exclude-legacy-post,no,no
"https://people.utm.my/murtadha/2016/01/01/these-13-annoying-words-are-banned-from-2016/","",post,publish,exclude-legacy-post,no,no
"https://people.utm.my/murtadha/2016/01/01/7-facts-about-new-years-eve-celebrations-from-around-the-world/","",post,publish,exclude-legacy-post,no,no
"https://people.utm.my/murtadha/2016/01/01/whatsapp-suffers-brief-outage-causes-massive-freakout-among-users/","",post,publish,exclude-legacy-post,no,no
"https://people.utm.my/murtadha/2016/01/01/kendrick-lamar-shot-a-7-minute-long-film-at-david-lynchs-nightclub/","",post,publish,exclude-legacy-post,no,no
"https://people.utm.my/murtadha/2016/01/01/sprm-serah-kertas-siasatan-src-rm2-6b-kepada-peguam-negara/","",post,publish,exclude-legacy-post,no,no
"https://people.utm.my/murtadha/2016/01/01/allstates-mayhem-guy-will-recreate-real-peoples-diy-video-fails/","",post,publish,exclude-legacy-post,no,no
"https://people.utm.my/murtadha/2016/01/01/grandma-and-grandpa-somehow-look-exactly-like-taylor-swift-and-hugh-hefner/","",post,publish,exclude-legacy-post,no,no
"https://people.utm.my/murtadha/2016/01/01/clever-dad-transforms-his-baby-son-into-whimsical-characters-with-snapchat/","",post,publish,exclude-legacy-post,no,no
"https://people.utm.my/murtadha/2016/01/01/bill-cosbys-lawyer-calls-sexual-assault-charges-politically-motivated/","",post,publish,exclude-legacy-post,no,no
"https://people.utm.my/murtadha/2016/01/01/sydney-celebrates-new-years-with-massive-fireworks-display/","",post,publish,exclude-legacy-post,no,no
"https://people.utm.my/murtadha/2016/01/01/check-out-this-photo-by-tangota%f0%9f%87%b2%f0%9f%87%be-at-httpst-cokjtbdep8lg-via-eyeem/","",post,publish,exclude-legacy-post,no,no
"https://people.utm.my/murtadha/2016/01/01/check-out-this-photo-by-tangota%f0%9f%87%b2%f0%9f%87%be-on-eyeem-httpst-colitpqmreg9-anniketiara/","",post,publish,exclude-legacy-post,no,no
"https://people.utm.my/murtadha/2016/01/01/rt-eyeem-happy-new-year-from-your-eyeem-team-heres-to-an-amazing-2016-%f0%9f%92%96-httpst-co8vn9mgqfgi/","",post,publish,exclude-legacy-post,no,no
"https://people.utm.my/murtadha/2016/01/01/european-space-agency-is-shooting-for-a-moon-base-by-the-2030s/","",post,publish,exclude-legacy-post,no,no
"https://people.utm.my/murtadha/2016/01/01/hive-pirate-group-sorry-for-leaking-excellent-tarantino-movie/","",post,publish,exclude-legacy-post,no,no
"https://people.utm.my/murtadha/2016/01/01/these-brands-all-epically-failed-in-wishing-everyone-a-happy-new-year/","",post,publish,exclude-legacy-post,no,no
"https://people.utm.my/murtadha/2016/01/01/idris-elba-damon-albarn-and-ebola-fighters-among-new-years-honours-recipients/","",post,publish,exclude-legacy-post,no,no
"https://people.utm.my/murtadha/2016/01/01/the-bbc-website-was-attacked-and-the-internet-thought-the-world-had-ended/","",post,publish,exclude-legacy-post,no,no
"https://people.utm.my/murtadha/2016/01/01/the-enduring-allure-of-new-years-eve-in-times-square/","",post,publish,exclude-legacy-post,no,no
"https://people.utm.my/murtadha/2016/01/01/11-guilty-pleasure-food-instagrams-to-indulge-your-hangover/","",post,publish,exclude-legacy-post,no,no
"https://people.utm.my/murtadha/2016/01/01/heres-how-delhis-odd-even-car-restrictions-for-curbing-air-pollution-will-work-from-jan-1/","",post,publish,exclude-legacy-post,no,no
"https://people.utm.my/murtadha/2016/01/01/7-things-we-learned-about-star-wars-the-force-awakens-from-its-music/","",post,publish,exclude-legacy-post,no,no
"https://people.utm.my/murtadha/2016/01/01/11-british-people-who-should-definitely-get-new-years-honours-for-outstanding-work/","",post,publish,exclude-legacy-post,no,no
"https://people.utm.my/murtadha/2016/01/01/this-is-what-happens-when-an-8-year-old-dubs-shia-labeouf/","",post,publish,exclude-legacy-post,no,no
"https://people.utm.my/murtadha/2016/01/01/we-read-your-best-youtube-comments-of-2016-and-recorded-our-reactions/","",post,publish,exclude-legacy-post,no,no
"https://people.utm.my/murtadha/2016/01/01/avoid-the-crowds-and-live-stream-the-times-square-ball-drop-on-new-years-eve-instead/","",post,publish,exclude-legacy-post,no,no
"https://people.utm.my/murtadha/2016/01/01/affluenza-teens-mom-arrives-in-the-u-s-after-mexico-deports-her/","",post,publish,exclude-legacy-post,no,no
"https://people.utm.my/murtadha/2016/01/01/facebook-mistakenly-congratulated-all-these-people-on-46-years-of-friendship/","",post,publish,exclude-legacy-post,no,no
"https://people.utm.my/murtadha/2016/01/01/its-2016-somewhere-midnight-around-the-world/","",post,publish,exclude-legacy-post,no,no
"https://people.utm.my/murtadha/2016/01/01/from-bill-cosby-to-pharma-bro-all-the-ways-karma-worked-in-2015/","",post,publish,exclude-legacy-post,no,no
"https://people.utm.my/murtadha/2016/01/01/this-is-what-happens-when-you-try-to-take-a-stealthy-picture-of-elton-john/","",post,publish,exclude-legacy-post,no,no
"https://people.utm.my/murtadha/2016/01/01/try-a-smoky-eye-to-ring-in-the-new-year-with-flair/","",post,publish,exclude-legacy-post,no,no
"https://people.utm.my/murtadha/2016/01/01/london-to-deploy-all-armed-police-on-new-years-eve-amid-european-terror-threat/","",post,publish,exclude-legacy-post,no,no
"https://people.utm.my/murtadha/2016/01/01/ring-in-2016-with-7-new-years-eve-facts/","",post,publish,exclude-legacy-post,no,no
"https://people.utm.my/murtadha/2016/01/01/the-biggest-hits-of-2015-played-on-household-items/","",post,publish,exclude-legacy-post,no,no
"https://people.utm.my/murtadha/2016/01/01/14-books-to-help-you-live-your-best-damn-life-in-2016/","",post,publish,exclude-legacy-post,no,no
"https://people.utm.my/murtadha/2016/01/01/politwoops-is-back-to-show-you-all-the-embarrassing-tweets-politicians-delete/","",post,publish,exclude-legacy-post,no,no
"https://people.utm.my/murtadha/2016/01/01/grim-footage-shows-mobile-home-floating-down-flooded-scottish-river/","",post,publish,exclude-legacy-post,no,no
"https://people.utm.my/murtadha/2016/01/01/some-dude-sent-his-fiancs-engagement-ring-into-space-on-a-spatula/","",post,publish,exclude-legacy-post,no,no
"https://people.utm.my/murtadha/2016/01/01/apple-faces-5-million-lawsuit-over-allegedly-slowing-the-iphone-4s-with-ios-9/","",post,publish,exclude-legacy-post,no,no
"https://people.utm.my/murtadha/2016/01/01/fashionable-cockatoo-wants-the-world-to-know-shes-boss/","",post,publish,exclude-legacy-post,no,no
"https://people.utm.my/murtadha/2016/01/01/class-it-up-this-new-years-with-these-champagne-jello-shots/","",post,publish,exclude-legacy-post,no,no
"https://people.utm.my/murtadha/2016/01/01/champagne-jell-o-shots-are-full-of-fizzy-fun-for-new-years-eve/","",post,publish,exclude-legacy-post,no,no
"https://people.utm.my/murtadha/2015/12/31/sprm-serah-kertas-siasatan-src-dana-rm2-b-kepada-peguam-negara/","",post,publish,exclude-legacy-post,no,no
"https://people.utm.my/murtadha/2015/12/31/lppsa-kekal-syarat-kelayakan-kadar-faedah-4-peratus/","",post,publish,exclude-legacy-post,no,no
"https://people.utm.my/murtadha/2015/12/31/ramalan-air-pasang-besar-di-kelantan/","",post,publish,exclude-legacy-post,no,no
"https://people.utm.my/murtadha/2015/12/31/shaharuddin-ganti-zainal-kendali-pahang/","",post,publish,exclude-legacy-post,no,no
"https://people.utm.my/murtadha/2015/12/31/banjir-selangor-paling-teruk-sejak-20-tahun-mangsa/","",post,publish,exclude-legacy-post,no,no
"https://people.utm.my/murtadha/2015/12/31/rang-undang-undang-perbekalan-2016-diluluskan/","",post,publish,exclude-legacy-post,no,no
"https://people.utm.my/murtadha/2015/12/31/klia-aeropolis-lonjak-ekonomi-negara/","",post,publish,exclude-legacy-post,no,no
"https://people.utm.my/murtadha/2015/12/31/atlet-bina-badan-beri-keterangan-kepada-mbbf/","",post,publish,exclude-legacy-post,no,no
"https://people.utm.my/murtadha/2015/12/31/bapa-masih-sihat-anak-jins-shamsudin/","",post,publish,exclude-legacy-post,no,no
"https://people.utm.my/murtadha/2015/12/31/akhirnya-chelsea-pecat-mourinho/","",post,publish,exclude-legacy-post,no,no
"https://people.utm.my/murtadha/2015/12/31/gempa-bumi-6-4-magnitud-gegar-selatan-mexico/","",post,publish,exclude-legacy-post,no,no
"https://people.utm.my/murtadha/2015/12/31/malaysia-tarik-pelaburan-rm153-2b-dalam-tempoh-9-bulan/","",post,publish,exclude-legacy-post,no,no
"https://people.utm.my/murtadha/2015/12/31/selangor-sambar-4-tonggak-pahang/","",post,publish,exclude-legacy-post,no,no
"https://people.utm.my/murtadha/2015/12/31/gempa-kuat-6-3-magnitud-gegar-kepulauan-vanuatu/","",post,publish,exclude-legacy-post,no,no
"https://people.utm.my/murtadha/2015/12/31/datuk-seri-dalang-pemerdagangan-manusia-tpm/","",post,publish,exclude-legacy-post,no,no
"https://people.utm.my/murtadha/2015/12/31/lima-sekeluarga-lemas-ketika-mandi-di-air-terjun/","",post,publish,exclude-legacy-post,no,no
"https://people.utm.my/murtadha/2015/12/31/lima-sekeluarga-korban-tragedi-air-terjun-belukar-bukit-selamat-dikebumikan/","",post,publish,exclude-legacy-post,no,no
"https://people.utm.my/murtadha/2015/12/31/is-ancam-serang-arab-saudi/","",post,publish,exclude-legacy-post,no,no
"https://people.utm.my/murtadha/2015/12/31/4-daripada-118-penumpang-kapal-hilang-ditemui-selamat/","",post,publish,exclude-legacy-post,no,no
"https://people.utm.my/murtadha/2015/12/31/wanita-maut-ditikam-suami/","",post,publish,exclude-legacy-post,no,no
"https://people.utm.my/murtadha/2015/12/31/malaysia-bebas-ancaman-virus-zika/","",post,publish,exclude-legacy-post,no,no
"https://people.utm.my/murtadha/2015/12/31/11-pelancong-malaysia-maut-nahas-bas-di-thailand/","",post,publish,exclude-legacy-post,no,no
"https://people.utm.my/murtadha/2015/12/31/13-rakyat-malaysia-terbunuh-nahas-bas-thai/","",post,publish,exclude-legacy-post,no,no
"https://people.utm.my/murtadha/2015/12/31/25-maut-lebih-100-cedera-hospital-terbakar-di-arab-saudi/","",post,publish,exclude-legacy-post,no,no
"https://people.utm.my/murtadha/2015/12/31/dua-beradik-ditemui-lemas-nenek-dan-cucu-hilang/","",post,publish,exclude-legacy-post,no,no
"https://people.utm.my/murtadha/2015/12/31/mayat-mangsa-terakhir-rakit-terbalik-ditemui/","",post,publish,exclude-legacy-post,no,no
"https://people.utm.my/murtadha/2015/12/31/empat-pendaki-hilang-ditemui/","",post,publish,exclude-legacy-post,no,no
"https://people.utm.my/murtadha/2015/12/31/ribuan-pelancong-terkandas-di-langkawi/","",post,publish,exclude-legacy-post,no,no
"https://people.utm.my/murtadha/2015/12/31/penguat-kuasa-kpdnkk-pantau-penjualan-telefon-bimbit/","",post,publish,exclude-legacy-post,no,no
"https://people.utm.my/murtadha/2015/12/31/iss-boleh-dilihat-dengan-mata-kasar-malam-ini/","",post,publish,exclude-legacy-post,no,no
"https://people.utm.my/murtadha/2015/12/31/14-2-juta-tenaga-kerja-malaysia-produktif/","",post,publish,exclude-legacy-post,no,no
"https://people.utm.my/murtadha/2015/12/31/special-topic-data-aggregation-distortion-and-repudiation/","",post,publish,exclude-legacy-post,no,no
"https://people.utm.my/murtadha/2015/12/31/special-topic-sink-hole-and-false-routing/","",post,publish,exclude-legacy-post,no,no
"https://people.utm.my/murtadha/2015/12/31/special-topic-selective-forwarding/","",post,publish,exclude-legacy-post,no,no
"https://people.utm.my/murtadha/2015/12/31/special-topic-node-replication/","",post,publish,exclude-legacy-post,no,no
"https://people.utm.my/murtadha/2015/12/31/special-topic-sybil/","",post,publish,exclude-legacy-post,no,no
"https://people.utm.my/murtadha/2015/12/31/special-topics-spoofing-and-homing/","",post,publish,exclude-legacy-post,no,no
"https://people.utm.my/murtadha/2015/12/31/special-topic-wormhole/","",post,publish,exclude-legacy-post,no,no
"https://people.utm.my/murtadha/2015/12/31/node_replication/","",post,publish,exclude-legacy-post,no,no
"https://people.utm.my/murtadha/2015/12/30/check-out-this-photo-by-tangota%f0%9f%87%b2%f0%9f%87%be-on-eyeem-httpst-coldalxf0syj/","",post,publish,exclude-legacy-post,no,no
"https://people.utm.my/murtadha/2015/12/30/check-out-this-photo-by-tangota%f0%9f%87%b2%f0%9f%87%be-on-eyeem-httpst-co3weongtnnr/","",post,publish,exclude-legacy-post,no,no
"https://people.utm.my/murtadha/2015/12/30/irb-robot-path-9/","",post,publish,exclude-legacy-post,no,no
"https://people.utm.my/murtadha/2015/12/30/irb-robot-path-8/","",post,publish,exclude-legacy-post,no,no
"https://people.utm.my/murtadha/2015/12/30/irb-robot-path-7/","",post,publish,exclude-legacy-post,no,no
"https://people.utm.my/murtadha/2015/12/30/irb-robot-path-6/","",post,publish,exclude-legacy-post,no,no
"https://people.utm.my/murtadha/2015/12/30/irb-robot-path-5/","",post,publish,exclude-legacy-post,no,no
"https://people.utm.my/murtadha/2015/12/30/irb-robot-path-4/","",post,publish,exclude-legacy-post,no,no
"https://people.utm.my/murtadha/2015/12/30/irb-robot-path-3/","",post,publish,exclude-legacy-post,no,no
"https://people.utm.my/murtadha/2015/12/30/irb-robot-path-2/","",post,publish,exclude-legacy-post,no,no
"https://people.utm.my/murtadha/2015/12/30/irb-robot-path-1/","",post,publish,exclude-legacy-post,no,no
"https://people.utm.my/murtadha/2015/12/30/scopus-indexed-for-offline-beacon-selection-article/","",post,publish,exclude-legacy-post,no,no
"https://people.utm.my/murtadha/2015/12/30/sijil-penghargaan-bengkel-penyelesaian-masalah/","",post,publish,exclude-legacy-post,no,no
"https://people.utm.my/murtadha/2015/12/30/sijil-penghargaan-bengkel-robokar/","",post,publish,exclude-legacy-post,no,no
"https://people.utm.my/murtadha/2015/12/30/certificate-appreciation-pars-0215/","",post,publish,exclude-legacy-post,no,no
"https://people.utm.my/murtadha/2015/12/30/table-of-content-ijsia-vol-9-no-11-2015/","",post,publish,exclude-legacy-post,no,no
"https://people.utm.my/murtadha/2015/12/30/hakcipta-book-chapter-2015/","",post,publish,exclude-legacy-post,no,no
"https://people.utm.my/murtadha/2015/12/30/walkthrough-panduan-mendapatkan-markah-web-2015/","",post,publish,exclude-legacy-post,no,no
"https://people.utm.my/murtadha/2015/12/30/book-chapter-2015-pervasive-computing-and-communication/","",post,publish,exclude-legacy-post,no,no
"https://people.utm.my/murtadha/2015/12/28/contoh-soalan-akhir-logik-digital/","",post,publish,exclude-legacy-post,no,no
"https://people.utm.my/murtadha/2015/12/25/chapter-6-wireless-and-mobile-networks/","",post,publish,exclude-legacy-post,no,no
"https://people.utm.my/murtadha/2015/12/15/scsr1023-2015-2016-sem-1-space/","",post,publish,exclude-legacy-post,no,no
"https://people.utm.my/murtadha/2015/05/08/super/","",post,publish,exclude-legacy-post,no,no
"https://people.utm.my/murtadha/2014/09/13/computer-organization-and-architecture/","",post,publish,exclude-legacy-post,no,no
"https://people.utm.my/murtadha/2014/02/24/netcomm14-chapter-2/","",post,publish,exclude-legacy-post,no,no
"https://people.utm.my/murtadha/2014/02/23/399/","",post,publish,exclude-legacy-post,no,no
"https://people.utm.my/murtadha/2013/12/22/space-application-development-update/","",post,publish,exclude-legacy-post,no,no
"https://people.utm.my/murtadha/2013/12/16/space-application-development/","",post,publish,exclude-legacy-post,no,no
"https://people.utm.my/murtadha/2013/11/24/nasdec-2013-dinner-ugandan-sings-malay-song/","",post,publish,exclude-legacy-post,no,no
"https://people.utm.my/murtadha/2013/11/13/377/","",post,publish,exclude-legacy-post,no,no
"https://people.utm.my/murtadha/2013/10/31/penang-kuiz-1/","",post,publish,exclude-legacy-post,no,no
"https://people.utm.my/murtadha/2013/10/07/adv-computer-sys-arch-mcc2313-assignment-2/","",post,publish,exclude-legacy-post,no,no
"https://people.utm.my/murtadha/2013/08/02/felogera/","",post,publish,exclude-legacy-post,no,no
"https://people.utm.my/murtadha/2012/10/05/scj1023cm/","",post,publish,exclude-legacy-post,no,no
"https://people.utm.my/murtadha/2012/10/04/trip-to-nus/","",post,publish,exclude-legacy-post,no,no
"https://people.utm.my/murtadha/2012/10/04/testing-to-facebook/","",post,publish,exclude-legacy-post,no,no
